project_id,state,district,project_type,priority,current_stage,land_area_hectares,affected_owner_count,household_count,project_value_cr,compensation_offered_cr,compensation_paid_cr,compensation_pending_cr,compensation_paid_ratio,pending_document_count,document_pending_ratio,pending_approval_count,approval_age_days,objection_count,court_stay_flag,legal_issue_count,utility_shift_pending,forest_clearance_pending,railway_crossing_pending,stage_age_days,project_age_days,days_to_target,overall_progress_pct,progress_gap,district_delay_rate,past_delay_count,ground_truth_prob,delay_flag,delay_days
LA-2026-1001,Uttar Pradesh,Lucknow,Urban Metro Transit Extension,Critical,Stage 2: Section 11 Notification,116.92,760,625,199.39,69.81,3.28,66.53,0.047,5,0.152,6,4,13,1,15,0,0,0,36,101,307,0.98,23.8,0.39,5,0.751,1,172
LA-2026-1002,Madhya Pradesh,Indore,Major Irrigation & Canal,Critical,Stage 6: Land Possession & Handover,48.4,159,113,147.13,53.66,52.75,0.91,0.983,8,0.364,2,27,4,0,4,0,1,0,118,111,75,0.98,58.7,0.22,0,0.604,1,292
LA-2026-1003,Odisha,Jajpur,Renewable Energy Solar Park,Critical,Stage 6: Land Possession & Handover,6.37,61,50,86.52,22.52,16.15,6.37,0.717,12,0.8,1,70,0,0,0,0,0,0,147,265,-41,0.98,99.0,0.349,2,0.606,1,189
LA-2026-1004,Karnataka,Bengaluru Rural,National Highway Corridor,High,Stage 6: Land Possession & Handover,72.25,287,283,376.35,161.59,138.0,23.59,0.854,12,0.8,4,58,2,0,2,0,0,1,69,111,365,0.98,22.3,0.484,2,0.409,0,0
LA-2026-1005,Uttar Pradesh,Prayagraj,Urban Metro Transit Extension,High,Stage 2: Section 11 Notification,31.91,273,295,126.47,42.86,5.87,36.99,0.137,8,0.333,8,28,0,0,0,0,0,0,128,113,317,0.98,25.3,0.38,1,0.466,0,0
LA-2026-1006,Maharashtra,Thane,Major Irrigation & Canal,Critical,Stage 4: Section 19 Declaration,34.53,115,109,196.13,103.54,57.67,45.87,0.557,15,0.833,6,113,3,0,3,0,0,0,90,320,76,0.98,79.8,0.412,1,0.658,1,131
LA-2026-1007,Tamil Nadu,Tiruchirappalli,Major Irrigation & Canal,Cabinet Fast-Track,Stage 4: Section 19 Declaration,81.06,380,317,200.88,96.07,51.01,45.06,0.531,2,0.074,0,0,4,0,4,1,1,0,140,100,304,0.98,23.8,0.274,5,0.72,1,135
LA-2026-1008,Madhya Pradesh,Ujjain,National Highway Corridor,Cabinet Fast-Track,Stage 6: Land Possession & Handover,37.08,244,163,175.75,54.64,35.3,19.34,0.646,27,0.931,0,0,5,0,5,0,0,0,74,571,88,0.98,85.7,0.262,2,0.752,1,144
LA-2026-1009,Uttar Pradesh,Noida,Major Irrigation & Canal,High,Stage 1: Preliminary Survey & SIA,187.58,870,676,657.44,292.11,50.83,241.28,0.174,24,0.857,2,64,11,0,11,0,0,0,77,274,-91,0.98,99.0,0.492,4,0.808,1,123
LA-2026-1010,Karnataka,Mysuru,Industrial Smart City Corridor,High,Stage 3: Section 15 Hearing & Objections,105.22,466,499,258.63,119.2,20.98,98.22,0.176,15,0.682,0,0,6,1,9,0,0,0,163,30,693,0.98,4.0,0.224,0,0.98,1,224
LA-2026-1011,Karnataka,Mangaluru,National Highway Corridor,Normal,Stage 4: Section 19 Declaration,32.76,288,270,145.86,60.66,11.1,49.56,0.183,4,0.25,7,70,2,0,2,0,0,0,146,100,577,0.98,13.8,0.287,4,0.565,1,220
LA-2026-1012,Karnataka,Belagavi,Major Irrigation & Canal,Critical,Stage 4: Section 19 Declaration,48.25,381,387,116.5,30.55,3.39,27.16,0.111,7,0.368,1,43,3,0,3,0,0,0,40,492,217,0.98,68.4,0.227,0,0.636,1,146
LA-2026-1013,Uttar Pradesh,Lucknow,High-Speed Rail / DFC,Normal,Stage 4: Section 19 Declaration,46.56,388,363,168.94,69.68,32.19,37.49,0.462,8,0.421,7,27,7,0,7,0,0,1,141,102,416,0.98,18.7,0.391,3,0.653,1,260
LA-2026-1014,Madhya Pradesh,Indore,National Highway Corridor,Normal,Stage 2: Section 11 Notification,107.44,843,879,412.07,113.42,22.34,91.08,0.197,14,0.56,0,0,18,0,18,1,0,0,118,392,229,0.98,62.1,0.208,6,0.803,1,128
LA-2026-1015,Uttar Pradesh,Varanasi,High-Speed Rail / DFC,High,Stage 1: Preliminary Survey & SIA,5.43,45,37,160.14,48.49,8.49,40.0,0.175,8,0.471,7,31,0,0,0,1,0,0,118,173,466,0.98,26.1,0.426,0,0.566,1,116
LA-2026-1016,Maharashtra,Aurangabad,Rural Road Connectivity (PMGSY),Normal,Stage 6: Land Possession & Handover,113.49,514,439,330.84,141.26,88.0,53.26,0.623,15,0.556,3,110,11,0,11,0,0,0,114,115,307,0.98,26.3,0.327,2,0.638,1,448
LA-2026-1017,Rajasthan,Kota,Major Irrigation & Canal,Cabinet Fast-Track,Stage 5: Valuation & Compensation Award,187.73,1357,1444,512.55,276.31,91.46,184.85,0.331,9,0.692,8,7,17,0,17,0,0,0,65,181,193,0.98,47.4,0.214,6,0.764,1,226
LA-2026-1018,Gujarat,Ahmedabad,Renewable Energy Solar Park,Normal,Stage 2: Section 11 Notification,74.17,614,543,174.9,95.67,10.91,84.76,0.114,15,0.455,6,15,19,0,19,0,1,0,27,334,-84,0.98,99.0,0.181,0,0.674,1,84
LA-2026-1019,Madhya Pradesh,Ujjain,Renewable Energy Solar Park,Critical,Stage 3: Section 15 Hearing & Objections,58.26,366,327,66.63,33.1,1.99,31.11,0.06,8,0.421,6,16,5,0,5,0,0,0,90,372,17,0.98,94.6,0.25,0,0.826,1,122
LA-2026-1020,Maharashtra,Nashik,Renewable Energy Solar Park,Normal,Stage 3: Section 15 Hearing & Objections,91.24,647,701,264.78,97.87,7.24,90.63,0.074,4,0.2,5,112,6,1,8,1,0,0,139,248,482,0.98,33.0,0.298,5,0.98,1,313
LA-2026-1021,Tamil Nadu,Tiruchirappalli,Rural Road Connectivity (PMGSY),Normal,Stage 3: Section 15 Hearing & Objections,13.38,58,62,124.97,54.18,6.01,48.17,0.111,3,0.15,1,95,0,0,0,1,0,0,44,136,350,0.98,27.0,0.219,5,0.404,0,0
LA-2026-1022,Odisha,Sundargarh,Urban Metro Transit Extension,Critical,Stage 1: Preliminary Survey & SIA,6.23,33,21,157.35,47.61,2.62,44.99,0.055,10,0.714,6,106,2,0,2,1,0,0,23,287,393,0.98,41.2,0.445,5,0.633,1,113
LA-2026-1023,Tamil Nadu,Coimbatore,Urban Metro Transit Extension,Cabinet Fast-Track,Stage 4: Section 19 Declaration,258.2,2059,1251,937.44,386.05,150.95,235.1,0.391,2,0.133,2,69,42,1,45,1,1,0,12,604,13,0.98,96.9,0.232,2,0.737,1,144
LA-2026-1024,Odisha,Khurda,Industrial Smart City Corridor,High,Stage 2: Section 11 Notification,77.41,299,272,334.61,104.4,15.66,88.74,0.15,17,0.739,6,79,2,0,2,0,0,0,36,371,64,0.98,84.3,0.352,1,0.7,1,147
LA-2026-1025,Gujarat,Rajkot,National Highway Corridor,High,Stage 6: Land Possession & Handover,46.38,348,254,206.23,73.11,69.38,3.73,0.949,5,0.25,1,48,4,0,4,0,0,0,73,451,69,0.98,85.8,0.175,3,0.473,0,0
LA-2026-1026,Odisha,Jajpur,Rural Road Connectivity (PMGSY),High,Stage 4: Section 19 Declaration,116.81,429,381,455.59,146.51,64.46,82.05,0.44,8,0.364,1,98,7,1,11,0,0,0,112,128,76,0.98,61.8,0.427,0,0.954,1,143
LA-2026-1027,Uttar Pradesh,Noida,High-Speed Rail / DFC,Critical,Stage 5: Valuation & Compensation Award,101.0,569,468,216.77,97.93,56.9,41.03,0.581,23,1.0,5,55,8,0,8,0,0,1,121,335,-44,0.98,99.0,0.508,5,0.857,1,142
LA-2026-1028,Madhya Pradesh,Bhopal,Renewable Energy Solar Park,High,Stage 2: Section 11 Notification,86.85,285,231,187.2,96.89,13.95,82.94,0.144,19,0.864,5,84,5,0,5,0,0,0,180,101,520,0.98,15.3,0.298,3,0.75,1,301
LA-2026-1029,Odisha,Angul,Urban Metro Transit Extension,Critical,Stage 1: Preliminary Survey & SIA,109.69,639,518,381.75,151.86,12.3,139.56,0.081,24,0.727,2,78,8,0,8,0,0,0,117,128,182,0.98,40.3,0.415,1,0.974,1,166
LA-2026-1030,Madhya Pradesh,Ujjain,Renewable Energy Solar Park,Critical,Stage 6: Land Possession & Handover,285.74,776,681,493.62,260.33,165.83,94.5,0.637,15,0.536,2,84,9,1,12,0,0,0,64,482,150,0.98,75.3,0.253,2,0.799,1,110
LA-2026-1031,Karnataka,Mysuru,High-Speed Rail / DFC,Normal,Stage 6: Land Possession & Handover,34.65,305,320,81.31,43.51,37.07,6.44,0.852,7,0.5,6,113,4,0,4,1,0,0,166,273,157,0.98,62.5,0.241,1,0.65,1,159
LA-2026-1032,Gujarat,Ahmedabad,Rural Road Connectivity (PMGSY),Normal,Stage 2: Section 11 Notification,316.52,2690,1990,699.02,231.58,42.38,189.2,0.183,33,0.971,7,6,39,0,39,1,1,0,55,254,361,0.98,40.3,0.185,3,0.853,1,270
LA-2026-1033,Odisha,Angul,Renewable Energy Solar Park,Cabinet Fast-Track,Stage 6: Land Possession & Handover,50.03,385,421,153.52,55.92,50.66,5.26,0.906,8,0.308,3,107,5,0,5,0,0,0,131,192,444,0.98,29.2,0.425,2,0.627,1,245
LA-2026-1034,Rajasthan,Jaipur,Urban Metro Transit Extension,Critical,Stage 2: Section 11 Notification,129.55,1077,849,226.67,73.77,10.4,63.37,0.141,2,0.069,2,19,19,1,21,1,0,0,91,373,85,0.98,80.5,0.3,4,0.912,1,147
LA-2026-1035,Rajasthan,Alwar,National Highway Corridor,High,Stage 4: Section 19 Declaration,59.97,470,473,227.09,110.72,27.57,83.15,0.249,1,0.029,6,61,12,1,15,0,0,0,159,428,182,0.98,69.2,0.38,4,0.835,1,198
LA-2026-1036,Karnataka,Dharwad,High-Speed Rail / DFC,Critical,Stage 2: Section 11 Notification,35.07,223,239,181.7,72.25,13.29,58.96,0.184,21,0.955,6,92,5,1,9,0,0,0,109,59,618,0.98,7.7,0.217,4,0.875,1,136
LA-2026-1037,Maharashtra,Pune,Urban Metro Transit Extension,Cabinet Fast-Track,Stage 5: Valuation & Compensation Award,41.05,335,287,234.97,74.52,40.99,33.53,0.55,12,0.6,5,27,2,0,2,0,0,0,22,216,436,0.98,32.1,0.298,2,0.515,1,112
LA-2026-1038,Madhya Pradesh,Jabalpur,Rural Road Connectivity (PMGSY),Normal,Stage 1: Preliminary Survey & SIA,195.94,676,638,299.47,131.28,19.82,111.46,0.151,2,0.105,0,0,4,0,4,0,1,0,99,56,143,0.98,27.2,0.287,0,0.718,1,218
LA-2026-1039,Gujarat,Surat,High-Speed Rail / DFC,Cabinet Fast-Track,Stage 1: Preliminary Survey & SIA,24.97,148,106,155.59,72.53,5.37,67.16,0.074,22,0.846,4,98,1,0,1,0,0,0,65,318,-21,0.98,99.0,0.205,6,0.716,1,173
LA-2026-1040,Gujarat,Vadodara,National Highway Corridor,Normal,Stage 1: Preliminary Survey & SIA,7.63,105,90,58.79,21.35,2.97,18.38,0.139,9,0.643,3,13,1,0,1,0,0,0,60,436,128,0.98,76.3,0.189,6,0.654,1,115
LA-2026-1041,Maharashtra,Thane,Renewable Energy Solar Park,Cabinet Fast-Track,Stage 2: Section 11 Notification,137.32,798,693,441.8,167.66,27.5,140.16,0.164,21,0.656,0,0,10,0,10,1,0,0,139,100,459,0.98,16.9,0.484,5,0.854,1,208
LA-2026-1042,Rajasthan,Jodhpur,Major Irrigation & Canal,High,Stage 5: Valuation & Compensation Award,371.03,2318,1399,583.71,231.35,144.83,86.52,0.626,30,0.968,7,55,25,0,25,0,0,0,79,696,18,0.98,96.5,0.242,0,0.848,1,120
LA-2026-1043,Tamil Nadu,Salem,High-Speed Rail / DFC,Cabinet Fast-Track,Stage 4: Section 19 Declaration,5.45,84,57,154.31,64.35,22.14,42.21,0.344,27,1.0,5,23,0,0,0,0,0,1,17,374,194,0.98,64.9,0.216,4,0.52,1,154
LA-2026-1044,Tamil Nadu,Tiruchirappalli,National Highway Corridor,High,Stage 2: Section 11 Notification,52.1,309,203,177.98,75.53,7.18,68.35,0.095,17,0.63,3,88,3,0,3,0,0,1,114,398,29,0.98,92.2,0.239,2,0.716,1,126
LA-2026-1045,Karnataka,Dharwad,Urban Metro Transit Extension,High,Stage 2: Section 11 Notification,29.98,223,146,157.14,76.73,5.37,71.36,0.07,11,0.393,6,95,6,0,6,0,0,0,151,514,43,0.98,91.3,0.22,1,0.804,1,310
LA-2026-1046,Uttar Pradesh,Varanasi,Industrial Smart City Corridor,Normal,Stage 3: Section 15 Hearing & Objections,123.01,941,641,472.08,192.1,37.46,154.64,0.195,6,0.333,7,35,19,0,19,0,0,0,57,810,-82,0.98,99.0,0.432,0,0.782,1,211
LA-2026-1047,Karnataka,Belagavi,High-Speed Rail / DFC,Critical,Stage 4: Section 19 Declaration,57.8,281,230,196.11,72.06,42.3,29.76,0.587,8,0.5,0,0,2,0,2,0,0,1,146,44,445,0.98,8.0,0.179,6,0.437,0,0
LA-2026-1048,Rajasthan,Jaipur,Rural Road Connectivity (PMGSY),Normal,Stage 6: Land Possession & Handover,116.47,799,830,362.78,153.07,98.88,54.19,0.646,10,0.385,2,6,15,1,19,1,0,0,132,510,-39,0.98,99.0,0.263,4,0.773,1,144
LA-2026-1049,Maharashtra,Nagpur,High-Speed Rail / DFC,Critical,Stage 5: Valuation & Compensation Award,124.43,409,268,411.77,152.02,83.31,68.71,0.548,19,0.76,3,99,7,0,7,0,0,0,152,90,344,0.98,19.8,0.279,2,0.843,1,172
LA-2026-1050,Maharashtra,Aurangabad,Urban Metro Transit Extension,Normal,Stage 5: Valuation & Compensation Award,57.69,493,520,91.93,30.04,11.6,18.44,0.386,2,0.1,2,30,6,1,7,0,0,0,64,350,42,0.98,88.3,0.264,3,0.875,1,143
LA-2026-1051,Tamil Nadu,Kanchipuram,High-Speed Rail / DFC,Critical,Stage 1: Preliminary Survey & SIA,22.53,179,185,142.36,52.63,8.32,44.31,0.158,14,0.424,4,100,2,0,2,0,0,1,28,494,-25,0.98,99.0,0.337,0,0.557,1,93
LA-2026-1052,Karnataka,Mysuru,Industrial Smart City Corridor,High,Stage 6: Land Possession & Handover,219.53,1032,867,812.21,211.06,152.39,58.67,0.722,18,0.581,7,15,12,0,12,0,0,0,88,114,127,0.98,46.3,0.267,4,0.587,1,105
LA-2026-1053,Rajasthan,Alwar,National Highway Corridor,Normal,Stage 4: Section 19 Declaration,26.13,114,124,141.31,71.81,43.09,28.72,0.6,3,0.214,0,0,1,0,1,0,0,1,16,286,224,0.98,55.1,0.366,6,0.446,0,0
LA-2026-1054,Gujarat,Rajkot,Renewable Energy Solar Park,Cabinet Fast-Track,Stage 4: Section 19 Declaration,52.3,422,351,192.97,96.67,25.23,71.44,0.261,31,0.969,1,60,7,1,10,1,1,0,121,329,36,0.98,89.2,0.133,3,0.9,1,164
LA-2026-1055,Rajasthan,Kota,Urban Metro Transit Extension,Cabinet Fast-Track,Stage 4: Section 19 Declaration,32.02,295,237,59.67,27.73,16.22,11.51,0.585,8,0.364,5,14,1,0,1,0,0,0,32,262,-45,0.98,99.0,0.252,0,0.432,0,0
LA-2026-1056,Rajasthan,Alwar,National Highway Corridor,High,Stage 2: Section 11 Notification,6.69,66,45,60.49,16.93,0.69,16.24,0.041,24,0.923,0,0,3,0,3,0,0,0,170,540,10,0.98,97.2,0.394,5,0.782,1,217
LA-2026-1057,Rajasthan,Jaipur,National Highway Corridor,High,Stage 4: Section 19 Declaration,197.66,525,508,637.95,327.23,108.31,218.92,0.331,8,0.667,6,11,9,1,10,1,0,0,151,189,153,0.98,54.3,0.287,5,0.896,1,179
LA-2026-1058,Tamil Nadu,Tiruchirappalli,Urban Metro Transit Extension,Critical,Stage 3: Section 15 Hearing & Objections,317.03,2301,2379,806.09,394.95,68.33,326.62,0.173,17,0.654,2,49,35,1,37,1,0,0,72,513,161,0.98,75.1,0.243,3,0.976,1,145
LA-2026-1059,Odisha,Sambalpur,Industrial Smart City Corridor,Normal,Stage 4: Section 19 Declaration,358.65,2070,1523,442.73,126.32,41.43,84.89,0.328,17,0.654,7,44,27,1,31,0,1,0,48,531,-46,0.98,99.0,0.313,5,0.854,1,173
LA-2026-1060,Karnataka,Mangaluru,Major Irrigation & Canal,High,Stage 2: Section 11 Notification,5.94,59,61,108.41,48.73,9.65,39.08,0.198,30,0.857,6,49,1,0,1,0,0,0,91,74,526,0.98,11.4,0.291,1,0.637,1,131
LA-2026-1061,Rajasthan,Jaipur,High-Speed Rail / DFC,Critical,Stage 6: Land Possession & Handover,20.46,186,183,147.33,56.16,55.49,0.67,0.988,0,0.0,2,52,5,0,5,1,0,1,144,132,498,0.98,20.0,0.288,4,0.557,1,156
LA-2026-1062,Madhya Pradesh,Bhopal,Rural Road Connectivity (PMGSY),Critical,Stage 2: Section 11 Notification,20.02,177,150,105.07,50.57,6.22,44.35,0.123,31,0.969,8,4,1,0,1,1,0,0,91,419,307,0.98,56.7,0.296,2,0.636,1,144
LA-2026-1063,Karnataka,Bengaluru Rural,Major Irrigation & Canal,Normal,Stage 3: Section 15 Hearing & Objections,29.05,261,156,109.88,30.87,1.82,29.05,0.059,19,0.559,0,0,5,1,6,0,1,0,52,257,25,0.98,90.2,0.467,4,0.98,1,325
LA-2026-1064,Madhya Pradesh,Ujjain,Urban Metro Transit Extension,High,Stage 6: Land Possession & Handover,125.96,887,908,264.2,83.58,54.91,28.67,0.657,19,0.792,3,63,21,0,21,0,0,0,166,70,289,0.98,18.5,0.274,2,0.784,1,224
LA-2026-1065,Maharashtra,Nashik,Industrial Smart City Corridor,High,Stage 5: Valuation & Compensation Award,7.94,71,49,77.87,38.05,16.67,21.38,0.438,20,0.952,6,88,0,0,0,0,1,0,160,383,249,0.98,59.6,0.266,3,0.654,1,168
LA-2026-1066,Rajasthan,Jaipur,High-Speed Rail / DFC,Cabinet Fast-Track,Stage 4: Section 19 Declaration,94.28,485,505,282.15,104.78,44.95,59.83,0.429,18,0.529,0,0,10,0,10,1,0,0,85,618,-71,0.98,99.0,0.344,5,0.839,1,131
LA-2026-1067,Maharashtra,Aurangabad,Urban Metro Transit Extension,Cabinet Fast-Track,Stage 5: Valuation & Compensation Award,11.17,66,64,98.24,43.05,18.86,24.19,0.438,7,0.304,3,79,2,0,2,0,0,0,165,265,208,0.98,55.0,0.313,5,0.621,1,163
LA-2026-1068,Gujarat,Ahmedabad,Urban Metro Transit Extension,Normal,Stage 6: Land Possession & Handover,14.95,108,110,133.32,44.42,42.82,1.6,0.964,23,1.0,2,11,0,0,0,0,0,0,158,64,567,0.98,9.2,0.183,1,0.459,0,0
LA-2026-1069,Gujarat,Bharuch,Industrial Smart City Corridor,Critical,Stage 6: Land Possession & Handover,16.3,180,178,85.44,43.89,43.23,0.66,0.985,10,0.476,1,59,2,0,2,1,0,0,133,161,187,0.98,45.3,0.255,6,0.499,1,410
LA-2026-1070,Madhya Pradesh,Ujjain,Industrial Smart City Corridor,Normal,Stage 5: Valuation & Compensation Award,66.1,299,236,203.45,101.29,67.86,33.43,0.67,3,0.103,7,47,5,0,5,0,0,0,77,44,540,0.98,6.6,0.283,2,0.616,1,139
LA-2026-1071,Uttar Pradesh,Varanasi,Major Irrigation & Canal,Normal,Stage 1: Preliminary Survey & SIA,198.57,1070,761,539.76,228.87,29.75,199.12,0.13,10,0.714,7,116,21,0,21,1,1,0,175,256,259,0.98,48.7,0.423,0,0.945,1,173
LA-2026-1072,Tamil Nadu,Salem,National Highway Corridor,Normal,Stage 3: Section 15 Hearing & Objections,95.52,597,480,218.9,102.23,14.82,87.41,0.145,11,0.423,8,53,7,0,7,0,0,0,109,168,562,0.98,22.0,0.206,4,0.772,1,233
LA-2026-1073,Madhya Pradesh,Jabalpur,National Highway Corridor,Critical,Stage 2: Section 11 Notification,75.9,326,280,282.97,84.1,15.14,68.96,0.18,3,0.13,5,69,4,0,4,0,1,1,70,485,149,0.98,75.5,0.356,0,0.658,1,107
LA-2026-1074,Rajasthan,Jaipur,Urban Metro Transit Extension,High,Stage 2: Section 11 Notification,5.44,79,83,92.23,43.99,7.3,36.69,0.166,4,0.211,3,8,0,0,0,0,0,0,95,55,146,0.98,26.4,0.321,6,0.528,1,96
LA-2026-1075,Karnataka,Belagavi,Rural Road Connectivity (PMGSY),High,Stage 3: Section 15 Hearing & Objections,15.47,106,106,67.41,17.23,2.27,14.96,0.132,8,0.5,2,14,2,0,2,1,1,0,47,100,82,0.98,54.0,0.233,6,0.528,1,162
LA-2026-1076,Karnataka,Mangaluru,Industrial Smart City Corridor,Normal,Stage 1: Preliminary Survey & SIA,130.24,1091,1075,429.66,114.88,10.91,103.97,0.095,26,0.743,8,14,18,0,18,0,0,0,42,83,368,0.98,17.4,0.289,0,0.731,1,157
LA-2026-1077,Rajasthan,Udaipur,High-Speed Rail / DFC,Normal,Stage 3: Section 15 Hearing & Objections,10.77,104,104,26.1,7.77,1.55,6.22,0.2,1,0.031,0,0,1,0,1,0,0,1,127,338,375,0.98,46.4,0.236,5,0.67,1,242
LA-2026-1078,Rajasthan,Jaipur,National Highway Corridor,Critical,Stage 1: Preliminary Survey & SIA,35.12,287,205,172.08,92.75,8.44,84.31,0.091,19,0.95,8,91,8,1,11,0,1,0,42,63,268,0.98,18.1,0.326,6,0.876,1,193
LA-2026-1079,Karnataka,Dharwad,Major Irrigation & Canal,High,Stage 2: Section 11 Notification,111.67,681,593,175.87,48.78,6.49,42.29,0.133,23,0.92,1,40,10,0,10,0,1,0,112,494,33,0.98,92.8,0.207,3,0.908,1,136
LA-2026-1080,Uttar Pradesh,Lucknow,Rural Road Connectivity (PMGSY),Normal,Stage 4: Section 19 Declaration,211.43,1784,1780,470.45,135.28,41.26,94.02,0.305,1,0.062,8,71,26,1,27,0,0,0,105,128,494,0.98,19.6,0.367,3,0.807,1,166
LA-2026-1081,Maharashtra,Thane,Renewable Energy Solar Park,Critical,Stage 3: Section 15 Hearing & Objections,31.63,250,273,113.12,51.37,3.6,47.77,0.07,4,0.222,7,28,9,0,9,0,1,0,139,325,-39,0.98,99.0,0.453,2,0.797,1,190
LA-2026-1082,Karnataka,Dharwad,Rural Road Connectivity (PMGSY),Normal,Stage 3: Section 15 Hearing & Objections,25.07,163,98,124.63,34.44,0.03,34.41,0.001,9,0.45,5,44,0,0,0,0,0,0,56,59,394,0.98,12.0,0.2,3,0.41,0,0
LA-2026-1083,Uttar Pradesh,Varanasi,Urban Metro Transit Extension,Normal,Stage 5: Valuation & Compensation Award,17.1,124,86,46.05,20.3,10.23,10.07,0.504,14,0.56,5,20,0,0,0,0,0,0,106,250,473,0.98,33.6,0.416,4,0.513,1,272
LA-2026-1084,Uttar Pradesh,Lucknow,High-Speed Rail / DFC,High,Stage 6: Land Possession & Handover,109.94,886,886,312.79,85.72,65.66,20.06,0.766,21,0.808,6,62,14,0,14,1,0,0,79,71,159,0.98,29.9,0.381,0,0.709,1,141
LA-2026-1085,Tamil Nadu,Tiruchirappalli,Major Irrigation & Canal,Critical,Stage 6: Land Possession & Handover,116.8,370,267,275.8,87.09,78.99,8.1,0.907,0,0.0,3,38,7,0,7,0,0,0,163,232,173,0.98,56.3,0.258,0,0.746,1,504
LA-2026-1086,Maharashtra,Nashik,Urban Metro Transit Extension,Cabinet Fast-Track,Stage 6: Land Possession & Handover,23.92,195,157,159.95,48.35,44.58,3.77,0.922,14,0.412,8,71,6,0,6,1,0,0,146,224,88,0.98,70.8,0.251,0,0.706,1,175
LA-2026-1087,Madhya Pradesh,Bhopal,Major Irrigation & Canal,Normal,Stage 6: Land Possession & Handover,47.79,317,332,141.4,60.48,46.09,14.39,0.762,26,0.765,4,14,4,0,4,0,1,0,113,617,2,0.98,98.7,0.282,4,0.746,1,201
LA-2026-1088,Rajasthan,Kota,National Highway Corridor,Cabinet Fast-Track,Stage 3: Section 15 Hearing & Objections,62.61,272,233,203.83,60.96,3.78,57.18,0.062,12,0.4,8,10,5,0,5,0,0,1,121,154,134,0.98,52.5,0.256,4,0.821,1,358
LA-2026-1089,Uttar Pradesh,Prayagraj,Renewable Energy Solar Park,High,Stage 4: Section 19 Declaration,11.49,59,48,60.36,23.23,5.3,17.93,0.228,7,0.438,1,18,1,0,1,1,1,0,175,389,148,0.98,71.5,0.369,6,0.66,1,164
LA-2026-1090,Uttar Pradesh,Varanasi,Rural Road Connectivity (PMGSY),Cabinet Fast-Track,Stage 6: Land Possession & Handover,42.5,279,287,183.63,47.79,37.09,10.7,0.776,20,0.625,5,19,2,0,2,0,0,0,154,727,-88,0.98,99.0,0.448,6,0.499,1,177
LA-2026-1091,Tamil Nadu,Tiruchirappalli,National Highway Corridor,Critical,Stage 1: Preliminary Survey & SIA,12.88,63,59,101.31,46.18,3.42,42.76,0.074,1,0.038,0,0,0,0,0,0,0,0,128,188,67,0.98,72.7,0.238,0,0.527,1,338
LA-2026-1092,Madhya Pradesh,Gwalior,Renewable Energy Solar Park,Normal,Stage 2: Section 11 Notification,67.69,355,237,112.74,52.02,8.43,43.59,0.162,16,0.593,2,7,6,0,6,0,0,0,164,194,178,0.98,51.2,0.339,0,0.867,1,229
LA-2026-1093,Gujarat,Ahmedabad,High-Speed Rail / DFC,Cabinet Fast-Track,Stage 4: Section 19 Declaration,86.76,718,706,217.28,114.2,55.62,58.58,0.487,11,0.647,5,117,17,1,21,0,1,0,166,565,151,0.98,77.9,0.199,2,0.98,1,235
LA-2026-1094,Uttar Pradesh,Noida,National Highway Corridor,Cabinet Fast-Track,Stage 3: Section 15 Hearing & Objections,19.75,139,143,184.11,51.03,5.97,45.06,0.117,9,0.29,5,10,0,0,0,1,0,0,178,400,38,0.98,90.3,0.463,5,0.696,1,209
LA-2026-1095,Madhya Pradesh,Indore,Renewable Energy Solar Park,Normal,Stage 4: Section 19 Declaration,183.74,829,653,395.14,137.71,48.75,88.96,0.354,33,1.0,1,82,14,0,14,1,0,0,42,366,199,0.98,63.8,0.238,1,0.767,1,124
LA-2026-1096,Odisha,Angul,High-Speed Rail / DFC,High,Stage 3: Section 15 Hearing & Objections,72.06,419,266,278.61,121.43,3.16,118.27,0.026,1,0.067,5,112,5,0,5,0,1,0,85,69,269,0.98,19.4,0.494,6,0.838,1,148
LA-2026-1097,Gujarat,Rajkot,National Highway Corridor,Cabinet Fast-Track,Stage 2: Section 11 Notification,69.83,461,463,335.03,85.59,4.11,81.48,0.048,14,0.667,3,68,4,0,4,0,0,0,166,257,166,0.98,59.8,0.179,1,0.718,1,142
LA-2026-1098,Odisha,Sambalpur,Major Irrigation & Canal,Cabinet Fast-Track,Stage 5: Valuation & Compensation Award,14.09,112,119,122.85,34.02,13.95,20.07,0.41,13,0.464,2,104,3,0,3,0,0,0,138,421,47,0.98,89.0,0.306,0,0.735,1,137
LA-2026-1099,Rajasthan,Kota,Renewable Energy Solar Park,Normal,Stage 4: Section 19 Declaration,22.34,140,113,147.33,53.34,17.34,36.0,0.325,12,0.857,2,34,0,0,0,0,0,0,82,157,551,0.98,21.2,0.257,0,0.552,1,88
LA-2026-1100,Karnataka,Dharwad,Industrial Smart City Corridor,Normal,Stage 3: Section 15 Hearing & Objections,81.52,616,557,283.27,147.3,0.88,146.42,0.006,7,0.304,6,10,10,0,10,0,0,0,138,232,2,0.98,98.2,0.205,5,0.959,1,237
LA-2026-1101,Odisha,Sundargarh,High-Speed Rail / DFC,Normal,Stage 4: Section 19 Declaration,13.55,59,42,117.7,38.5,3.97,34.53,0.103,30,0.882,7,78,0,0,0,1,0,0,45,742,-79,0.98,99.0,0.413,4,0.672,1,95
LA-2026-1102,Madhya Pradesh,Bhopal,Rural Road Connectivity (PMGSY),Critical,Stage 4: Section 19 Declaration,100.75,567,545,142.66,70.7,28.14,42.56,0.398,13,0.684,7,8,12,1,16,1,0,0,22,154,334,0.98,30.6,0.303,1,0.654,1,78
LA-2026-1103,Gujarat,Vadodara,Major Irrigation & Canal,Normal,Stage 6: Land Possession & Handover,81.37,547,380,139.58,50.09,31.41,18.68,0.627,5,0.2,1,67,8,0,8,0,0,0,156,276,265,0.98,50.0,0.153,4,0.737,1,171
LA-2026-1104,Maharashtra,Nashik,Rural Road Connectivity (PMGSY),Cabinet Fast-Track,Stage 1: Preliminary Survey & SIA,15.85,146,141,89.68,40.49,0.57,39.92,0.014,1,0.029,5,100,3,0,3,1,0,0,74,412,164,0.98,70.5,0.203,0,0.635,1,139
LA-2026-1105,Odisha,Sundargarh,National Highway Corridor,Critical,Stage 3: Section 15 Hearing & Objections,40.53,204,217,145.8,53.81,0.38,53.43,0.007,30,0.882,2,103,6,1,10,1,0,0,128,209,317,0.98,38.8,0.414,2,0.98,1,322
LA-2026-1106,Tamil Nadu,Tiruchirappalli,Major Irrigation & Canal,Cabinet Fast-Track,Stage 3: Section 15 Hearing & Objections,45.72,394,378,93.69,46.43,1.16,45.27,0.025,1,0.043,5,34,2,0,2,0,0,0,83,127,90,0.98,57.5,0.252,5,0.645,1,302
LA-2026-1107,Rajasthan,Alwar,Industrial Smart City Corridor,High,Stage 2: Section 11 Notification,77.76,460,488,259.34,124.34,10.69,113.65,0.086,2,0.1,6,10,4,0,4,0,1,0,142,406,283,0.98,57.9,0.394,2,0.787,1,137
LA-2026-1108,Odisha,Khurda,National Highway Corridor,Critical,Stage 1: Preliminary Survey & SIA,53.15,255,264,211.58,52.92,4.71,48.21,0.089,27,0.871,2,88,4,0,4,0,0,0,124,343,139,0.98,70.2,0.35,4,0.874,1,152
LA-2026-1109,Madhya Pradesh,Jabalpur,Urban Metro Transit Extension,Normal,Stage 2: Section 11 Notification,87.13,405,291,130.16,44.38,0.31,44.07,0.007,10,0.286,0,0,7,1,11,1,0,0,141,402,193,0.98,66.6,0.363,2,0.971,1,202
LA-2026-1110,Odisha,Angul,Renewable Energy Solar Park,Normal,Stage 5: Valuation & Compensation Award,190.03,1031,808,490.36,230.51,136.23,94.28,0.591,11,0.478,7,97,15,1,17,0,0,0,125,377,-40,0.98,99.0,0.429,1,0.832,1,152
LA-2026-1111,Uttar Pradesh,Lucknow,Urban Metro Transit Extension,High,Stage 1: Preliminary Survey & SIA,70.14,295,300,213.13,57.41,5.11,52.3,0.089,8,0.533,4,90,4,0,4,0,0,0,153,426,284,0.98,59.0,0.369,3,0.853,1,157
LA-2026-1112,Karnataka,Bengaluru Rural,High-Speed Rail / DFC,Normal,Stage 5: Valuation & Compensation Award,146.47,943,782,562.52,301.85,181.71,120.14,0.602,12,0.857,5,85,12,1,13,0,0,1,123,395,-39,0.98,99.0,0.495,5,0.863,1,172
LA-2026-1113,Gujarat,Vadodara,Renewable Energy Solar Park,High,Stage 2: Section 11 Notification,8.33,95,96,81.9,31.53,2.27,29.26,0.072,15,0.789,0,0,3,0,3,0,0,0,45,435,-50,0.98,99.0,0.194,4,0.66,1,372
LA-2026-1114,Gujarat,Bharuch,National Highway Corridor,Normal,Stage 5: Valuation & Compensation Award,8.29,67,42,19.92,10.7,6.59,4.11,0.616,24,0.96,6,105,0,0,0,1,0,1,144,520,67,0.98,87.6,0.248,3,0.61,1,141
LA-2026-1115,Odisha,Sundargarh,Rural Road Connectivity (PMGSY),High,Stage 1: Preliminary Survey & SIA,97.04,364,318,314.86,118.79,3.8,114.99,0.032,13,1.0,1,66,6,1,8,0,0,0,138,251,61,0.98,79.5,0.444,4,0.98,1,172
LA-2026-1116,Tamil Nadu,Kanchipuram,Industrial Smart City Corridor,High,Stage 4: Section 19 Declaration,278.24,1513,1512,589.77,253.93,46.72,207.21,0.184,19,0.905,8,11,26,0,26,0,1,0,170,158,303,0.98,33.3,0.346,5,0.887,1,226
LA-2026-1117,Odisha,Sambalpur,National Highway Corridor,Normal,Stage 2: Section 11 Notification,228.74,914,720,587.14,175.62,17.56,158.06,0.1,13,0.406,6,79,20,0,20,0,0,0,77,325,-99,0.98,99.0,0.303,3,0.761,1,151
LA-2026-1118,Karnataka,Dharwad,Industrial Smart City Corridor,Cabinet Fast-Track,Stage 4: Section 19 Declaration,184.71,775,711,404.99,192.15,49.19,142.96,0.256,15,0.6,7,26,8,1,10,0,0,0,122,110,131,0.98,44.7,0.176,6,0.98,1,171
LA-2026-1119,Odisha,Angul,High-Speed Rail / DFC,Critical,Stage 4: Section 19 Declaration,70.92,498,331,320.24,100.57,12.57,88.0,0.125,3,0.115,4,57,12,1,13,0,0,0,71,193,95,0.98,66.0,0.433,6,0.931,1,122
LA-2026-1120,Gujarat,Vadodara,Renewable Energy Solar Park,Critical,Stage 5: Valuation & Compensation Award,413.41,1320,1372,1118.23,528.59,305.53,223.06,0.578,15,0.577,4,63,21,1,25,0,1,0,141,285,58,0.98,82.1,0.197,2,0.803,1,167
LA-2026-1121,Maharashtra,Pune,Industrial Smart City Corridor,Cabinet Fast-Track,Stage 3: Section 15 Hearing & Objections,165.16,1266,1231,366.55,132.1,19.29,112.81,0.146,1,0.083,6,17,14,0,14,0,0,0,147,322,339,0.98,47.7,0.353,3,0.938,1,288
LA-2026-1122,Maharashtra,Aurangabad,Renewable Energy Solar Park,High,Stage 2: Section 11 Notification,189.73,1195,1113,187.72,48.57,6.07,42.5,0.125,14,0.5,8,35,13,0,13,0,1,0,108,105,370,0.98,21.1,0.335,0,0.759,1,152
LA-2026-1123,Madhya Pradesh,Jabalpur,Rural Road Connectivity (PMGSY),Critical,Stage 1: Preliminary Survey & SIA,114.24,369,231,335.39,144.43,20.65,123.78,0.143,25,0.806,8,5,6,1,8,0,0,0,60,177,377,0.98,31.0,0.331,1,0.938,1,231
LA-2026-1124,Gujarat,Vadodara,Renewable Energy Solar Park,Critical,Stage 6: Land Possession & Handover,16.1,153,98,116.22,54.7,43.54,11.16,0.796,10,0.333,8,106,5,0,5,0,0,0,86,661,-79,0.98,99.0,0.134,0,0.661,1,134
LA-2026-1125,Odisha,Jajpur,Urban Metro Transit Extension,Normal,Stage 2: Section 11 Notification,77.11,483,370,80.53,40.23,1.37,38.86,0.034,8,0.296,3,92,10,1,14,0,0,0,162,57,438,0.98,10.5,0.383,6,0.906,1,164
LA-2026-1126,Madhya Pradesh,Indore,Rural Road Connectivity (PMGSY),High,Stage 5: Valuation & Compensation Award,63.32,369,362,173.26,50.35,26.53,23.82,0.527,10,0.385,6,19,3,0,3,1,0,0,14,127,165,0.98,42.5,0.224,4,0.476,0,0
LA-2026-1127,Rajasthan,Jaipur,Urban Metro Transit Extension,High,Stage 1: Preliminary Survey & SIA,29.11,250,183,155.94,75.32,4.75,70.57,0.063,30,0.909,8,48,1,0,1,1,0,0,93,317,75,0.98,79.9,0.28,2,0.719,1,113
LA-2026-1128,Odisha,Jajpur,Renewable Energy Solar Park,Cabinet Fast-Track,Stage 3: Section 15 Hearing & Objections,41.27,352,340,122.03,62.8,8.67,54.13,0.138,7,0.333,4,98,7,1,9,0,0,0,152,172,260,0.98,38.8,0.342,4,0.952,1,182
LA-2026-1129,Tamil Nadu,Madurai,National Highway Corridor,Cabinet Fast-Track,Stage 4: Section 19 Declaration,295.88,1106,747,461.84,233.31,99.86,133.45,0.428,4,0.308,1,44,17,0,17,0,1,0,84,179,354,0.98,32.6,0.286,2,0.731,1,234
LA-2026-1130,Tamil Nadu,Coimbatore,National Highway Corridor,High,Stage 4: Section 19 Declaration,109.59,646,460,408.28,119.34,54.78,64.56,0.459,14,0.438,0,0,8,1,11,1,0,1,67,301,-70,0.98,99.0,0.234,4,0.849,1,359
LA-2026-1131,Gujarat,Rajkot,Urban Metro Transit Extension,Cabinet Fast-Track,Stage 5: Valuation & Compensation Award,40.29,346,264,197.27,61.44,21.44,40.0,0.349,9,0.409,0,0,6,0,6,0,0,0,83,417,-33,0.98,99.0,0.15,5,0.85,1,122
LA-2026-1132,Maharashtra,Nagpur,Major Irrigation & Canal,High,Stage 3: Section 15 Hearing & Objections,70.77,403,316,208.56,57.98,0.12,57.86,0.002,18,0.514,0,0,3,0,3,0,1,0,57,537,49,0.98,90.7,0.298,2,0.743,1,189
LA-2026-1133,Tamil Nadu,Salem,Urban Metro Transit Extension,Cabinet Fast-Track,Stage 4: Section 19 Declaration,92.47,388,333,273.82,82.09,34.81,47.28,0.424,3,0.167,5,20,5,0,5,0,1,0,79,509,187,0.98,72.2,0.181,2,0.664,1,127
LA-2026-1134,Tamil Nadu,Tiruchirappalli,Urban Metro Transit Extension,High,Stage 3: Section 15 Hearing & Objections,36.93,297,309,190.4,102.84,9.77,93.07,0.095,2,0.091,6,85,6,1,8,0,1,0,141,467,128,0.98,77.5,0.266,3,0.952,1,152
LA-2026-1135,Karnataka,Dharwad,Rural Road Connectivity (PMGSY),Critical,Stage 2: Section 11 Notification,113.01,900,978,244.7,128.58,11.96,116.62,0.093,23,0.719,3,7,19,0,19,1,0,0,76,41,448,0.98,7.4,0.224,5,0.88,1,142
LA-2026-1136,Tamil Nadu,Kanchipuram,Urban Metro Transit Extension,Critical,Stage 6: Land Possession & Handover,185.1,1076,706,302.32,113.68,85.15,28.53,0.749,4,0.148,7,95,19,0,19,0,0,0,44,142,264,0.98,34.0,0.365,6,0.535,1,132
LA-2026-1137,Karnataka,Mysuru,Urban Metro Transit Extension,Normal,Stage 3: Section 15 Hearing & Objections,118.87,911,992,326.3,147.77,26.75,121.02,0.181,14,1.0,1,7,16,0,16,1,0,0,102,570,67,0.98,88.5,0.289,1,0.843,1,137
LA-2026-1138,Odisha,Sambalpur,Major Irrigation & Canal,Normal,Stage 1: Preliminary Survey & SIA,159.21,676,640,400.48,125.67,11.44,114.23,0.091,2,0.074,8,57,8,0,8,0,0,0,159,397,-7,0.98,99.0,0.302,0,0.826,1,327
LA-2026-1139,Rajasthan,Kota,Urban Metro Transit Extension,Normal,Stage 3: Section 15 Hearing & Objections,137.03,916,847,443.1,133.25,18.66,114.59,0.14,13,0.371,1,5,12,0,12,0,1,0,10,448,-8,0.98,99.0,0.257,0,0.719,1,107
LA-2026-1140,Rajasthan,Jaipur,Industrial Smart City Corridor,Cabinet Fast-Track,Stage 5: Valuation & Compensation Award,142.81,801,649,270.0,77.82,62.18,15.64,0.799,11,0.44,6,57,13,0,13,0,0,0,175,358,-40,0.98,99.0,0.295,5,0.636,1,183
LA-2026-1141,Gujarat,Vadodara,National Highway Corridor,High,Stage 3: Section 15 Hearing & Objections,25.95,128,82,49.44,19.31,2.92,16.39,0.151,14,0.4,0,0,2,0,2,0,0,0,42,571,11,0.98,97.1,0.164,3,0.707,1,175
LA-2026-1142,Madhya Pradesh,Indore,High-Speed Rail / DFC,Cabinet Fast-Track,Stage 6: Land Possession & Handover,81.46,664,477,254.78,108.24,83.13,25.11,0.768,7,0.2,0,0,11,0,11,0,0,1,58,171,167,0.98,49.6,0.229,1,0.664,1,136
LA-2026-1143,Uttar Pradesh,Lucknow,Renewable Energy Solar Park,Normal,Stage 4: Section 19 Declaration,53.47,409,427,201.78,88.66,15.07,73.59,0.17,14,0.583,3,69,5,1,6,0,0,0,21,155,74,0.98,66.7,0.344,5,0.755,1,152
LA-2026-1144,Odisha,Sambalpur,Renewable Energy Solar Park,Critical,Stage 4: Section 19 Declaration,120.68,700,562,397.43,104.1,42.99,61.11,0.413,7,0.25,6,38,16,1,18,0,0,0,179,176,313,0.98,35.0,0.312,2,0.847,1,197
LA-2026-1145,Madhya Pradesh,Ujjain,Industrial Smart City Corridor,Cabinet Fast-Track,Stage 2: Section 11 Notification,87.81,496,348,203.49,51.34,3.08,48.26,0.06,17,1.0,7,30,5,0,5,0,0,0,106,183,149,0.98,54.1,0.232,0,0.765,1,141
LA-2026-1146,Madhya Pradesh,Gwalior,Renewable Energy Solar Park,High,Stage 4: Section 19 Declaration,12.75,112,96,130.96,33.91,11.02,22.89,0.325,20,0.909,1,118,0,0,0,0,0,0,62,160,268,0.98,36.4,0.367,6,0.606,1,124
LA-2026-1147,Karnataka,Bengaluru Rural,Industrial Smart City Corridor,Cabinet Fast-Track,Stage 5: Valuation & Compensation Award,186.84,1240,1162,409.74,219.71,170.93,48.78,0.778,23,0.767,8,27,24,0,24,0,0,0,58,67,153,0.98,29.5,0.51,0,0.63,1,168
LA-2026-1148,Karnataka,Mysuru,Urban Metro Transit Extension,Normal,Stage 1: Preliminary Survey & SIA,98.03,760,596,179.11,85.14,13.2,71.94,0.155,13,0.382,6,117,6,1,9,0,0,0,164,278,392,0.98,40.5,0.242,2,0.957,1,346
LA-2026-1149,Tamil Nadu,Madurai,Industrial Smart City Corridor,Cabinet Fast-Track,Stage 2: Section 11 Notification,43.19,280,238,76.95,22.8,3.37,19.43,0.148,11,0.611,5,52,9,1,11,1,0,0,91,270,10,0.98,95.4,0.305,4,0.98,1,167
LA-2026-1150,Madhya Pradesh,Jabalpur,High-Speed Rail / DFC,High,Stage 3: Section 15 Hearing & Objections,149.22,463,438,396.81,131.98,8.97,123.01,0.068,15,0.789,8,83,13,0,13,0,0,0,155,224,191,0.98,53.0,0.327,5,0.825,1,156
LA-2026-1151,Rajasthan,Alwar,High-Speed Rail / DFC,Critical,Stage 3: Section 15 Hearing & Objections,192.69,910,700,486.3,122.55,12.87,109.68,0.105,5,0.185,8,82,17,0,17,0,1,0,149,398,-75,0.98,99.0,0.358,0,0.831,1,149
LA-2026-1152,Maharashtra,Nashik,High-Speed Rail / DFC,High,Stage 1: Preliminary Survey & SIA,161.69,1014,838,459.5,181.81,24.18,157.63,0.133,14,0.5,5,7,14,0,14,0,0,0,65,34,300,0.98,9.2,0.252,0,0.755,1,103
LA-2026-1153,Madhya Pradesh,Bhopal,National Highway Corridor,Critical,Stage 3: Section 15 Hearing & Objections,7.01,73,61,135.04,48.77,8.97,39.8,0.184,27,0.794,2,13,1,0,1,0,0,0,138,47,426,0.98,9.0,0.268,2,0.561,1,453
LA-2026-1154,Odisha,Jajpur,Rural Road Connectivity (PMGSY),Cabinet Fast-Track,Stage 4: Section 19 Declaration,84.36,313,248,230.82,68.38,35.83,32.55,0.524,7,0.233,3,38,6,0,6,0,0,0,127,445,117,0.98,78.2,0.373,6,0.716,1,126
LA-2026-1155,Maharashtra,Pune,Major Irrigation & Canal,Cabinet Fast-Track,Stage 3: Section 15 Hearing & Objections,293.47,1725,1535,417.24,182.7,15.89,166.81,0.087,11,0.917,2,10,33,0,33,0,0,0,173,87,580,0.98,12.1,0.295,6,0.764,1,200
LA-2026-1156,Uttar Pradesh,Prayagraj,National Highway Corridor,High,Stage 4: Section 19 Declaration,47.73,156,149,183.59,78.56,29.22,49.34,0.372,10,0.714,4,115,2,0,2,0,1,0,21,307,359,0.98,45.1,0.375,0,0.622,1,159
LA-2026-1157,Karnataka,Mangaluru,High-Speed Rail / DFC,Cabinet Fast-Track,Stage 5: Valuation & Compensation Award,102.05,561,608,424.96,118.18,56.96,61.22,0.482,18,0.947,6,86,13,0,13,0,1,0,154,196,290,0.98,39.3,0.286,5,0.876,1,207
LA-2026-1158,Uttar Pradesh,Prayagraj,Urban Metro Transit Extension,Critical,Stage 2: Section 11 Notification,476.98,1388,1277,809.58,278.15,43.67,234.48,0.157,5,0.357,6,99,17,1,20,0,0,0,69,253,27,0.98,89.4,0.398,4,0.979,1,218
LA-2026-1159,Madhya Pradesh,Gwalior,High-Speed Rail / DFC,Cabinet Fast-Track,Stage 1: Preliminary Survey & SIA,90.1,594,595,179.39,96.37,12.24,84.13,0.127,4,0.286,2,48,9,0,9,0,0,1,28,282,200,0.98,57.5,0.372,0,0.773,1,183
LA-2026-1160,Tamil Nadu,Salem,Industrial Smart City Corridor,Critical,Stage 1: Preliminary Survey & SIA,163.97,1062,849,500.57,228.37,4.8,223.57,0.021,14,0.56,8,71,13,0,13,1,0,0,57,74,241,0.98,22.5,0.224,4,0.797,1,167
LA-2026-1161,Odisha,Angul,National Highway Corridor,Critical,Stage 5: Valuation & Compensation Award,5.52,64,47,85.65,41.83,28.32,13.51,0.677,18,0.947,8,21,0,0,0,1,0,1,153,116,461,0.98,19.1,0.485,1,0.591,1,125
LA-2026-1162,Uttar Pradesh,Varanasi,Major Irrigation & Canal,Critical,Stage 4: Section 19 Declaration,27.48,132,98,80.55,20.67,8.54,12.13,0.413,8,0.348,3,92,2,0,2,0,1,0,29,525,-39,0.98,99.0,0.388,0,0.505,1,64
LA-2026-1163,Gujarat,Vadodara,National Highway Corridor,Cabinet Fast-Track,Stage 4: Section 19 Declaration,126.17,489,505,380.58,158.47,53.88,104.59,0.34,13,0.591,2,38,6,1,8,1,0,0,122,367,202,0.98,63.5,0.172,5,0.842,1,294
LA-2026-1164,Rajasthan,Udaipur,Rural Road Connectivity (PMGSY),High,Stage 2: Section 11 Notification,19.68,196,188,96.52,27.11,0.98,26.13,0.036,3,0.13,3,75,6,0,6,0,1,0,110,317,248,0.98,55.1,0.256,5,0.895,1,316
LA-2026-1165,Rajasthan,Jodhpur,Major Irrigation & Canal,Critical,Stage 3: Section 15 Hearing & Objections,75.75,596,592,313.74,164.08,23.46,140.62,0.143,9,0.562,3,32,7,0,7,0,1,0,137,239,11,0.98,94.6,0.277,4,0.887,1,155
LA-2026-1166,Rajasthan,Udaipur,Major Irrigation & Canal,Cabinet Fast-Track,Stage 4: Section 19 Declaration,292.54,2093,1963,1027.3,403.34,73.81,329.53,0.183,5,0.161,1,98,31,1,34,0,0,0,147,214,3,0.98,97.6,0.289,5,0.961,1,285
LA-2026-1167,Madhya Pradesh,Jabalpur,Rural Road Connectivity (PMGSY),Cabinet Fast-Track,Stage 2: Section 11 Notification,90.53,660,649,299.34,151.2,17.39,133.81,0.115,16,0.842,8,71,12,0,12,0,0,0,76,80,110,0.98,41.1,0.31,6,0.844,1,195
LA-2026-1168,Gujarat,Vadodara,National Highway Corridor,Cabinet Fast-Track,Stage 6: Land Possession & Handover,33.8,178,155,142.48,45.96,33.87,12.09,0.737,4,0.267,5,39,3,0,3,0,0,0,31,455,27,0.98,93.4,0.184,0,0.46,0,0
LA-2026-1169,Rajasthan,Alwar,Industrial Smart City Corridor,Normal,Stage 3: Section 15 Hearing & Objections,206.04,882,733,783.5,355.13,66.05,289.08,0.186,20,0.909,1,86,16,0,16,0,0,0,15,88,137,0.98,38.1,0.363,4,0.812,1,135
LA-2026-1170,Gujarat,Vadodara,Renewable Energy Solar Park,Cabinet Fast-Track,Stage 1: Preliminary Survey & SIA,31.24,115,113,127.41,46.06,6.03,40.03,0.131,11,0.344,2,81,3,0,3,0,0,0,113,438,-21,0.98,99.0,0.175,1,0.71,1,117
LA-2026-1171,Rajasthan,Udaipur,Major Irrigation & Canal,Cabinet Fast-Track,Stage 4: Section 19 Declaration,133.85,733,495,541.56,287.68,55.52,232.16,0.193,4,0.118,1,102,11,0,11,0,0,0,81,135,264,0.98,32.9,0.273,2,0.747,1,179
LA-2026-1172,Rajasthan,Udaipur,Urban Metro Transit Extension,Critical,Stage 2: Section 11 Notification,28.23,189,164,116.55,41.92,7.08,34.84,0.169,3,0.1,5,45,1,0,1,0,0,0,110,655,-78,0.98,99.0,0.273,5,0.607,1,168
LA-2026-1173,Tamil Nadu,Tiruchirappalli,Renewable Energy Solar Park,Normal,Stage 6: Land Possession & Handover,18.51,185,194,122.99,60.63,45.41,15.22,0.749,9,0.474,1,23,3,0,3,1,0,0,40,190,127,0.98,59.0,0.258,4,0.613,1,153
LA-2026-1174,Gujarat,Bharuch,Major Irrigation & Canal,Cabinet Fast-Track,Stage 4: Section 19 Declaration,63.46,288,310,185.39,74.19,25.6,48.59,0.345,11,0.324,8,21,3,0,3,1,0,0,147,680,-2,0.98,99.0,0.269,3,0.725,1,182
LA-2026-1175,Maharashtra,Thane,National Highway Corridor,Cabinet Fast-Track,Stage 4: Section 19 Declaration,20.4,147,98,154.94,56.95,25.17,31.78,0.442,16,0.552,7,52,0,0,0,0,0,0,108,447,-68,0.98,99.0,0.439,0,0.582,1,167
LA-2026-1176,Maharashtra,Nagpur,Industrial Smart City Corridor,Normal,Stage 4: Section 19 Declaration,264.93,1513,1104,617.63,167.95,64.83,103.12,0.386,14,0.824,7,70,27,0,27,1,0,0,83,305,105,0.98,73.4,0.228,2,0.836,1,158
LA-2026-1177,Maharashtra,Nashik,Renewable Energy Solar Park,High,Stage 1: Preliminary Survey & SIA,91.99,626,552,345.09,87.53,7.7,79.83,0.088,1,0.048,7,33,10,1,11,0,0,0,73,364,-80,0.98,99.0,0.231,1,0.873,1,159
LA-2026-1178,Karnataka,Mangaluru,Urban Metro Transit Extension,Critical,Stage 4: Section 19 Declaration,33.98,202,217,154.35,60.89,7.92,52.97,0.13,6,0.375,3,103,1,0,1,0,0,0,167,199,419,0.98,31.2,0.284,4,0.643,1,134
LA-2026-1179,Gujarat,Vadodara,Urban Metro Transit Extension,Critical,Stage 2: Section 11 Notification,87.7,779,687,257.0,82.78,11.59,71.19,0.14,1,0.04,4,110,17,0,17,1,1,0,44,127,326,0.98,27.1,0.146,2,0.645,1,127
LA-2026-1180,Karnataka,Dharwad,Major Irrigation & Canal,High,Stage 2: Section 11 Notification,260.42,1579,1392,564.61,283.38,15.87,267.51,0.056,2,0.077,1,51,23,0,23,0,0,0,106,454,1,0.98,98.8,0.192,3,0.83,1,246
LA-2026-1181,Odisha,Sambalpur,National Highway Corridor,Normal,Stage 4: Section 19 Declaration,152.26,1230,895,336.5,87.44,18.27,69.17,0.209,22,0.647,1,101,17,0,17,0,1,1,180,680,-31,0.98,99.0,0.338,6,0.848,1,294
LA-2026-1182,Tamil Nadu,Madurai,Renewable Energy Solar Park,High,Stage 5: Valuation & Compensation Award,154.01,474,448,545.51,161.19,59.32,101.87,0.368,1,0.077,7,2,4,0,4,0,0,0,22,381,295,0.98,55.4,0.262,0,0.524,1,155
LA-2026-1183,Madhya Pradesh,Indore,Urban Metro Transit Extension,High,Stage 2: Section 11 Notification,312.26,1251,756,752.23,199.77,2.0,197.77,0.01,10,0.714,5,32,16,1,18,0,0,0,80,192,297,0.98,38.3,0.206,6,0.973,1,195
LA-2026-1184,Karnataka,Dharwad,Urban Metro Transit Extension,Normal,Stage 6: Land Possession & Handover,84.96,715,683,290.76,105.05,63.45,41.6,0.604,2,0.074,2,75,13,1,17,0,0,0,64,30,247,0.98,9.9,0.23,6,0.592,1,142
LA-2026-1185,Madhya Pradesh,Indore,Major Irrigation & Canal,Normal,Stage 2: Section 11 Notification,71.84,528,522,314.02,82.5,12.79,69.71,0.155,10,0.667,5,112,12,1,16,0,1,0,36,121,451,0.98,20.2,0.208,5,0.814,1,260
LA-2026-1186,Gujarat,Ahmedabad,Renewable Energy Solar Park,Normal,Stage 2: Section 11 Notification,173.15,755,506,341.4,101.46,13.9,87.56,0.137,13,0.371,2,117,14,0,14,0,1,0,99,255,93,0.98,72.3,0.222,0,0.874,1,164
LA-2026-1187,Gujarat,Ahmedabad,Renewable Energy Solar Park,Cabinet Fast-Track,Stage 1: Preliminary Survey & SIA,60.99,378,365,125.61,63.02,7.56,55.46,0.12,8,0.421,1,31,8,0,8,0,0,0,45,352,267,0.98,55.9,0.162,5,0.738,1,137
LA-2026-1188,Maharashtra,Thane,High-Speed Rail / DFC,High,Stage 4: Section 19 Declaration,21.79,203,218,163.88,80.73,23.65,57.08,0.293,12,0.923,3,63,4,0,4,1,0,1,175,332,249,0.98,56.2,0.464,0,0.911,1,185
LA-2026-1189,Odisha,Jajpur,High-Speed Rail / DFC,Cabinet Fast-Track,Stage 4: Section 19 Declaration,29.17,143,125,98.94,35.21,4.79,30.42,0.136,11,0.333,7,98,2,0,2,0,1,1,149,404,206,0.98,65.2,0.391,0,0.738,1,137
LA-2026-1190,Madhya Pradesh,Ujjain,Industrial Smart City Corridor,Cabinet Fast-Track,Stage 5: Valuation & Compensation Award,53.19,365,232,135.45,73.77,42.86,30.91,0.581,17,0.586,2,35,9,1,10,1,0,0,173,114,477,0.98,18.3,0.246,4,0.855,1,193
LA-2026-1191,Odisha,Angul,Renewable Energy Solar Park,Normal,Stage 2: Section 11 Notification,73.92,297,240,193.96,63.87,7.79,56.08,0.122,2,0.105,6,14,6,0,6,0,0,0,24,274,353,0.98,42.7,0.458,5,0.657,1,80
LA-2026-1192,Gujarat,Ahmedabad,National Highway Corridor,High,Stage 3: Section 15 Hearing & Objections,13.21,109,70,130.13,60.01,9.9,50.11,0.165,16,0.696,8,100,2,0,2,1,0,0,137,113,78,0.98,58.2,0.198,6,0.758,1,187
LA-2026-1193,Tamil Nadu,Kanchipuram,Rural Road Connectivity (PMGSY),Normal,Stage 6: Land Possession & Handover,5.17,46,30,148.56,69.97,54.72,15.25,0.782,4,0.286,1,63,0,0,0,0,0,0,144,308,311,0.98,48.8,0.317,4,0.45,0,0
LA-2026-1194,Gujarat,Vadodara,High-Speed Rail / DFC,Critical,Stage 5: Valuation & Compensation Award,101.88,517,552,372.14,117.65,51.18,66.47,0.435,16,0.842,0,0,10,1,11,0,0,1,39,323,-38,0.98,99.0,0.213,6,0.876,1,213
LA-2026-1195,Maharashtra,Aurangabad,Rural Road Connectivity (PMGSY),Cabinet Fast-Track,Stage 6: Land Possession & Handover,480.09,1889,1326,1356.38,359.45,232.92,126.53,0.648,20,0.571,4,105,37,1,40,0,1,0,116,284,225,0.98,54.8,0.244,1,0.879,1,170
LA-2026-1196,Maharashtra,Nashik,National Highway Corridor,Cabinet Fast-Track,Stage 5: Valuation & Compensation Award,81.79,406,423,229.16,76.77,35.31,41.46,0.46,14,0.483,0,0,7,0,7,0,0,1,32,365,133,0.98,72.3,0.259,2,0.575,1,174
LA-2026-1197,Rajasthan,Jodhpur,Urban Metro Transit Extension,High,Stage 5: Valuation & Compensation Award,214.79,1672,1661,533.56,173.15,135.4,37.75,0.782,17,0.895,5,81,24,0,24,0,1,0,16,239,-53,0.98,99.0,0.297,5,0.634,1,137
LA-2026-1198,Madhya Pradesh,Jabalpur,National Highway Corridor,High,Stage 2: Section 11 Notification,54.88,157,140,180.04,46.54,0.42,46.12,0.009,2,0.154,4,11,2,0,2,1,0,0,135,244,179,0.98,56.7,0.319,2,0.763,1,164
LA-2026-1199,Rajasthan,Jaipur,Renewable Energy Solar Park,Normal,Stage 3: Section 15 Hearing & Objections,247.8,1741,1753,682.1,229.7,44.33,185.37,0.193,9,0.643,0,0,22,0,22,1,0,0,110,356,-40,0.98,99.0,0.33,2,0.867,1,180
LA-2026-1200,Madhya Pradesh,Jabalpur,Industrial Smart City Corridor,Cabinet Fast-Track,Stage 2: Section 11 Notification,154.9,1161,1166,551.31,199.61,12.58,187.03,0.063,3,0.188,2,13,14,1,18,1,0,0,61,68,351,0.98,15.2,0.303,6,0.701,1,246
LA-2026-1201,Karnataka,Dharwad,Industrial Smart City Corridor,Cabinet Fast-Track,Stage 2: Section 11 Notification,139.49,1109,1141,464.93,201.39,6.04,195.35,0.03,19,0.576,0,0,19,1,22,0,0,0,50,76,226,0.98,24.2,0.206,3,0.691,1,166
LA-2026-1202,Maharashtra,Thane,Industrial Smart City Corridor,High,Stage 3: Section 15 Hearing & Objections,20.36,62,53,111.23,45.87,4.22,41.65,0.092,35,1.0,3,12,1,0,1,0,1,0,152,493,101,0.98,82.0,0.442,0,0.77,1,276
LA-2026-1203,Maharashtra,Nagpur,High-Speed Rail / DFC,High,Stage 3: Section 15 Hearing & Objections,79.17,291,219,143.14,47.28,0.19,47.09,0.004,5,0.156,4,117,9,0,9,1,0,0,171,411,179,0.98,68.7,0.286,1,0.798,1,174
LA-2026-1204,Uttar Pradesh,Noida,National Highway Corridor,Normal,Stage 5: Valuation & Compensation Award,6.9,94,77,105.51,29.99,9.48,20.51,0.316,23,0.92,6,63,4,0,4,0,1,1,156,116,115,0.98,49.2,0.545,1,0.963,1,285
LA-2026-1205,Tamil Nadu,Madurai,Major Irrigation & Canal,High,Stage 5: Valuation & Compensation Award,189.3,760,552,267.82,109.99,56.2,53.79,0.511,13,0.481,8,61,11,1,14,0,0,0,85,361,70,0.98,82.8,0.262,6,0.959,1,231
LA-2026-1206,Karnataka,Mangaluru,Rural Road Connectivity (PMGSY),Normal,Stage 3: Section 15 Hearing & Objections,169.12,1330,806,423.08,107.74,3.88,103.86,0.036,11,0.407,8,41,16,0,16,0,1,0,149,521,26,0.98,94.3,0.274,6,0.834,1,185
LA-2026-1207,Tamil Nadu,Kanchipuram,Rural Road Connectivity (PMGSY),Cabinet Fast-Track,Stage 4: Section 19 Declaration,165.09,980,771,561.05,308.1,148.5,159.6,0.482,3,0.176,3,84,13,1,14,0,0,0,69,628,-82,0.98,99.0,0.361,6,0.721,1,127
LA-2026-1208,Madhya Pradesh,Jabalpur,Rural Road Connectivity (PMGSY),High,Stage 4: Section 19 Declaration,44.22,253,234,131.17,41.36,18.69,22.67,0.452,22,0.629,0,0,1,0,1,0,0,0,91,333,89,0.98,77.9,0.318,1,0.59,1,201
LA-2026-1209,Karnataka,Dharwad,Renewable Energy Solar Park,Critical,Stage 1: Preliminary Survey & SIA,10.85,123,105,123.79,59.12,6.21,52.91,0.105,3,0.231,3,2,1,0,1,1,0,0,33,68,614,0.98,9.0,0.205,1,0.487,1,93
LA-2026-1210,Gujarat,Vadodara,Urban Metro Transit Extension,High,Stage 4: Section 19 Declaration,47.12,187,183,215.25,111.23,40.38,70.85,0.363,4,0.25,1,108,2,0,2,0,1,0,15,90,421,0.98,16.6,0.155,5,0.484,1,136
LA-2026-1211,Madhya Pradesh,Ujjain,National Highway Corridor,Critical,Stage 1: Preliminary Survey & SIA,37.01,157,127,201.31,61.68,2.78,58.9,0.045,27,0.771,7,83,5,1,8,0,1,0,50,169,341,0.98,32.2,0.243,5,0.871,1,183
LA-2026-1212,Tamil Nadu,Coimbatore,High-Speed Rail / DFC,Normal,Stage 2: Section 11 Notification,90.99,445,309,284.07,121.75,22.77,98.98,0.187,10,0.588,3,81,8,0,8,1,0,1,18,611,-31,0.98,99.0,0.242,2,0.727,1,81
LA-2026-1213,Gujarat,Ahmedabad,Rural Road Connectivity (PMGSY),Critical,Stage 3: Section 15 Hearing & Objections,74.27,218,177,181.72,85.57,13.43,72.14,0.157,2,0.105,5,32,4,0,4,0,1,0,63,165,26,0.98,85.4,0.193,3,0.698,1,317
LA-2026-1214,Madhya Pradesh,Indore,Major Irrigation & Canal,Cabinet Fast-Track,Stage 3: Section 15 Hearing & Objections,35.81,201,122,183.22,76.93,6.92,70.01,0.09,15,1.0,3,20,2,0,2,0,1,0,106,589,-50,0.98,99.0,0.269,0,0.751,1,211
LA-2026-1215,Odisha,Jajpur,National Highway Corridor,Normal,Stage 1: Preliminary Survey & SIA,8.38,107,114,82.42,30.26,5.45,24.81,0.18,4,0.114,8,120,3,0,3,1,0,0,51,222,132,0.98,61.7,0.417,3,0.687,1,145
LA-2026-1216,Maharashtra,Nashik,Urban Metro Transit Extension,High,Stage 4: Section 19 Declaration,45.51,252,217,211.8,115.29,35.16,80.13,0.305,10,0.667,3,24,3,0,3,0,0,0,23,190,434,0.98,29.5,0.271,4,0.59,1,107
LA-2026-1217,Tamil Nadu,Madurai,Industrial Smart City Corridor,High,Stage 1: Preliminary Survey & SIA,44.7,394,360,142.52,77.28,6.65,70.63,0.086,26,0.897,7,19,5,1,6,0,0,0,156,231,-1,0.98,99.0,0.304,4,0.98,1,216
LA-2026-1218,Rajasthan,Jodhpur,National Highway Corridor,Normal,Stage 6: Land Possession & Handover,10.31,110,99,155.07,76.12,69.57,6.55,0.914,7,0.5,1,39,2,0,2,0,0,1,84,356,-2,0.98,99.0,0.293,5,0.539,1,98
LA-2026-1219,Madhya Pradesh,Indore,Industrial Smart City Corridor,Cabinet Fast-Track,Stage 2: Section 11 Notification,221.09,1343,869,639.88,172.74,19.52,153.22,0.113,14,0.7,7,33,28,1,31,1,0,0,21,258,113,0.98,68.6,0.187,0,0.878,1,114
LA-2026-1220,Uttar Pradesh,Noida,Rural Road Connectivity (PMGSY),Cabinet Fast-Track,Stage 1: Preliminary Survey & SIA,64.19,572,554,223.38,122.67,22.94,99.73,0.187,16,0.667,6,68,12,0,12,0,0,0,25,313,99,0.98,75.0,0.517,2,0.828,1,124
LA-2026-1221,Uttar Pradesh,Agra,Rural Road Connectivity (PMGSY),Normal,Stage 3: Section 15 Hearing & Objections,31.58,122,82,224.54,121.33,23.05,98.28,0.19,3,0.188,7,22,2,0,2,1,1,0,168,615,94,0.98,85.8,0.346,1,0.59,1,149
LA-2026-1222,Gujarat,Ahmedabad,Major Irrigation & Canal,Normal,Stage 3: Section 15 Hearing & Objections,30.19,161,101,164.57,48.4,7.02,41.38,0.145,8,0.5,5,116,2,0,2,0,1,0,170,236,389,0.98,36.8,0.19,4,0.693,1,180
LA-2026-1223,Madhya Pradesh,Ujjain,Industrial Smart City Corridor,Critical,Stage 2: Section 11 Notification,143.43,523,517,285.96,71.76,2.15,69.61,0.03,16,0.533,6,14,11,0,11,0,0,0,169,42,607,0.98,5.5,0.271,0,0.625,1,144
LA-2026-1224,Uttar Pradesh,Prayagraj,Rural Road Connectivity (PMGSY),Normal,Stage 5: Valuation & Compensation Award,244.74,665,561,764.83,302.07,96.96,205.11,0.321,12,0.6,7,73,10,0,10,1,1,0,115,382,90,0.98,80.0,0.43,4,0.882,1,190
LA-2026-1225,Madhya Pradesh,Bhopal,Major Irrigation & Canal,Critical,Stage 2: Section 11 Notification,27.2,192,186,70.71,35.81,2.22,33.59,0.062,11,0.55,0,0,5,1,8,0,0,0,131,55,368,0.98,12.0,0.334,5,0.861,1,191
LA-2026-1226,Uttar Pradesh,Varanasi,High-Speed Rail / DFC,Critical,Stage 4: Section 19 Declaration,29.77,263,231,213.18,64.49,20.7,43.79,0.321,26,0.743,1,24,3,0,3,0,0,0,78,358,275,0.98,55.6,0.445,4,0.725,1,123
LA-2026-1227,Odisha,Khurda,Renewable Energy Solar Park,High,Stage 6: Land Possession & Handover,122.93,461,404,215.71,69.27,64.77,4.5,0.935,16,1.0,0,0,7,1,9,1,0,0,113,548,-50,0.98,99.0,0.351,2,0.943,1,201
LA-2026-1228,Karnataka,Belagavi,Industrial Smart City Corridor,Cabinet Fast-Track,Stage 1: Preliminary Survey & SIA,108.5,918,875,330.57,158.3,14.09,144.21,0.089,1,0.03,3,47,15,0,15,0,0,0,41,680,-94,0.98,99.0,0.222,4,0.767,1,165
LA-2026-1229,Odisha,Jajpur,High-Speed Rail / DFC,Critical,Stage 1: Preliminary Survey & SIA,16.19,140,122,159.59,47.59,5.43,42.16,0.114,1,0.042,2,109,1,0,1,0,0,0,17,175,97,0.98,63.4,0.421,5,0.471,0,0
LA-2026-1230,Karnataka,Belagavi,Urban Metro Transit Extension,Cabinet Fast-Track,Stage 4: Section 19 Declaration,33.05,127,114,62.05,26.09,5.53,20.56,0.212,5,0.312,0,0,1,0,1,0,0,0,131,34,166,0.98,16.0,0.225,5,0.479,0,0
LA-2026-1231,Tamil Nadu,Salem,Major Irrigation & Canal,Critical,Stage 2: Section 11 Notification,227.88,1116,680,774.51,373.76,43.73,330.03,0.117,21,1.0,8,105,15,0,15,1,0,0,129,141,297,0.98,31.2,0.204,6,0.92,1,355
LA-2026-1232,Odisha,Sambalpur,Urban Metro Transit Extension,Critical,Stage 4: Section 19 Declaration,31.23,220,153,146.66,63.05,15.01,48.04,0.238,8,0.364,5,110,4,0,4,0,0,0,26,276,14,0.98,94.2,0.32,5,0.653,1,126
LA-2026-1233,Tamil Nadu,Coimbatore,High-Speed Rail / DFC,High,Stage 4: Section 19 Declaration,139.49,630,476,454.0,248.57,75.07,173.5,0.302,1,0.029,7,37,11,1,15,0,0,0,45,357,236,0.98,59.2,0.224,6,0.635,1,81
LA-2026-1234,Karnataka,Belagavi,Urban Metro Transit Extension,High,Stage 4: Section 19 Declaration,21.58,104,101,31.47,9.87,5.16,4.71,0.523,22,0.667,8,38,1,0,1,0,0,0,131,683,44,0.98,93.0,0.194,1,0.661,1,258
LA-2026-1235,Tamil Nadu,Kanchipuram,Major Irrigation & Canal,High,Stage 2: Section 11 Notification,31.94,155,165,208.46,103.55,4.66,98.89,0.045,5,0.156,3,45,1,0,1,0,0,0,95,217,227,0.98,47.9,0.373,2,0.582,1,170
LA-2026-1236,Odisha,Jajpur,Renewable Energy Solar Park,Critical,Stage 6: Land Possession & Handover,79.47,399,419,250.0,111.9,105.97,5.93,0.947,4,0.125,7,113,6,1,7,0,0,0,23,270,30,0.98,89.0,0.406,0,0.666,1,189
LA-2026-1237,Gujarat,Surat,High-Speed Rail / DFC,Critical,Stage 1: Preliminary Survey & SIA,78.1,459,324,169.94,80.15,5.05,75.1,0.063,11,0.324,1,62,6,1,8,1,0,1,90,176,472,0.98,26.2,0.218,6,0.91,1,238
LA-2026-1238,Gujarat,Bharuch,Rural Road Connectivity (PMGSY),High,Stage 2: Section 11 Notification,41.29,149,140,125.8,54.62,4.7,49.92,0.086,20,0.8,6,51,4,0,4,0,1,0,167,96,174,0.98,34.6,0.259,4,0.856,1,180
LA-2026-1239,Karnataka,Belagavi,National Highway Corridor,Critical,Stage 2: Section 11 Notification,38.81,171,173,206.4,86.63,12.04,74.59,0.139,0,0.0,3,28,2,0,2,0,1,0,14,225,498,0.98,30.1,0.243,4,0.433,0,0
LA-2026-1240,Tamil Nadu,Coimbatore,National Highway Corridor,Normal,Stage 3: Section 15 Hearing & Objections,24.42,77,82,149.05,38.72,5.3,33.42,0.137,21,0.677,6,113,1,0,1,1,0,0,143,496,-19,0.98,99.0,0.226,6,0.763,1,202
LA-2026-1241,Karnataka,Mysuru,Rural Road Connectivity (PMGSY),Cabinet Fast-Track,Stage 3: Section 15 Hearing & Objections,111.62,348,315,474.78,129.63,9.72,119.91,0.075,0,0.0,8,21,7,1,8,0,0,0,43,144,269,0.98,33.9,0.251,4,0.76,1,121
LA-2026-1242,Maharashtra,Aurangabad,National Highway Corridor,Normal,Stage 2: Section 11 Notification,96.24,294,258,221.58,65.78,7.17,58.61,0.109,14,0.56,6,15,3,0,3,0,1,0,39,54,146,0.98,26.0,0.335,5,0.592,1,299
LA-2026-1243,Maharashtra,Thane,Major Irrigation & Canal,Normal,Stage 4: Section 19 Declaration,158.93,493,452,463.86,220.67,78.56,142.11,0.356,8,0.258,6,106,11,0,11,0,0,0,169,306,406,0.98,42.0,0.432,6,0.718,1,260
LA-2026-1244,Uttar Pradesh,Agra,High-Speed Rail / DFC,High,Stage 2: Section 11 Notification,36.35,227,230,206.58,71.75,0.57,71.18,0.008,26,0.765,4,20,4,0,4,0,1,0,101,236,213,0.98,51.6,0.397,2,0.751,1,146
LA-2026-1245,Karnataka,Bengaluru Rural,National Highway Corridor,Normal,Stage 2: Section 11 Notification,133.77,1156,1074,382.38,203.26,18.5,184.76,0.091,2,0.071,1,115,19,1,21,0,0,1,33,182,503,0.98,25.6,0.463,6,0.871,1,124
LA-2026-1246,Gujarat,Ahmedabad,Rural Road Connectivity (PMGSY),Critical,Stage 5: Valuation & Compensation Award,19.84,103,102,161.32,56.81,43.69,13.12,0.769,1,0.067,0,0,0,0,0,0,1,0,39,466,34,0.98,92.2,0.155,2,0.388,0,0
LA-2026-1247,Rajasthan,Udaipur,Industrial Smart City Corridor,Normal,Stage 5: Valuation & Compensation Award,11.79,76,77,69.42,22.18,16.86,5.32,0.76,12,0.5,7,34,2,0,2,0,0,0,39,217,313,0.98,40.0,0.261,3,0.418,0,0
LA-2026-1248,Gujarat,Ahmedabad,High-Speed Rail / DFC,Normal,Stage 4: Section 19 Declaration,47.42,161,172,191.93,62.25,25.27,36.98,0.406,15,0.5,7,23,2,0,2,0,0,0,116,83,260,0.98,23.2,0.202,6,0.562,1,106
LA-2026-1249,Gujarat,Rajkot,Major Irrigation & Canal,Normal,Stage 3: Section 15 Hearing & Objections,123.33,454,293,268.22,84.9,11.97,72.93,0.141,20,1.0,5,1,3,0,3,0,0,0,26,77,554,0.98,11.2,0.199,4,0.665,1,80
LA-2026-1250,Karnataka,Belagavi,Renewable Energy Solar Park,Normal,Stage 3: Section 15 Hearing & Objections,32.89,163,101,141.95,49.73,8.21,41.52,0.165,24,0.727,2,107,1,0,1,0,0,0,98,276,158,0.98,62.6,0.191,0,0.714,1,165
LA-2026-1251,Gujarat,Bharuch,Rural Road Connectivity (PMGSY),Cabinet Fast-Track,Stage 5: Valuation & Compensation Award,19.2,80,61,64.08,19.31,6.33,12.98,0.328,7,0.318,5,35,1,0,1,1,0,0,135,68,281,0.98,18.5,0.272,3,0.56,1,215
LA-2026-1252,Karnataka,Bengaluru Rural,Major Irrigation & Canal,Cabinet Fast-Track,Stage 4: Section 19 Declaration,36.78,146,134,237.0,69.28,32.77,36.51,0.473,10,0.385,1,63,0,0,0,1,0,0,137,120,518,0.98,17.8,0.454,0,0.429,0,0
LA-2026-1253,Maharashtra,Pune,Rural Road Connectivity (PMGSY),Critical,Stage 6: Land Possession & Handover,70.11,222,163,220.43,65.44,61.38,4.06,0.938,11,0.5,0,0,6,0,6,0,0,0,126,365,26,0.98,92.4,0.323,4,0.639,1,177
LA-2026-1254,Rajasthan,Kota,Urban Metro Transit Extension,Cabinet Fast-Track,Stage 2: Section 11 Notification,39.08,255,235,103.89,34.67,4.4,30.27,0.127,5,0.417,5,106,3,0,3,0,0,0,66,367,-88,0.98,99.0,0.219,2,0.582,1,126
LA-2026-1255,Uttar Pradesh,Lucknow,High-Speed Rail / DFC,Cabinet Fast-Track,Stage 6: Land Possession & Handover,94.74,696,505,321.6,92.55,70.06,22.49,0.757,12,0.387,3,15,9,0,9,0,0,0,75,139,460,0.98,22.2,0.352,0,0.62,1,150
LA-2026-1256,Madhya Pradesh,Bhopal,Urban Metro Transit Extension,Normal,Stage 3: Section 15 Hearing & Objections,77.8,441,296,141.07,75.18,0.08,75.1,0.001,30,1.0,8,17,6,0,6,0,0,0,178,498,143,0.98,76.7,0.322,3,0.98,1,177
LA-2026-1257,Rajasthan,Udaipur,Rural Road Connectivity (PMGSY),High,Stage 3: Section 15 Hearing & Objections,16.48,62,39,38.59,16.96,2.98,13.98,0.176,12,0.8,5,64,1,0,1,0,0,0,42,404,-47,0.98,99.0,0.238,5,0.678,1,107
LA-2026-1258,Karnataka,Belagavi,Major Irrigation & Canal,Critical,Stage 5: Valuation & Compensation Award,9.4,110,75,68.93,28.54,21.8,6.74,0.764,19,0.76,8,38,0,0,0,0,0,0,45,166,477,0.98,24.8,0.224,5,0.391,0,0
LA-2026-1259,Karnataka,Mysuru,High-Speed Rail / DFC,Critical,Stage 3: Section 15 Hearing & Objections,18.88,188,181,204.33,88.2,11.2,77.0,0.127,16,0.941,8,88,4,0,4,0,0,0,176,165,368,0.98,30.0,0.258,4,0.854,1,161
LA-2026-1260,Madhya Pradesh,Ujjain,Industrial Smart City Corridor,Cabinet Fast-Track,Stage 3: Section 15 Hearing & Objections,16.62,108,104,130.92,54.59,7.32,47.27,0.134,4,0.167,0,0,0,0,0,1,0,0,16,84,109,0.98,42.5,0.256,1,0.473,0,0
LA-2026-1261,Tamil Nadu,Madurai,High-Speed Rail / DFC,Normal,Stage 3: Section 15 Hearing & Objections,14.28,119,88,157.71,40.07,4.93,35.14,0.123,5,0.385,7,13,1,0,1,0,0,1,148,238,244,0.98,48.4,0.285,5,0.7,1,135
LA-2026-1262,Madhya Pradesh,Indore,Renewable Energy Solar Park,Critical,Stage 1: Preliminary Survey & SIA,46.19,314,249,90.22,31.08,1.27,29.81,0.041,25,1.0,5,70,8,1,11,0,0,0,109,225,3,0.98,97.7,0.247,3,0.98,1,165
LA-2026-1263,Karnataka,Belagavi,Rural Road Connectivity (PMGSY),High,Stage 5: Valuation & Compensation Award,102.44,491,449,208.43,95.47,34.94,60.53,0.366,2,0.118,2,22,7,0,7,1,0,0,124,180,198,0.98,46.6,0.254,2,0.677,1,155
LA-2026-1264,Gujarat,Surat,Renewable Energy Solar Park,Critical,Stage 1: Preliminary Survey & SIA,23.57,111,72,141.29,58.27,0.58,57.69,0.01,2,0.154,5,76,0,0,0,0,0,0,49,507,11,0.98,96.9,0.241,5,0.509,1,77
LA-2026-1265,Tamil Nadu,Salem,Rural Road Connectivity (PMGSY),Critical,Stage 4: Section 19 Declaration,27.63,210,223,109.19,40.37,14.25,26.12,0.353,16,0.941,1,100,4,0,4,0,0,0,66,568,-63,0.98,99.0,0.224,0,0.877,1,259
LA-2026-1266,Odisha,Sundargarh,High-Speed Rail / DFC,Critical,Stage 6: Land Possession & Handover,246.4,1432,1520,972.54,331.54,285.12,46.42,0.86,30,0.968,8,105,24,0,24,1,0,1,65,330,219,0.98,59.1,0.406,5,0.836,1,139
LA-2026-1267,Karnataka,Bengaluru Rural,Urban Metro Transit Extension,Critical,Stage 1: Preliminary Survey & SIA,37.53,259,261,98.06,29.4,5.35,24.05,0.182,23,0.793,4,3,2,0,2,0,0,0,75,227,69,0.98,75.7,0.509,6,0.764,1,290
LA-2026-1268,Rajasthan,Alwar,National Highway Corridor,Critical,Stage 2: Section 11 Notification,366.67,964,797,816.42,237.26,0.24,237.02,0.001,1,0.071,2,98,10,0,10,1,0,0,141,194,183,0.98,50.5,0.377,6,0.903,1,195
LA-2026-1269,Madhya Pradesh,Bhopal,High-Speed Rail / DFC,Cabinet Fast-Track,Stage 5: Valuation & Compensation Award,100.7,287,202,183.81,78.78,27.42,51.36,0.348,22,0.846,5,4,4,0,4,1,0,0,16,108,145,0.98,41.7,0.273,4,0.662,1,126
LA-2026-1270,Karnataka,Belagavi,Major Irrigation & Canal,Cabinet Fast-Track,Stage 4: Section 19 Declaration,34.87,157,140,177.03,84.36,8.69,75.67,0.103,6,0.5,1,68,1,0,1,0,1,0,90,473,121,0.98,78.6,0.216,5,0.742,1,152
LA-2026-1271,Maharashtra,Pune,Industrial Smart City Corridor,Normal,Stage 3: Section 15 Hearing & Objections,135.05,578,542,374.14,130.09,12.36,117.73,0.095,12,0.462,6,105,7,0,7,0,1,0,82,118,370,0.98,23.2,0.342,3,0.817,1,214
LA-2026-1272,Tamil Nadu,Coimbatore,Industrial Smart City Corridor,Critical,Stage 3: Section 15 Hearing & Objections,180.99,504,373,280.96,124.52,2.12,122.4,0.017,9,0.75,6,68,6,0,6,1,0,0,20,93,231,0.98,27.7,0.209,5,0.796,1,199
LA-2026-1273,Odisha,Sundargarh,Major Irrigation & Canal,High,Stage 1: Preliminary Survey & SIA,42.02,337,238,214.99,82.47,11.05,71.42,0.134,6,0.3,1,23,4,0,4,0,1,0,167,143,225,0.98,37.9,0.427,6,0.879,1,196
LA-2026-1274,Rajasthan,Udaipur,National Highway Corridor,Critical,Stage 5: Valuation & Compensation Award,33.32,298,234,94.64,27.72,18.54,9.18,0.669,18,1.0,7,42,6,0,6,1,0,1,35,158,90,0.98,62.7,0.28,1,0.758,1,103
LA-2026-1275,Odisha,Angul,Major Irrigation & Canal,Critical,Stage 1: Preliminary Survey & SIA,7.22,67,59,110.99,59.71,2.03,57.68,0.034,11,0.367,5,54,0,0,0,0,0,0,154,186,307,0.98,36.7,0.445,5,0.634,1,127
LA-2026-1276,Madhya Pradesh,Jabalpur,Rural Road Connectivity (PMGSY),Critical,Stage 2: Section 11 Notification,93.17,283,288,169.96,51.15,5.63,45.52,0.11,11,0.423,4,62,3,0,3,1,0,0,128,521,-2,0.98,99.0,0.334,6,0.672,1,414
LA-2026-1277,Tamil Nadu,Coimbatore,Renewable Energy Solar Park,High,Stage 3: Section 15 Hearing & Objections,18.07,109,80,81.04,21.61,3.52,18.09,0.163,20,0.714,0,0,3,0,3,0,0,0,14,68,190,0.98,25.4,0.246,1,0.557,1,62
LA-2026-1278,Maharashtra,Aurangabad,Industrial Smart City Corridor,Cabinet Fast-Track,Stage 4: Section 19 Declaration,285.6,932,638,364.24,113.76,40.38,73.38,0.355,18,0.947,4,17,9,0,9,0,0,0,110,217,115,0.98,64.4,0.301,5,0.892,1,232
LA-2026-1279,Karnataka,Mangaluru,Urban Metro Transit Extension,High,Stage 3: Section 15 Hearing & Objections,93.62,756,544,422.19,134.0,25.19,108.81,0.188,5,0.294,2,94,8,0,8,1,0,0,124,173,533,0.98,23.5,0.34,1,0.718,1,147
LA-2026-1280,Uttar Pradesh,Noida,Industrial Smart City Corridor,High,Stage 3: Section 15 Hearing & Objections,78.41,633,598,160.58,66.57,1.4,65.17,0.021,15,0.625,7,112,11,1,14,0,0,0,102,295,96,0.98,74.5,0.489,2,0.98,1,167
LA-2026-1281,Tamil Nadu,Tiruchirappalli,Renewable Energy Solar Park,High,Stage 4: Section 19 Declaration,51.07,264,234,139.16,57.9,16.68,41.22,0.288,4,0.125,8,32,2,0,2,0,0,0,160,404,163,0.98,70.3,0.246,2,0.723,1,164
LA-2026-1282,Odisha,Angul,Rural Road Connectivity (PMGSY),Cabinet Fast-Track,Stage 3: Section 15 Hearing & Objections,30.73,244,170,95.43,36.47,3.76,32.71,0.103,5,0.192,3,9,3,0,3,0,1,0,45,286,-100,0.98,99.0,0.457,1,0.731,1,116
LA-2026-1283,Odisha,Sambalpur,Urban Metro Transit Extension,Normal,Stage 1: Preliminary Survey & SIA,28.62,107,95,130.06,50.92,4.89,46.03,0.096,7,0.2,7,86,2,0,2,1,1,0,94,242,173,0.98,57.3,0.327,6,0.723,1,157
LA-2026-1284,Madhya Pradesh,Bhopal,High-Speed Rail / DFC,Normal,Stage 5: Valuation & Compensation Award,6.94,96,100,140.16,53.11,20.77,32.34,0.391,1,0.036,2,7,2,0,2,0,0,0,171,98,246,0.98,27.5,0.289,4,0.556,1,144
LA-2026-1285,Maharashtra,Thane,National Highway Corridor,High,Stage 5: Valuation & Compensation Award,36.1,225,201,161.86,49.08,30.43,18.65,0.62,13,0.684,2,101,3,0,3,0,0,0,53,523,139,0.98,78.0,0.437,1,0.584,1,108
LA-2026-1286,Odisha,Angul,Renewable Energy Solar Park,Normal,Stage 3: Section 15 Hearing & Objections,174.26,793,845,180.41,93.06,9.4,83.66,0.101,0,0.0,3,66,13,0,13,0,1,0,43,424,143,0.98,73.8,0.418,0,0.789,1,169
LA-2026-1287,Gujarat,Rajkot,Renewable Energy Solar Park,Normal,Stage 2: Section 11 Notification,185.05,535,357,284.96,73.34,12.17,61.17,0.166,7,0.5,2,115,9,0,9,0,0,0,40,545,179,0.98,74.3,0.131,5,0.758,1,123
LA-2026-1288,Madhya Pradesh,Ujjain,Major Irrigation & Canal,Critical,Stage 4: Section 19 Declaration,18.95,93,74,125.89,59.02,23.31,35.71,0.395,25,0.926,6,44,0,0,0,0,0,0,68,469,253,0.98,64.0,0.277,5,0.577,1,130
LA-2026-1289,Uttar Pradesh,Agra,High-Speed Rail / DFC,Critical,Stage 5: Valuation & Compensation Award,93.08,676,540,159.45,83.94,57.92,26.02,0.69,19,0.905,8,52,8,1,9,0,0,1,31,495,-77,0.98,99.0,0.336,0,0.683,1,90
LA-2026-1290,Madhya Pradesh,Indore,Urban Metro Transit Extension,Critical,Stage 5: Valuation & Compensation Award,7.2,77,64,52.67,18.18,14.0,4.18,0.77,20,0.8,4,33,1,0,1,0,0,0,49,139,411,0.98,24.3,0.245,2,0.529,1,199
LA-2026-1291,Madhya Pradesh,Indore,Major Irrigation & Canal,Cabinet Fast-Track,Stage 2: Section 11 Notification,18.48,154,158,48.69,21.95,1.51,20.44,0.069,8,0.296,4,73,1,0,1,0,0,0,152,602,-43,0.98,99.0,0.228,6,0.68,1,133
LA-2026-1292,Uttar Pradesh,Varanasi,Major Irrigation & Canal,High,Stage 6: Land Possession & Handover,102.56,418,432,281.85,138.38,127.59,10.79,0.922,17,0.773,0,0,8,1,9,0,0,0,112,290,109,0.98,71.7,0.403,4,0.838,1,134
LA-2026-1293,Madhya Pradesh,Bhopal,National Highway Corridor,Critical,Stage 6: Land Possession & Handover,100.97,682,606,241.52,117.84,99.69,18.15,0.846,11,0.846,6,119,9,0,9,0,0,0,165,111,448,0.98,18.9,0.3,6,0.646,1,210
LA-2026-1294,Gujarat,Rajkot,Major Irrigation & Canal,Normal,Stage 4: Section 19 Declaration,85.48,394,250,279.87,89.54,36.53,53.01,0.408,12,0.923,8,66,8,0,8,0,0,0,59,322,388,0.98,44.4,0.134,5,0.751,1,117
LA-2026-1295,Maharashtra,Nagpur,National Highway Corridor,Critical,Stage 3: Section 15 Hearing & Objections,20.58,148,97,58.41,21.55,0.06,21.49,0.003,18,0.75,3,66,3,0,3,0,0,0,111,391,198,0.98,65.4,0.254,5,0.821,1,160
LA-2026-1296,Odisha,Jajpur,Rural Road Connectivity (PMGSY),Critical,Stage 5: Valuation & Compensation Award,17.56,84,89,159.87,54.91,28.77,26.14,0.524,0,0.0,4,22,0,0,0,1,1,0,113,262,117,0.98,68.1,0.399,2,0.559,1,101
LA-2026-1297,Odisha,Khurda,Rural Road Connectivity (PMGSY),Critical,Stage 2: Section 11 Notification,60.37,474,284,325.58,153.9,29.55,124.35,0.192,18,0.75,7,98,5,1,8,0,0,0,123,385,51,0.98,87.3,0.362,4,0.836,1,179
LA-2026-1298,Maharashtra,Nashik,National Highway Corridor,Critical,Stage 2: Section 11 Notification,87.54,641,678,138.13,65.62,9.19,56.43,0.14,13,0.591,5,66,11,0,11,1,0,0,68,255,316,0.98,43.7,0.225,5,0.738,1,208
LA-2026-1299,Odisha,Khurda,Renewable Energy Solar Park,High,Stage 3: Section 15 Hearing & Objections,32.86,249,272,126.0,58.2,7.97,50.23,0.137,8,0.267,2,95,0,0,0,0,0,0,65,392,109,0.98,77.3,0.353,1,0.413,0,0
LA-2026-1300,Karnataka,Mysuru,Rural Road Connectivity (PMGSY),Critical,Stage 4: Section 19 Declaration,150.23,712,451,665.71,193.79,84.88,108.91,0.438,22,0.71,2,99,7,1,8,0,0,0,73,133,281,0.98,31.1,0.222,6,0.782,1,111
LA-2026-1301,Maharashtra,Nashik,Industrial Smart City Corridor,Critical,Stage 5: Valuation & Compensation Award,54.08,490,474,249.28,87.7,32.54,55.16,0.371,8,0.286,6,28,8,0,8,0,0,0,56,532,-71,0.98,99.0,0.238,4,0.609,1,176
LA-2026-1302,Maharashtra,Aurangabad,Industrial Smart City Corridor,Cabinet Fast-Track,Stage 1: Preliminary Survey & SIA,17.72,140,98,146.8,58.83,0.12,58.71,0.002,33,0.971,7,40,7,0,7,1,0,0,40,264,94,0.98,72.8,0.334,2,0.854,1,159
LA-2026-1303,Odisha,Sambalpur,Rural Road Connectivity (PMGSY),Critical,Stage 1: Preliminary Survey & SIA,55.38,445,431,172.64,71.49,3.0,68.49,0.042,19,0.704,5,46,6,1,10,0,0,0,78,272,177,0.98,59.6,0.291,6,0.98,1,132
LA-2026-1304,Madhya Pradesh,Jabalpur,Major Irrigation & Canal,High,Stage 5: Valuation & Compensation Award,255.94,898,766,710.25,279.45,142.24,137.21,0.509,8,0.533,3,71,15,0,15,1,0,0,68,324,-10,0.98,99.0,0.322,1,0.691,1,135
LA-2026-1305,Rajasthan,Jaipur,High-Speed Rail / DFC,Cabinet Fast-Track,Stage 4: Section 19 Declaration,153.61,1042,1052,459.92,242.79,54.63,188.16,0.225,23,0.793,5,100,20,0,20,0,1,1,142,352,-35,0.98,99.0,0.333,1,0.921,1,201
LA-2026-1306,Maharashtra,Nagpur,Rural Road Connectivity (PMGSY),Critical,Stage 2: Section 11 Notification,296.89,1934,1741,856.24,425.72,68.97,356.75,0.162,11,0.55,5,71,28,0,28,0,0,0,95,260,18,0.98,92.5,0.271,2,0.727,1,123
LA-2026-1307,Karnataka,Mangaluru,Renewable Energy Solar Park,High,Stage 2: Section 11 Notification,7.18,89,91,80.26,22.16,3.26,18.9,0.147,32,0.97,7,99,1,0,1,0,0,0,93,393,78,0.98,82.5,0.326,2,0.653,1,153
LA-2026-1308,Rajasthan,Jodhpur,Rural Road Connectivity (PMGSY),High,Stage 2: Section 11 Notification,48.03,223,168,191.15,103.17,6.5,96.67,0.063,25,0.806,1,10,5,1,7,0,0,0,171,461,64,0.98,86.8,0.291,4,0.952,1,175
LA-2026-1309,Madhya Pradesh,Jabalpur,Major Irrigation & Canal,Critical,Stage 1: Preliminary Survey & SIA,44.55,354,213,187.66,79.51,1.99,77.52,0.025,5,0.294,0,0,4,0,4,1,0,0,115,491,222,0.98,67.9,0.325,5,0.859,1,175
LA-2026-1310,Uttar Pradesh,Varanasi,High-Speed Rail / DFC,Cabinet Fast-Track,Stage 5: Valuation & Compensation Award,88.2,671,520,376.81,180.36,106.05,74.31,0.588,1,0.034,0,0,8,0,8,0,1,0,131,62,215,0.98,21.4,0.398,0,0.712,1,246
LA-2026-1311,Madhya Pradesh,Jabalpur,High-Speed Rail / DFC,High,Stage 3: Section 15 Hearing & Objections,245.56,1577,1581,822.03,218.15,29.01,189.14,0.133,4,0.25,8,107,26,1,27,0,0,0,170,483,-13,0.98,99.0,0.354,6,0.89,1,246
LA-2026-1312,Tamil Nadu,Tiruchirappalli,Major Irrigation & Canal,High,Stage 2: Section 11 Notification,22.54,192,134,150.6,59.45,6.36,53.09,0.107,20,0.769,6,67,7,0,7,0,0,0,162,332,29,0.98,91.0,0.277,1,0.808,1,164
LA-2026-1313,Uttar Pradesh,Agra,Industrial Smart City Corridor,Critical,Stage 2: Section 11 Notification,24.6,72,43,100.17,36.69,5.58,31.11,0.152,0,0.0,8,104,3,0,3,1,0,0,87,189,257,0.98,41.4,0.329,4,0.685,1,181
LA-2026-1314,Maharashtra,Nashik,Rural Road Connectivity (PMGSY),Cabinet Fast-Track,Stage 4: Section 19 Declaration,36.47,311,263,71.89,36.13,13.51,22.62,0.374,14,0.452,0,0,4,0,4,1,0,0,84,250,-61,0.98,99.0,0.245,3,0.791,1,236
LA-2026-1315,Madhya Pradesh,Indore,High-Speed Rail / DFC,Cabinet Fast-Track,Stage 2: Section 11 Notification,101.95,434,296,361.01,159.06,24.34,134.72,0.153,6,0.429,3,66,4,0,4,0,0,0,77,255,312,0.98,44.0,0.215,2,0.719,1,174
LA-2026-1316,Tamil Nadu,Salem,High-Speed Rail / DFC,Normal,Stage 4: Section 19 Declaration,112.97,955,598,338.83,115.48,39.96,75.52,0.346,29,0.906,7,34,15,0,15,0,1,0,38,178,141,0.98,54.8,0.212,0,0.777,1,104
LA-2026-1317,Gujarat,Ahmedabad,Industrial Smart City Corridor,Critical,Stage 3: Section 15 Hearing & Objections,302.55,2088,1379,866.85,302.11,20.54,281.57,0.068,2,0.143,0,0,30,0,30,0,0,0,69,38,590,0.98,5.1,0.229,2,0.528,1,89
LA-2026-1318,Rajasthan,Jaipur,Industrial Smart City Corridor,Normal,Stage 2: Section 11 Notification,30.3,237,202,209.26,102.86,3.7,99.16,0.036,2,0.083,8,60,2,0,2,0,0,0,78,58,271,0.98,16.6,0.316,3,0.59,1,112
LA-2026-1319,Maharashtra,Pune,Rural Road Connectivity (PMGSY),High,Stage 3: Section 15 Hearing & Objections,173.64,782,829,231.93,109.52,4.6,104.92,0.042,14,0.778,1,66,12,0,12,0,0,0,18,283,350,0.98,43.7,0.335,2,0.77,1,101
LA-2026-1320,Gujarat,Ahmedabad,Urban Metro Transit Extension,Normal,Stage 3: Section 15 Hearing & Objections,11.62,77,78,58.63,29.22,5.06,24.16,0.173,11,0.611,0,0,3,0,3,1,1,0,86,683,-11,0.98,99.0,0.146,5,0.756,1,145
LA-2026-1321,Madhya Pradesh,Jabalpur,National Highway Corridor,High,Stage 4: Section 19 Declaration,72.41,602,440,155.96,60.0,26.7,33.3,0.445,0,0.0,0,0,10,0,10,0,1,0,111,152,310,0.98,31.9,0.36,1,0.66,1,188
LA-2026-1322,Gujarat,Rajkot,National Highway Corridor,Critical,Stage 2: Section 11 Notification,56.69,337,246,94.73,35.59,0.75,34.84,0.021,9,0.281,8,101,3,0,3,0,0,0,101,60,181,0.98,23.9,0.167,5,0.585,1,123
LA-2026-1323,Odisha,Angul,Urban Metro Transit Extension,High,Stage 1: Preliminary Survey & SIA,14.18,110,66,111.02,47.85,4.21,43.64,0.088,1,0.05,7,90,3,0,3,0,0,0,44,396,170,0.98,69.0,0.452,1,0.54,1,128
LA-2026-1324,Gujarat,Bharuch,Industrial Smart City Corridor,Critical,Stage 3: Section 15 Hearing & Objections,185.11,1202,1153,338.08,170.22,27.92,142.3,0.164,5,0.172,1,67,20,1,23,0,0,0,163,311,348,0.98,46.2,0.25,6,0.964,1,184
LA-2026-1325,Madhya Pradesh,Indore,National Highway Corridor,Critical,Stage 3: Section 15 Hearing & Objections,44.68,202,216,228.88,74.56,11.41,63.15,0.153,24,0.727,3,67,5,0,5,1,0,0,26,194,230,0.98,44.8,0.199,2,0.781,1,195
LA-2026-1326,Uttar Pradesh,Lucknow,Renewable Energy Solar Park,Normal,Stage 6: Land Possession & Handover,8.24,59,62,141.36,41.01,26.25,14.76,0.64,3,0.167,7,24,3,0,3,0,0,0,18,121,191,0.98,37.8,0.35,5,0.385,0,0
LA-2026-1327,Rajasthan,Udaipur,Renewable Energy Solar Park,Critical,Stage 3: Section 15 Hearing & Objections,39.32,280,297,151.9,48.71,2.05,46.66,0.042,4,0.118,0,0,5,0,5,0,0,0,165,256,299,0.98,45.1,0.268,0,0.795,1,172
LA-2026-1328,Rajasthan,Jaipur,Industrial Smart City Corridor,Cabinet Fast-Track,Stage 4: Section 19 Declaration,89.25,593,575,303.65,100.87,52.15,48.72,0.517,16,0.8,0,0,7,0,7,1,1,0,167,89,468,0.98,15.0,0.271,4,0.727,1,210
LA-2026-1329,Uttar Pradesh,Lucknow,Urban Metro Transit Extension,High,Stage 2: Section 11 Notification,100.28,307,306,150.73,64.15,2.31,61.84,0.036,21,0.75,3,72,6,0,6,0,0,0,59,224,350,0.98,38.0,0.384,0,0.913,1,241
LA-2026-1330,Odisha,Angul,Urban Metro Transit Extension,Cabinet Fast-Track,Stage 4: Section 19 Declaration,70.3,514,425,210.47,113.66,41.71,71.95,0.367,12,0.414,8,43,7,0,7,0,0,0,56,435,-85,0.98,99.0,0.407,2,0.706,1,206
LA-2026-1331,Odisha,Jajpur,Major Irrigation & Canal,Cabinet Fast-Track,Stage 2: Section 11 Notification,308.45,1743,1483,1046.99,454.94,67.79,387.15,0.149,6,0.207,6,98,26,0,26,0,0,0,154,276,235,0.98,53.0,0.377,3,0.817,1,378
LA-2026-1332,Maharashtra,Pune,Industrial Smart City Corridor,Normal,Stage 5: Valuation & Compensation Award,151.02,425,358,328.63,127.54,60.33,67.21,0.473,7,0.333,3,109,4,0,4,0,0,0,11,184,134,0.98,56.9,0.316,6,0.506,1,68
LA-2026-1333,Tamil Nadu,Tiruchirappalli,Renewable Energy Solar Park,High,Stage 4: Section 19 Declaration,58.6,406,336,181.48,51.46,11.58,39.88,0.225,4,0.25,4,46,9,0,9,1,0,0,101,265,-47,0.98,99.0,0.24,4,0.807,1,294
LA-2026-1334,Madhya Pradesh,Ujjain,High-Speed Rail / DFC,Normal,Stage 6: Land Possession & Handover,192.96,816,726,350.64,130.26,80.11,50.15,0.615,26,0.963,1,76,5,0,5,0,0,0,54,524,-12,0.98,99.0,0.261,6,0.713,1,98
LA-2026-1335,Odisha,Jajpur,Rural Road Connectivity (PMGSY),Cabinet Fast-Track,Stage 4: Section 19 Declaration,65.71,309,232,366.31,128.38,32.35,96.03,0.252,0,0.0,6,6,1,0,1,1,0,0,177,146,157,0.98,47.2,0.386,1,0.509,1,229
LA-2026-1336,Odisha,Sambalpur,Urban Metro Transit Extension,High,Stage 2: Section 11 Notification,30.32,202,196,173.11,92.92,5.39,87.53,0.058,5,0.161,3,55,2,0,2,0,1,0,124,231,0,0.98,99.0,0.304,0,0.71,1,129
LA-2026-1337,Rajasthan,Udaipur,Urban Metro Transit Extension,Normal,Stage 3: Section 15 Hearing & Objections,14.31,89,80,143.88,43.33,6.07,37.26,0.14,16,0.667,6,99,1,0,1,0,0,0,31,298,290,0.98,49.7,0.268,1,0.569,1,168
LA-2026-1338,Rajasthan,Alwar,Urban Metro Transit Extension,High,Stage 2: Section 11 Notification,78.03,376,358,217.01,69.62,9.54,60.08,0.137,4,0.286,6,41,4,0,4,0,1,0,72,282,434,0.98,38.4,0.409,3,0.765,1,185
LA-2026-1339,Madhya Pradesh,Jabalpur,Industrial Smart City Corridor,High,Stage 3: Section 15 Hearing & Objections,28.79,189,181,74.89,29.01,0.84,28.17,0.029,11,0.647,7,79,4,0,4,1,0,0,88,54,478,0.98,9.2,0.347,1,0.77,1,139
LA-2026-1340,Odisha,Sundargarh,Rural Road Connectivity (PMGSY),Normal,Stage 2: Section 11 Notification,68.47,485,319,122.25,60.7,4.19,56.51,0.069,9,0.562,0,0,4,0,4,0,0,0,168,154,81,0.98,64.6,0.382,3,0.772,1,238
LA-2026-1341,Maharashtra,Thane,High-Speed Rail / DFC,High,Stage 1: Preliminary Survey & SIA,67.83,456,328,289.27,125.02,0.5,124.52,0.004,15,0.517,2,88,6,0,6,0,0,1,76,798,-83,0.98,99.0,0.48,1,0.881,1,239
LA-2026-1342,Maharashtra,Thane,High-Speed Rail / DFC,Critical,Stage 5: Valuation & Compensation Award,17.21,153,97,77.05,25.13,19.32,5.81,0.769,6,0.429,4,84,0,0,0,0,0,1,12,700,-44,0.98,99.0,0.42,6,0.342,0,0
LA-2026-1343,Madhya Pradesh,Indore,Major Irrigation & Canal,Normal,Stage 6: Land Possession & Handover,126.42,882,625,291.02,158.01,130.2,27.81,0.824,2,0.143,3,64,17,0,17,0,1,0,146,641,35,0.98,93.8,0.2,4,0.726,1,135
LA-2026-1344,Tamil Nadu,Madurai,Major Irrigation & Canal,Cabinet Fast-Track,Stage 2: Section 11 Notification,64.93,478,465,154.38,47.06,7.62,39.44,0.162,22,0.667,5,80,9,1,12,0,0,0,98,39,301,0.98,10.5,0.257,6,0.799,1,387
LA-2026-1345,Maharashtra,Aurangabad,Industrial Smart City Corridor,High,Stage 5: Valuation & Compensation Award,57.06,303,268,92.47,37.5,31.05,6.45,0.828,2,0.125,6,66,4,0,4,0,0,0,178,432,97,0.98,80.7,0.323,1,0.753,1,185
LA-2026-1346,Madhya Pradesh,Indore,Renewable Energy Solar Park,High,Stage 5: Valuation & Compensation Award,16.31,147,107,62.14,32.83,12.34,20.49,0.376,4,0.138,3,83,1,0,1,0,0,0,124,367,132,0.98,72.6,0.228,6,0.525,1,199
LA-2026-1347,Gujarat,Vadodara,Urban Metro Transit Extension,High,Stage 2: Section 11 Notification,15.28,135,114,90.95,44.75,4.79,39.96,0.107,10,0.588,1,71,1,0,1,0,1,0,154,365,-37,0.98,99.0,0.192,6,0.746,1,266
LA-2026-1348,Gujarat,Ahmedabad,Rural Road Connectivity (PMGSY),Critical,Stage 4: Section 19 Declaration,31.18,185,131,125.54,49.78,9.66,40.12,0.194,17,0.486,2,99,4,0,4,1,1,0,123,340,261,0.98,55.6,0.162,4,0.792,1,216
LA-2026-1349,Tamil Nadu,Tiruchirappalli,Renewable Energy Solar Park,High,Stage 4: Section 19 Declaration,87.59,350,233,195.48,104.17,41.88,62.29,0.402,2,0.087,7,17,6,0,6,0,0,0,16,148,269,0.98,34.5,0.222,6,0.595,1,459
LA-2026-1350,Madhya Pradesh,Gwalior,Major Irrigation & Canal,High,Stage 1: Preliminary Survey & SIA,231.86,633,609,855.5,464.26,88.21,376.05,0.19,24,0.96,0,0,12,0,12,1,0,0,18,145,232,0.98,37.5,0.352,1,0.726,1,83
LA-2026-1351,Karnataka,Bengaluru Rural,High-Speed Rail / DFC,Cabinet Fast-Track,Stage 6: Land Possession & Handover,229.3,1476,1179,817.48,428.49,361.22,67.27,0.843,7,0.269,6,51,24,0,24,0,0,0,93,734,-53,0.98,99.0,0.459,5,0.547,1,181
LA-2026-1352,Maharashtra,Aurangabad,National Highway Corridor,Cabinet Fast-Track,Stage 6: Land Possession & Handover,10.0,69,64,102.75,52.5,43.21,9.29,0.823,12,0.414,0,0,1,0,1,0,0,1,142,155,68,0.98,68.5,0.279,2,0.581,1,120
LA-2026-1353,Rajasthan,Alwar,Industrial Smart City Corridor,Critical,Stage 2: Section 11 Notification,28.85,179,185,129.1,39.73,1.11,38.62,0.028,3,0.097,8,115,3,0,3,0,0,0,85,246,104,0.98,69.3,0.4,5,0.746,1,229
LA-2026-1354,Uttar Pradesh,Varanasi,Rural Road Connectivity (PMGSY),High,Stage 3: Section 15 Hearing & Objections,72.21,255,249,331.34,101.67,18.2,83.47,0.179,2,0.167,7,75,4,0,4,0,0,0,125,361,242,0.98,58.9,0.381,0,0.68,1,132
LA-2026-1355,Tamil Nadu,Madurai,Urban Metro Transit Extension,High,Stage 2: Section 11 Notification,30.64,247,239,119.2,42.4,3.26,39.14,0.077,28,0.824,5,10,5,0,5,0,0,0,39,76,230,0.98,23.9,0.279,1,0.776,1,100
LA-2026-1356,Madhya Pradesh,Ujjain,Major Irrigation & Canal,Normal,Stage 3: Section 15 Hearing & Objections,86.86,651,662,197.32,99.7,8.37,91.33,0.084,9,0.273,2,111,8,1,9,0,0,0,154,201,153,0.98,55.8,0.266,3,0.98,1,203
LA-2026-1357,Tamil Nadu,Coimbatore,National Highway Corridor,High,Stage 3: Section 15 Hearing & Objections,64.02,535,522,230.32,97.24,15.66,81.58,0.161,7,0.583,7,109,5,0,5,0,0,1,74,189,-6,0.98,99.0,0.248,5,0.778,1,375
LA-2026-1358,Rajasthan,Alwar,Major Irrigation & Canal,Cabinet Fast-Track,Stage 6: Land Possession & Handover,30.47,278,181,215.37,64.75,40.15,24.6,0.62,19,0.95,8,104,5,0,5,1,0,0,150,155,31,0.98,82.4,0.377,0,0.928,1,159
LA-2026-1359,Gujarat,Ahmedabad,Urban Metro Transit Extension,Critical,Stage 3: Section 15 Hearing & Objections,17.96,104,67,161.78,80.31,4.58,75.73,0.057,5,0.2,2,86,3,0,3,0,0,0,37,55,214,0.98,19.5,0.227,4,0.521,1,131
LA-2026-1360,Gujarat,Rajkot,Urban Metro Transit Extension,Critical,Stage 4: Section 19 Declaration,76.64,597,460,110.23,43.0,16.12,26.88,0.375,12,0.522,1,97,9,0,9,0,1,0,92,183,92,0.98,65.6,0.169,5,0.809,1,122
LA-2026-1361,Tamil Nadu,Madurai,Renewable Energy Solar Park,Cabinet Fast-Track,Stage 2: Section 11 Notification,55.7,467,484,200.86,54.27,6.84,47.43,0.126,3,0.097,1,73,6,0,6,0,0,0,63,386,8,0.98,97.0,0.262,5,0.717,1,160
LA-2026-1362,Tamil Nadu,Salem,Renewable Energy Solar Park,Critical,Stage 6: Land Possession & Handover,27.77,225,136,138.16,68.51,61.11,7.4,0.892,4,0.174,7,66,4,0,4,0,0,0,169,618,100,0.98,85.1,0.206,4,0.55,1,168
LA-2026-1363,Karnataka,Belagavi,High-Speed Rail / DFC,Normal,Stage 2: Section 11 Notification,327.28,2752,2661,762.71,369.55,41.39,328.16,0.112,6,0.4,6,52,36,1,39,0,1,1,170,268,-64,0.98,99.0,0.212,2,0.976,1,198
LA-2026-1364,Tamil Nadu,Kanchipuram,Industrial Smart City Corridor,Critical,Stage 2: Section 11 Notification,109.92,916,925,191.28,51.07,6.28,44.79,0.123,21,0.636,5,50,14,0,14,1,1,0,39,36,475,0.98,6.1,0.359,2,0.529,1,106
LA-2026-1365,Odisha,Angul,Major Irrigation & Canal,Normal,Stage 1: Preliminary Survey & SIA,21.24,145,123,115.83,39.38,2.64,36.74,0.067,29,0.906,8,114,3,0,3,0,0,0,49,276,43,0.98,85.5,0.47,5,0.829,1,246
LA-2026-1366,Maharashtra,Aurangabad,Industrial Smart City Corridor,Critical,Stage 2: Section 11 Notification,29.32,260,174,43.2,22.12,4.05,18.07,0.183,21,0.7,5,102,4,0,4,0,1,0,63,49,679,0.98,5.8,0.312,1,0.71,1,305
LA-2026-1367,Tamil Nadu,Kanchipuram,Industrial Smart City Corridor,Cabinet Fast-Track,Stage 5: Valuation & Compensation Award,18.2,95,87,119.47,37.02,13.48,23.54,0.364,24,0.774,2,76,1,0,1,0,0,0,156,199,528,0.98,26.4,0.379,6,0.586,1,257
LA-2026-1368,Odisha,Khurda,Industrial Smart City Corridor,Cabinet Fast-Track,Stage 4: Section 19 Declaration,41.84,229,203,214.44,55.49,20.14,35.35,0.363,26,1.0,4,27,2,0,2,1,0,0,105,273,415,0.98,38.7,0.317,0,0.732,1,273
LA-2026-1369,Karnataka,Bengaluru Rural,Major Irrigation & Canal,Normal,Stage 4: Section 19 Declaration,54.51,190,201,234.63,109.25,58.67,50.58,0.537,10,0.556,7,93,2,0,2,0,0,0,49,542,132,0.98,79.4,0.481,6,0.699,1,107
LA-2026-1370,Uttar Pradesh,Prayagraj,Urban Metro Transit Extension,High,Stage 6: Land Possession & Handover,263.58,1545,1419,924.33,272.52,238.45,34.07,0.875,33,0.971,1,0,23,1,24,0,1,0,109,265,-48,0.98,99.0,0.395,3,0.947,1,161
LA-2026-1371,Maharashtra,Pune,Renewable Energy Solar Park,Critical,Stage 3: Section 15 Hearing & Objections,168.05,1404,930,321.74,162.98,25.26,137.72,0.155,6,0.333,4,35,23,0,23,0,0,0,92,244,255,0.98,47.9,0.319,1,0.759,1,149
LA-2026-1372,Tamil Nadu,Kanchipuram,National Highway Corridor,Normal,Stage 3: Section 15 Hearing & Objections,5.41,47,30,53.92,29.46,1.44,28.02,0.049,4,0.2,4,73,2,0,2,1,0,0,91,592,-54,0.98,99.0,0.359,3,0.714,1,125
LA-2026-1373,Maharashtra,Nagpur,National Highway Corridor,Cabinet Fast-Track,Stage 6: Land Possession & Handover,27.69,91,59,126.59,41.86,28.13,13.73,0.672,1,0.077,6,50,3,0,3,0,0,0,108,84,147,0.98,35.4,0.267,5,0.468,0,0
LA-2026-1374,Rajasthan,Udaipur,Industrial Smart City Corridor,Critical,Stage 5: Valuation & Compensation Award,199.89,1277,1283,518.59,192.88,68.09,124.79,0.353,14,1.0,7,72,19,1,23,0,0,0,146,395,-13,0.98,99.0,0.276,6,0.914,1,304
LA-2026-1375,Rajasthan,Alwar,High-Speed Rail / DFC,High,Stage 3: Section 15 Hearing & Objections,24.06,215,144,115.97,48.73,0.63,48.1,0.013,10,0.588,5,58,5,0,5,1,0,0,110,402,42,0.98,89.6,0.39,2,0.959,1,159
LA-2026-1376,Odisha,Sambalpur,Renewable Energy Solar Park,High,Stage 4: Section 19 Declaration,40.53,363,301,107.14,48.78,14.63,34.15,0.3,17,0.773,1,101,6,1,10,0,0,0,37,237,48,0.98,82.2,0.312,4,0.794,1,105
LA-2026-1377,Gujarat,Rajkot,Major Irrigation & Canal,Normal,Stage 2: Section 11 Notification,11.43,93,57,109.95,58.31,9.15,49.16,0.157,25,1.0,6,72,3,0,3,0,0,0,161,446,-53,0.98,99.0,0.15,5,0.847,1,258
LA-2026-1378,Uttar Pradesh,Prayagraj,Rural Road Connectivity (PMGSY),Cabinet Fast-Track,Stage 1: Preliminary Survey & SIA,5.05,82,80,77.77,21.82,4.17,17.65,0.191,14,0.933,2,39,4,0,4,1,1,0,152,363,291,0.98,54.5,0.382,6,0.824,1,164
LA-2026-1379,Madhya Pradesh,Jabalpur,Major Irrigation & Canal,Normal,Stage 5: Valuation & Compensation Award,142.76,699,626,233.06,69.51,46.09,23.42,0.663,28,0.933,0,0,13,0,13,0,0,0,45,448,-46,0.98,99.0,0.352,4,0.679,1,131
LA-2026-1380,Rajasthan,Jodhpur,High-Speed Rail / DFC,Critical,Stage 1: Preliminary Survey & SIA,70.21,369,368,243.57,85.64,8.74,76.9,0.102,9,0.643,0,0,11,0,11,0,0,1,98,475,16,0.98,95.8,0.293,4,0.882,1,225
LA-2026-1381,Maharashtra,Pune,Urban Metro Transit Extension,Critical,Stage 6: Land Possession & Handover,25.09,210,183,117.36,45.09,32.78,12.31,0.727,22,0.88,6,80,2,0,2,0,0,0,70,61,407,0.98,12.1,0.316,4,0.44,0,0
LA-2026-1382,Karnataka,Mysuru,Major Irrigation & Canal,High,Stage 2: Section 11 Notification,24.61,213,172,128.66,53.92,0.11,53.81,0.002,9,0.562,2,17,1,0,1,0,1,0,116,398,175,0.98,68.5,0.282,3,0.715,1,242
LA-2026-1383,Madhya Pradesh,Indore,National Highway Corridor,High,Stage 2: Section 11 Notification,41.95,319,221,112.93,45.82,4.67,41.15,0.102,19,0.76,2,58,3,0,3,0,0,0,164,496,109,0.98,81.0,0.226,1,0.778,1,168
LA-2026-1384,Madhya Pradesh,Ujjain,National Highway Corridor,Cabinet Fast-Track,Stage 5: Valuation & Compensation Award,56.37,184,115,72.94,40.11,20.14,19.97,0.502,13,0.65,8,73,3,0,3,0,0,0,138,394,28,0.98,92.4,0.26,0,0.752,1,152
LA-2026-1385,Rajasthan,Jaipur,High-Speed Rail / DFC,Critical,Stage 5: Valuation & Compensation Award,70.94,221,201,286.93,81.37,52.65,28.72,0.647,5,0.161,3,60,4,0,4,0,0,0,143,110,599,0.98,14.5,0.327,4,0.525,1,201
LA-2026-1386,Tamil Nadu,Tiruchirappalli,National Highway Corridor,Critical,Stage 4: Section 19 Declaration,21.19,182,171,142.95,78.43,36.63,41.8,0.467,28,1.0,7,73,2,0,2,0,0,0,126,270,-79,0.98,99.0,0.26,2,0.657,1,201
LA-2026-1387,Gujarat,Ahmedabad,Urban Metro Transit Extension,Critical,Stage 4: Section 19 Declaration,76.05,513,321,206.98,103.68,52.25,51.43,0.504,18,0.667,2,73,6,1,9,0,0,0,171,92,354,0.98,19.6,0.172,0,0.797,1,156
LA-2026-1388,Gujarat,Bharuch,National Highway Corridor,Critical,Stage 1: Preliminary Survey & SIA,34.98,142,91,75.38,41.46,6.14,35.32,0.148,8,0.4,0,0,1,0,1,0,0,0,81,345,-30,0.98,99.0,0.272,5,0.666,1,263
LA-2026-1389,Rajasthan,Kota,Rural Road Connectivity (PMGSY),High,Stage 6: Land Possession & Handover,30.9,256,215,171.5,77.95,57.45,20.5,0.737,27,0.964,0,0,3,0,3,1,1,0,56,278,143,0.98,65.1,0.251,6,0.713,1,113
LA-2026-1390,Gujarat,Rajkot,Rural Road Connectivity (PMGSY),Cabinet Fast-Track,Stage 4: Section 19 Declaration,6.31,61,58,69.63,19.62,7.63,11.99,0.389,23,0.885,2,26,0,0,0,0,1,0,179,273,299,0.98,46.7,0.204,2,0.668,1,415
LA-2026-1391,Uttar Pradesh,Lucknow,High-Speed Rail / DFC,Cabinet Fast-Track,Stage 3: Section 15 Hearing & Objections,78.45,637,541,290.14,86.39,6.74,79.65,0.078,34,0.971,3,48,9,0,9,1,0,0,131,338,329,0.98,49.7,0.37,2,0.98,1,151
LA-2026-1392,Rajasthan,Alwar,Urban Metro Transit Extension,Critical,Stage 4: Section 19 Declaration,194.08,855,520,452.03,197.03,104.23,92.8,0.529,22,0.688,6,78,17,0,17,0,0,0,146,79,143,0.98,34.6,0.382,0,0.738,1,140
LA-2026-1393,Tamil Nadu,Tiruchirappalli,Major Irrigation & Canal,Cabinet Fast-Track,Stage 6: Land Possession & Handover,317.74,2411,1507,1052.77,547.29,367.78,179.51,0.672,16,0.889,5,86,39,0,39,0,0,0,160,405,22,0.98,93.9,0.246,6,0.805,1,183
LA-2026-1394,Uttar Pradesh,Lucknow,Major Irrigation & Canal,Normal,Stage 3: Section 15 Hearing & Objections,84.34,689,690,202.1,73.8,9.15,64.65,0.124,7,0.304,4,32,6,1,7,1,0,0,124,380,-94,0.98,99.0,0.392,6,0.98,1,197
LA-2026-1395,Karnataka,Mangaluru,Urban Metro Transit Extension,Normal,Stage 1: Preliminary Survey & SIA,121.02,1026,779,513.85,182.45,9.3,173.15,0.051,12,0.75,2,114,18,1,20,0,0,0,164,74,228,0.98,23.5,0.295,5,0.912,1,256
LA-2026-1396,Rajasthan,Kota,Rural Road Connectivity (PMGSY),Cabinet Fast-Track,Stage 3: Section 15 Hearing & Objections,132.9,683,538,321.77,158.52,10.62,147.9,0.067,4,0.286,0,0,10,0,10,1,0,0,51,293,218,0.98,56.4,0.235,2,0.569,1,97
LA-2026-1397,Gujarat,Rajkot,National Highway Corridor,Cabinet Fast-Track,Stage 1: Preliminary Survey & SIA,114.28,711,456,411.87,147.45,6.49,140.96,0.044,3,0.111,2,69,10,0,10,0,0,0,175,212,370,0.98,35.4,0.156,0,0.76,1,217
LA-2026-1398,Maharashtra,Pune,National Highway Corridor,Critical,Stage 5: Valuation & Compensation Award,179.4,738,707,485.38,156.75,70.07,86.68,0.447,0,0.0,0,0,7,0,7,0,0,0,137,49,587,0.98,6.7,0.343,4,0.518,1,146
LA-2026-1399,Rajasthan,Alwar,Major Irrigation & Canal,Cabinet Fast-Track,Stage 4: Section 19 Declaration,93.09,628,507,141.15,76.79,29.49,47.3,0.384,6,0.5,7,15,4,0,4,0,0,0,67,306,-55,0.98,99.0,0.36,5,0.667,1,258
LA-2026-1400,Tamil Nadu,Salem,National Highway Corridor,Normal,Stage 2: Section 11 Notification,57.09,511,523,271.15,118.99,23.08,95.91,0.194,24,0.923,4,82,9,1,10,0,0,0,30,378,349,0.98,51.0,0.201,0,0.893,1,183
LA-2026-1401,Odisha,Angul,National Highway Corridor,Cabinet Fast-Track,Stage 4: Section 19 Declaration,9.69,52,44,53.01,20.56,6.04,14.52,0.294,0,0.0,3,62,1,0,1,0,0,0,19,101,273,0.98,26.0,0.462,6,0.393,0,0
LA-2026-1402,Rajasthan,Jaipur,National Highway Corridor,Critical,Stage 5: Valuation & Compensation Award,12.84,99,90,87.16,36.47,29.8,6.67,0.817,6,0.4,8,58,2,0,2,0,0,0,113,73,452,0.98,12.9,0.31,1,0.359,0,0
LA-2026-1403,Uttar Pradesh,Lucknow,Urban Metro Transit Extension,High,Stage 6: Land Possession & Handover,79.36,680,710,188.04,75.9,50.78,25.12,0.669,3,0.231,2,1,3,0,3,1,0,0,168,271,-72,0.98,99.0,0.408,6,0.667,1,260
LA-2026-1404,Uttar Pradesh,Agra,Renewable Energy Solar Park,High,Stage 2: Section 11 Notification,52.01,284,274,201.29,103.91,16.73,87.18,0.161,19,0.704,3,8,4,0,4,0,0,0,39,84,161,0.98,33.3,0.325,5,0.655,1,180
LA-2026-1405,Madhya Pradesh,Jabalpur,National Highway Corridor,High,Stage 6: Land Possession & Handover,117.81,493,314,394.0,143.26,129.36,13.9,0.903,5,0.167,5,8,9,1,11,1,0,1,21,421,-23,0.98,99.0,0.303,1,0.625,1,92
LA-2026-1406,Maharashtra,Nagpur,National Highway Corridor,Cabinet Fast-Track,Stage 1: Preliminary Survey & SIA,13.45,68,71,113.87,42.33,1.52,40.81,0.036,0,0.0,0,0,0,0,0,1,0,0,134,38,303,0.98,10.2,0.269,3,0.485,1,122
LA-2026-1407,Rajasthan,Jodhpur,High-Speed Rail / DFC,High,Stage 5: Valuation & Compensation Award,31.52,259,265,102.16,54.55,37.86,16.69,0.694,5,0.263,0,0,6,0,6,0,1,0,115,491,-34,0.98,99.0,0.286,2,0.737,1,170
LA-2026-1408,Odisha,Angul,National Highway Corridor,High,Stage 5: Valuation & Compensation Award,89.48,444,481,146.33,58.2,24.5,33.7,0.421,23,0.742,8,64,4,0,4,0,0,1,34,301,-1,0.98,99.0,0.467,1,0.743,1,119
LA-2026-1409,Uttar Pradesh,Varanasi,Urban Metro Transit Extension,Cabinet Fast-Track,Stage 1: Preliminary Survey & SIA,50.04,194,209,269.81,135.53,5.69,129.84,0.042,10,0.769,5,36,3,0,3,1,0,0,21,111,249,0.98,29.9,0.439,6,0.679,1,104
LA-2026-1410,Rajasthan,Jaipur,National Highway Corridor,Normal,Stage 1: Preliminary Survey & SIA,24.97,185,131,155.21,47.51,8.5,39.01,0.179,16,0.593,1,9,1,0,1,0,0,0,17,110,250,0.98,29.6,0.327,1,0.534,1,177
LA-2026-1411,Odisha,Sundargarh,Rural Road Connectivity (PMGSY),Normal,Stage 3: Section 15 Hearing & Objections,73.75,616,470,242.44,123.74,1.86,121.88,0.015,26,0.743,3,48,13,0,13,0,1,0,70,80,333,0.98,18.4,0.441,3,0.775,1,148
LA-2026-1412,Gujarat,Surat,Renewable Energy Solar Park,Cabinet Fast-Track,Stage 3: Section 15 Hearing & Objections,7.23,56,35,164.25,52.9,3.81,49.09,0.072,23,0.885,3,80,0,0,0,1,0,0,44,412,164,0.98,70.5,0.199,0,0.542,1,127
LA-2026-1413,Maharashtra,Thane,High-Speed Rail / DFC,Normal,Stage 2: Section 11 Notification,106.5,670,516,387.11,149.31,17.32,131.99,0.116,7,0.318,4,77,14,1,16,0,0,0,53,458,191,0.98,69.6,0.442,4,0.814,1,133
LA-2026-1414,Rajasthan,Jodhpur,Renewable Energy Solar Park,Cabinet Fast-Track,Stage 1: Preliminary Survey & SIA,97.23,806,518,320.89,125.54,22.35,103.19,0.178,27,0.771,3,31,12,1,14,0,1,0,13,315,338,0.98,47.3,0.28,4,0.872,1,123
LA-2026-1415,Maharashtra,Nashik,National Highway Corridor,Normal,Stage 6: Land Possession & Handover,32.02,139,136,176.08,73.11,67.19,5.92,0.919,12,0.429,7,103,1,0,1,0,0,1,118,64,632,0.98,8.2,0.259,4,0.414,0,0
LA-2026-1416,Maharashtra,Nashik,High-Speed Rail / DFC,High,Stage 1: Preliminary Survey & SIA,150.1,1206,909,589.45,191.18,32.88,158.3,0.172,0,0.0,7,85,12,1,16,0,1,0,175,274,208,0.98,55.9,0.216,6,0.875,1,171
LA-2026-1417,Gujarat,Rajkot,High-Speed Rail / DFC,Critical,Stage 5: Valuation & Compensation Award,114.88,380,320,384.23,115.85,55.96,59.89,0.483,10,0.833,1,49,8,0,8,1,0,1,172,750,-95,0.98,99.0,0.151,4,0.701,1,293
LA-2026-1418,Karnataka,Bengaluru Rural,Renewable Energy Solar Park,Critical,Stage 2: Section 11 Notification,55.79,404,364,172.36,68.82,0.55,68.27,0.008,1,0.077,6,46,6,0,6,0,0,0,103,293,-57,0.98,99.0,0.464,5,0.816,1,159
LA-2026-1419,Uttar Pradesh,Prayagraj,Urban Metro Transit Extension,High,Stage 5: Valuation & Compensation Award,18.79,68,50,115.93,41.04,29.14,11.9,0.71,15,1.0,3,96,2,0,2,1,0,0,148,274,248,0.98,51.5,0.413,2,0.87,1,234
LA-2026-1420,Madhya Pradesh,Jabalpur,National Highway Corridor,Normal,Stage 1: Preliminary Survey & SIA,29.04,123,108,154.1,78.95,11.21,67.74,0.142,16,0.571,1,60,3,0,3,0,0,1,134,493,40,0.98,91.5,0.352,4,0.739,1,174
LA-2026-1421,Odisha,Khurda,High-Speed Rail / DFC,Cabinet Fast-Track,Stage 5: Valuation & Compensation Award,35.0,242,154,143.16,64.87,37.17,27.7,0.573,2,0.095,1,21,5,1,7,0,0,0,55,230,32,0.98,86.8,0.292,2,0.778,1,154
LA-2026-1422,Madhya Pradesh,Ujjain,High-Speed Rail / DFC,Cabinet Fast-Track,Stage 1: Preliminary Survey & SIA,35.65,197,209,183.59,95.65,0.38,95.27,0.004,4,0.333,3,8,4,0,4,0,0,0,175,484,126,0.98,78.4,0.246,2,0.888,1,164
LA-2026-1423,Madhya Pradesh,Ujjain,Industrial Smart City Corridor,Critical,Stage 5: Valuation & Compensation Award,34.26,290,302,111.31,47.03,34.52,12.51,0.734,9,0.346,2,114,1,0,1,1,0,0,123,591,131,0.98,80.9,0.23,3,0.515,1,227
LA-2026-1424,Odisha,Jajpur,Rural Road Connectivity (PMGSY),Normal,Stage 3: Section 15 Hearing & Objections,5.94,42,39,51.02,26.35,0.95,25.4,0.036,5,0.294,8,36,0,0,0,1,0,0,126,321,220,0.98,58.4,0.387,5,0.622,1,206
LA-2026-1425,Gujarat,Surat,High-Speed Rail / DFC,Normal,Stage 2: Section 11 Notification,168.24,1194,975,624.15,291.78,2.04,289.74,0.007,11,0.55,2,26,18,0,18,0,0,0,122,159,345,0.98,30.6,0.232,4,0.915,1,152
LA-2026-1426,Gujarat,Bharuch,Industrial Smart City Corridor,Normal,Stage 2: Section 11 Notification,82.5,550,408,379.41,205.84,22.44,183.4,0.109,10,0.385,2,0,9,0,9,0,0,0,47,541,53,0.98,90.1,0.246,2,0.731,1,386
LA-2026-1427,Rajasthan,Kota,Rural Road Connectivity (PMGSY),High,Stage 5: Valuation & Compensation Award,60.89,349,257,233.45,124.28,46.85,77.43,0.377,30,0.857,0,0,4,0,4,0,0,0,38,376,256,0.98,58.5,0.247,3,0.641,1,155
LA-2026-1428,Karnataka,Dharwad,Industrial Smart City Corridor,Normal,Stage 3: Section 15 Hearing & Objections,541.96,1991,1719,542.6,171.36,23.13,148.23,0.135,7,0.25,4,25,29,1,33,0,0,0,159,129,107,0.98,53.7,0.182,3,0.836,1,234
LA-2026-1429,Karnataka,Dharwad,Industrial Smart City Corridor,Normal,Stage 1: Preliminary Survey & SIA,37.34,305,191,220.12,88.62,5.05,83.57,0.057,27,0.794,5,49,9,0,9,0,0,0,47,437,112,0.98,78.6,0.163,6,0.747,1,140
LA-2026-1430,Uttar Pradesh,Varanasi,Urban Metro Transit Extension,Cabinet Fast-Track,Stage 2: Section 11 Notification,46.68,226,237,118.4,51.59,8.62,42.97,0.167,13,0.765,6,17,3,0,3,0,1,0,83,483,122,0.98,78.9,0.435,2,0.796,1,118
LA-2026-1431,Rajasthan,Udaipur,Industrial Smart City Corridor,Normal,Stage 2: Section 11 Notification,82.67,277,226,258.89,111.51,15.83,95.68,0.142,20,0.8,4,53,7,1,11,0,1,0,11,120,444,0.98,20.3,0.243,1,0.637,1,85
LA-2026-1432,Madhya Pradesh,Jabalpur,Renewable Energy Solar Park,Cabinet Fast-Track,Stage 3: Section 15 Hearing & Objections,37.15,179,193,101.79,44.38,0.22,44.16,0.005,23,0.793,7,28,3,0,3,1,0,0,136,341,148,0.98,68.8,0.343,5,0.781,1,227
LA-2026-1433,Rajasthan,Jaipur,Urban Metro Transit Extension,Critical,Stage 5: Valuation & Compensation Award,24.6,152,156,161.14,45.42,20.53,24.89,0.452,0,0.0,1,97,3,0,3,0,1,0,175,281,82,0.98,76.4,0.318,5,0.605,1,247
LA-2026-1434,Odisha,Sambalpur,Major Irrigation & Canal,Cabinet Fast-Track,Stage 4: Section 19 Declaration,15.06,75,60,59.33,15.51,8.11,7.4,0.523,16,0.696,0,0,0,0,0,1,1,0,40,740,-73,0.98,99.0,0.308,2,0.628,1,82
LA-2026-1435,Rajasthan,Jodhpur,Industrial Smart City Corridor,High,Stage 3: Section 15 Hearing & Objections,167.1,932,591,299.73,133.24,13.72,119.52,0.103,22,0.688,0,0,17,1,18,0,1,0,117,399,60,0.98,85.9,0.294,0,0.96,1,192
LA-2026-1436,Gujarat,Bharuch,Industrial Smart City Corridor,Critical,Stage 4: Section 19 Declaration,166.55,1313,813,415.36,190.83,54.77,136.06,0.287,11,0.733,2,1,17,1,20,0,0,0,102,307,181,0.98,61.9,0.256,1,0.95,1,172
LA-2026-1437,Uttar Pradesh,Varanasi,High-Speed Rail / DFC,High,Stage 1: Preliminary Survey & SIA,128.57,736,554,393.98,99.05,2.28,96.77,0.023,7,0.226,6,58,9,0,9,1,1,0,153,437,-65,0.98,99.0,0.38,5,0.877,1,159
LA-2026-1438,Odisha,Sundargarh,Rural Road Connectivity (PMGSY),Cabinet Fast-Track,Stage 3: Section 15 Hearing & Objections,208.15,657,685,594.82,200.96,4.82,196.14,0.024,9,0.529,0,0,13,0,13,1,0,0,97,811,-96,0.98,99.0,0.407,5,0.928,1,254
LA-2026-1439,Karnataka,Belagavi,High-Speed Rail / DFC,High,Stage 5: Valuation & Compensation Award,45.5,243,150,145.37,77.11,41.41,35.7,0.537,0,0.0,7,96,4,0,4,1,1,0,38,247,13,0.98,94.0,0.203,4,0.556,1,72
LA-2026-1440,Maharashtra,Nashik,National Highway Corridor,Critical,Stage 2: Section 11 Notification,229.24,1397,1474,494.32,129.33,15.26,114.07,0.118,12,1.0,1,100,19,1,21,1,0,1,180,184,63,0.98,73.5,0.245,1,0.98,1,219
LA-2026-1441,Tamil Nadu,Tiruchirappalli,Industrial Smart City Corridor,Critical,Stage 1: Preliminary Survey & SIA,144.35,614,586,138.79,72.28,11.06,61.22,0.153,16,0.842,1,12,10,0,10,0,0,0,166,776,-84,0.98,99.0,0.237,2,0.832,1,150
LA-2026-1442,Gujarat,Bharuch,National Highway Corridor,Normal,Stage 4: Section 19 Declaration,90.93,495,503,210.6,86.62,13.34,73.28,0.154,22,0.957,2,56,7,0,7,0,0,0,131,754,-58,0.98,99.0,0.248,4,0.949,1,162
LA-2026-1443,Karnataka,Dharwad,National Highway Corridor,Critical,Stage 4: Section 19 Declaration,68.68,586,431,275.2,106.38,15.0,91.38,0.141,15,0.938,5,90,6,1,7,0,0,0,143,142,515,0.98,20.6,0.221,5,0.924,1,176
LA-2026-1444,Tamil Nadu,Salem,High-Speed Rail / DFC,Cabinet Fast-Track,Stage 2: Section 11 Notification,224.6,1281,1045,578.0,231.84,31.07,200.77,0.134,21,0.778,5,22,20,1,24,0,0,0,27,223,395,0.98,35.1,0.172,0,0.8,1,143
LA-2026-1445,Gujarat,Rajkot,Major Irrigation & Canal,Normal,Stage 3: Section 15 Hearing & Objections,128.13,664,613,210.41,91.65,7.42,84.23,0.081,10,0.556,3,76,8,0,8,1,0,0,103,63,289,0.98,16.9,0.133,3,0.859,1,144
LA-2026-1446,Tamil Nadu,Tiruchirappalli,Renewable Energy Solar Park,Critical,Stage 2: Section 11 Notification,10.89,48,41,148.57,46.59,2.61,43.98,0.056,25,0.758,7,65,1,0,1,0,1,0,131,394,195,0.98,65.9,0.221,2,0.758,1,228
LA-2026-1447,Rajasthan,Alwar,High-Speed Rail / DFC,High,Stage 3: Section 15 Hearing & Objections,5.92,71,74,91.46,47.0,9.12,37.88,0.194,21,0.778,0,0,1,0,1,0,0,1,27,57,224,0.98,19.3,0.358,4,0.439,0,0
LA-2026-1448,Uttar Pradesh,Lucknow,Urban Metro Transit Extension,Cabinet Fast-Track,Stage 6: Land Possession & Handover,251.73,1091,956,676.63,170.19,157.26,12.93,0.924,31,0.939,7,64,19,1,22,0,1,0,85,236,421,0.98,34.9,0.361,6,0.791,1,182
LA-2026-1449,Maharashtra,Nashik,National Highway Corridor,Cabinet Fast-Track,Stage 5: Valuation & Compensation Award,9.04,80,78,84.6,36.83,14.62,22.21,0.397,1,0.038,0,0,0,0,0,0,0,0,123,415,87,0.98,81.7,0.301,1,0.442,0,0
LA-2026-1450,Rajasthan,Alwar,High-Speed Rail / DFC,Critical,Stage 4: Section 19 Declaration,67.09,371,330,253.42,111.19,41.92,69.27,0.377,21,0.7,7,84,4,0,4,0,0,0,38,529,49,0.98,90.5,0.396,1,0.666,1,99
LA-2026-1451,Maharashtra,Nashik,Industrial Smart City Corridor,Cabinet Fast-Track,Stage 3: Section 15 Hearing & Objections,45.41,345,224,255.63,98.89,2.57,96.32,0.026,10,0.476,0,0,5,1,6,0,0,0,100,661,-95,0.98,99.0,0.27,4,0.951,1,176
LA-2026-1452,Maharashtra,Thane,Major Irrigation & Canal,Normal,Stage 4: Section 19 Declaration,30.0,275,231,99.6,49.18,19.48,29.7,0.396,1,0.043,3,31,5,1,8,0,1,0,115,395,138,0.98,73.1,0.444,2,0.854,1,178
LA-2026-1453,Uttar Pradesh,Noida,High-Speed Rail / DFC,Normal,Stage 2: Section 11 Notification,49.37,284,235,109.67,44.17,0.18,43.99,0.004,27,0.818,8,115,7,0,7,0,1,0,127,68,445,0.98,12.3,0.488,4,0.826,1,156
LA-2026-1454,Madhya Pradesh,Jabalpur,Renewable Energy Solar Park,Normal,Stage 5: Valuation & Compensation Award,5.8,48,41,86.22,37.42,26.98,10.44,0.721,15,0.682,8,103,1,0,1,0,0,0,62,132,548,0.98,18.4,0.328,2,0.461,0,0
LA-2026-1455,Madhya Pradesh,Indore,Major Irrigation & Canal,Normal,Stage 3: Section 15 Hearing & Objections,33.46,129,108,108.81,37.73,3.02,34.71,0.08,1,0.05,4,73,4,0,4,1,0,0,83,249,479,0.98,33.2,0.222,0,0.661,1,360
LA-2026-1456,Uttar Pradesh,Prayagraj,Industrial Smart City Corridor,Critical,Stage 3: Section 15 Hearing & Objections,149.35,770,772,188.25,68.88,6.96,61.92,0.101,11,0.611,1,83,10,0,10,0,0,0,119,516,207,0.98,70.4,0.387,2,0.938,1,357
LA-2026-1457,Karnataka,Dharwad,Major Irrigation & Canal,Critical,Stage 1: Preliminary Survey & SIA,52.81,448,365,300.09,134.35,5.78,128.57,0.043,0,0.0,8,110,11,1,15,0,0,0,150,494,213,0.98,68.9,0.197,3,0.883,1,215
LA-2026-1458,Tamil Nadu,Tiruchirappalli,Rural Road Connectivity (PMGSY),Cabinet Fast-Track,Stage 4: Section 19 Declaration,95.01,447,447,288.74,104.54,54.57,49.97,0.522,14,0.609,2,30,5,1,8,0,0,0,61,297,-56,0.98,99.0,0.268,0,0.808,1,143
LA-2026-1459,Karnataka,Dharwad,Industrial Smart City Corridor,Critical,Stage 4: Section 19 Declaration,5.46,60,55,153.74,49.78,8.71,41.07,0.175,12,0.632,3,14,1,0,1,1,0,0,163,161,183,0.98,45.8,0.185,2,0.737,1,143
LA-2026-1460,Rajasthan,Alwar,Renewable Energy Solar Park,Cabinet Fast-Track,Stage 3: Section 15 Hearing & Objections,118.9,472,333,513.63,208.3,27.5,180.8,0.132,4,0.2,0,0,6,1,9,1,0,0,50,133,84,0.98,60.3,0.369,5,0.795,1,176
LA-2026-1461,Rajasthan,Jaipur,National Highway Corridor,Normal,Stage 1: Preliminary Survey & SIA,31.49,195,182,179.22,79.52,15.03,64.49,0.189,21,0.913,1,50,2,0,2,0,1,1,114,95,390,0.98,18.6,0.356,5,0.57,1,176
LA-2026-1462,Uttar Pradesh,Prayagraj,Urban Metro Transit Extension,Critical,Stage 3: Section 15 Hearing & Objections,109.05,462,382,375.36,147.91,11.54,136.37,0.078,10,0.667,5,106,8,0,8,0,0,0,163,151,121,0.98,54.5,0.411,3,0.851,1,155
LA-2026-1463,Karnataka,Mysuru,National Highway Corridor,High,Stage 3: Section 15 Hearing & Objections,80.54,293,289,338.56,147.5,14.46,133.04,0.098,18,0.9,0,0,2,0,2,0,0,0,114,480,-19,0.98,99.0,0.201,3,0.809,1,209
LA-2026-1464,Rajasthan,Jodhpur,Industrial Smart City Corridor,High,Stage 4: Section 19 Declaration,119.15,904,946,361.0,97.35,41.96,55.39,0.431,0,0.0,0,0,14,0,14,0,0,0,104,762,-96,0.98,99.0,0.308,6,0.829,1,153
LA-2026-1465,Karnataka,Belagavi,Renewable Energy Solar Park,Cabinet Fast-Track,Stage 3: Section 15 Hearing & Objections,304.97,1109,715,660.97,267.59,21.14,246.45,0.079,14,0.737,6,1,14,0,14,0,0,0,146,154,397,0.98,27.0,0.233,0,0.748,1,141
LA-2026-1466,Karnataka,Belagavi,High-Speed Rail / DFC,High,Stage 5: Valuation & Compensation Award,22.7,158,136,80.88,41.76,29.44,12.32,0.705,2,0.1,7,60,1,0,1,0,0,0,18,446,58,0.98,87.5,0.2,6,0.474,0,0
LA-2026-1467,Uttar Pradesh,Varanasi,Urban Metro Transit Extension,Critical,Stage 1: Preliminary Survey & SIA,162.35,940,670,280.28,123.82,15.85,107.97,0.128,20,0.645,7,88,9,1,10,1,0,0,117,210,37,0.98,84.0,0.446,5,0.98,1,171
LA-2026-1468,Gujarat,Ahmedabad,Major Irrigation & Canal,High,Stage 5: Valuation & Compensation Award,30.14,233,202,107.19,46.22,26.99,19.23,0.584,1,0.071,2,31,4,0,4,0,0,0,157,351,141,0.98,70.4,0.21,6,0.746,1,179
LA-2026-1469,Gujarat,Bharuch,Urban Metro Transit Extension,Cabinet Fast-Track,Stage 3: Section 15 Hearing & Objections,44.04,230,237,261.07,119.95,16.43,103.52,0.137,8,0.229,4,22,2,0,2,0,0,0,132,492,15,0.98,96.1,0.274,1,0.662,1,175
LA-2026-1470,Uttar Pradesh,Agra,Industrial Smart City Corridor,High,Stage 3: Section 15 Hearing & Objections,17.84,124,102,60.15,22.97,2.8,20.17,0.122,0,0.0,8,82,2,0,2,1,1,0,67,614,-48,0.98,99.0,0.366,3,0.671,1,305
LA-2026-1471,Karnataka,Belagavi,Urban Metro Transit Extension,High,Stage 5: Valuation & Compensation Award,14.84,104,92,67.34,18.3,15.13,3.17,0.827,16,0.516,2,11,1,0,1,1,0,0,119,662,-72,0.98,99.0,0.245,0,0.581,1,156
LA-2026-1472,Madhya Pradesh,Gwalior,Rural Road Connectivity (PMGSY),Cabinet Fast-Track,Stage 6: Land Possession & Handover,253.69,1300,1144,371.72,148.0,96.5,51.5,0.652,8,0.444,4,95,23,0,23,0,0,0,62,395,14,0.98,95.6,0.373,6,0.596,1,111
LA-2026-1473,Tamil Nadu,Coimbatore,Major Irrigation & Canal,High,Stage 4: Section 19 Declaration,135.23,636,542,424.79,151.42,21.65,129.77,0.143,7,0.35,7,116,7,1,11,0,0,0,84,44,285,0.98,12.4,0.272,5,0.825,1,235
LA-2026-1474,Madhya Pradesh,Indore,Urban Metro Transit Extension,Cabinet Fast-Track,Stage 5: Valuation & Compensation Award,41.74,223,166,250.04,93.86,52.47,41.39,0.559,1,0.071,8,7,5,1,7,0,0,0,75,641,-28,0.98,99.0,0.239,5,0.806,1,165
LA-2026-1475,Maharashtra,Pune,Industrial Smart City Corridor,Cabinet Fast-Track,Stage 1: Preliminary Survey & SIA,69.3,321,279,189.35,94.0,17.48,76.52,0.186,1,0.034,2,33,5,1,9,0,1,0,43,409,175,0.98,69.1,0.343,2,0.794,1,117
LA-2026-1476,Madhya Pradesh,Indore,Industrial Smart City Corridor,Normal,Stage 5: Valuation & Compensation Award,262.04,1675,1630,249.15,105.7,47.04,58.66,0.445,11,0.55,6,36,34,0,34,0,0,0,137,95,130,0.98,41.2,0.211,4,0.789,1,206
LA-2026-1477,Odisha,Angul,High-Speed Rail / DFC,Critical,Stage 1: Preliminary Survey & SIA,100.57,530,536,317.86,169.48,7.8,161.68,0.046,28,0.848,0,0,13,1,14,1,0,0,152,184,499,0.98,26.0,0.452,3,0.952,1,251
LA-2026-1478,Uttar Pradesh,Agra,National Highway Corridor,Cabinet Fast-Track,Stage 1: Preliminary Survey & SIA,83.42,390,397,188.72,83.33,3.0,80.33,0.036,4,0.267,1,44,6,1,9,1,0,1,136,498,178,0.98,72.7,0.354,5,0.974,1,226
LA-2026-1479,Karnataka,Mangaluru,National Highway Corridor,High,Stage 4: Section 19 Declaration,49.29,192,162,175.29,95.55,23.12,72.43,0.242,6,0.182,5,3,0,0,0,0,1,0,137,156,102,0.98,59.5,0.28,0,0.555,1,135
LA-2026-1480,Odisha,Sundargarh,National Highway Corridor,Normal,Stage 4: Section 19 Declaration,7.05,61,38,52.22,24.9,6.6,18.3,0.265,19,0.95,0,0,0,0,0,1,0,0,170,494,177,0.98,72.6,0.409,5,0.712,1,182
LA-2026-1481,Gujarat,Surat,Rural Road Connectivity (PMGSY),Normal,Stage 5: Valuation & Compensation Award,6.72,74,74,56.61,16.02,8.17,7.85,0.51,4,0.114,8,77,0,0,0,0,1,0,24,360,109,0.98,75.8,0.241,6,0.393,0,0
LA-2026-1482,Madhya Pradesh,Bhopal,National Highway Corridor,High,Stage 5: Valuation & Compensation Award,161.74,733,570,350.54,160.49,86.34,74.15,0.538,9,0.281,1,38,9,0,9,0,0,0,82,442,135,0.98,75.6,0.299,1,0.757,1,162
LA-2026-1483,Odisha,Khurda,Rural Road Connectivity (PMGSY),Critical,Stage 2: Section 11 Notification,66.97,439,378,153.67,81.27,1.46,79.81,0.018,15,0.625,4,72,9,0,9,0,0,0,124,280,104,0.98,71.9,0.341,1,0.928,1,152
LA-2026-1484,Madhya Pradesh,Gwalior,National Highway Corridor,Normal,Stage 1: Preliminary Survey & SIA,16.53,122,127,134.61,37.69,4.75,32.94,0.126,9,0.281,7,67,3,0,3,0,0,0,67,504,25,0.98,94.3,0.374,6,0.746,1,101
LA-2026-1485,Rajasthan,Kota,High-Speed Rail / DFC,High,Stage 3: Section 15 Hearing & Objections,13.2,77,48,85.82,45.2,4.97,40.23,0.11,9,0.36,0,0,3,0,3,0,0,0,143,284,203,0.98,57.3,0.243,3,0.742,1,221
LA-2026-1486,Uttar Pradesh,Agra,Urban Metro Transit Extension,Critical,Stage 5: Valuation & Compensation Award,235.63,1372,946,862.92,304.15,121.36,182.79,0.399,0,0.0,1,94,21,0,21,1,0,0,30,329,111,0.98,73.8,0.347,0,0.581,1,154
LA-2026-1487,Madhya Pradesh,Jabalpur,Industrial Smart City Corridor,Cabinet Fast-Track,Stage 5: Valuation & Compensation Award,100.32,371,278,299.69,90.32,30.98,59.34,0.343,5,0.227,3,23,4,0,4,0,0,0,77,668,-28,0.98,99.0,0.306,5,0.704,1,137
LA-2026-1488,Uttar Pradesh,Agra,Renewable Energy Solar Park,Normal,Stage 6: Land Possession & Handover,30.83,255,224,47.21,19.98,17.24,2.74,0.863,15,0.882,7,88,9,0,9,0,0,0,13,149,435,0.98,24.5,0.366,2,0.481,1,220
LA-2026-1489,Odisha,Angul,Rural Road Connectivity (PMGSY),Critical,Stage 3: Section 15 Hearing & Objections,89.64,649,692,275.15,121.49,4.62,116.87,0.038,3,0.167,0,0,11,0,11,1,0,0,13,99,209,0.98,31.2,0.465,1,0.596,1,190
LA-2026-1490,Karnataka,Dharwad,Rural Road Connectivity (PMGSY),High,Stage 5: Valuation & Compensation Award,31.68,245,267,78.45,22.13,8.06,14.07,0.364,13,0.481,0,0,2,0,2,0,0,0,47,504,-16,0.98,99.0,0.18,3,0.572,1,92
LA-2026-1491,Rajasthan,Alwar,National Highway Corridor,Cabinet Fast-Track,Stage 4: Section 19 Declaration,66.67,310,287,164.35,88.09,36.56,51.53,0.415,26,0.867,6,6,7,1,8,0,0,0,85,133,295,0.98,30.1,0.35,5,0.879,1,130
LA-2026-1492,Tamil Nadu,Kanchipuram,Major Irrigation & Canal,Cabinet Fast-Track,Stage 2: Section 11 Notification,24.76,222,185,90.41,42.4,0.51,41.89,0.012,31,0.939,3,91,4,0,4,1,0,0,166,635,70,0.98,89.1,0.392,4,0.952,1,320
LA-2026-1493,Uttar Pradesh,Noida,Urban Metro Transit Extension,Cabinet Fast-Track,Stage 2: Section 11 Notification,29.46,249,211,124.54,39.78,3.46,36.32,0.087,22,0.688,7,89,1,0,1,1,0,0,169,283,16,0.98,93.7,0.506,3,0.712,1,153
LA-2026-1494,Odisha,Angul,High-Speed Rail / DFC,High,Stage 5: Valuation & Compensation Award,42.65,125,123,176.42,76.44,62.53,13.91,0.818,12,0.571,6,106,0,0,0,0,0,0,43,509,18,0.98,95.6,0.439,6,0.365,0,0
LA-2026-1495,Gujarat,Bharuch,High-Speed Rail / DFC,Critical,Stage 5: Valuation & Compensation Award,46.82,268,222,241.23,67.88,38.76,29.12,0.571,6,0.353,2,77,3,0,3,0,0,0,43,277,-9,0.98,99.0,0.231,1,0.534,1,81
LA-2026-1496,Karnataka,Mangaluru,National Highway Corridor,Normal,Stage 3: Section 15 Hearing & Objections,54.52,333,349,254.15,95.21,15.33,79.88,0.161,16,0.941,0,0,4,0,4,0,1,1,50,395,52,0.98,87.4,0.328,4,0.809,1,125
LA-2026-1497,Karnataka,Dharwad,Industrial Smart City Corridor,Critical,Stage 5: Valuation & Compensation Award,12.79,140,135,130.32,56.39,37.67,18.72,0.668,4,0.2,8,77,3,0,3,0,0,0,152,77,466,0.98,13.2,0.218,3,0.453,0,0
LA-2026-1498,Rajasthan,Jaipur,National Highway Corridor,Normal,Stage 2: Section 11 Notification,8.25,62,45,156.5,75.39,5.43,69.96,0.072,3,0.176,3,116,2,0,2,0,0,0,36,289,-67,0.98,99.0,0.309,3,0.566,1,97
LA-2026-1499,Uttar Pradesh,Varanasi,Urban Metro Transit Extension,Critical,Stage 2: Section 11 Notification,65.59,409,427,149.89,66.6,4.53,62.07,0.068,13,0.5,0,0,8,1,12,0,1,0,61,92,229,0.98,27.7,0.409,2,0.876,1,188
LA-2026-1500,Madhya Pradesh,Jabalpur,Urban Metro Transit Extension,High,Stage 2: Section 11 Notification,213.31,1675,1130,325.92,112.27,10.33,101.94,0.092,13,0.812,6,117,25,0,25,0,0,0,68,461,261,0.98,62.9,0.341,2,0.898,1,119
LA-2026-1501,Maharashtra,Nashik,High-Speed Rail / DFC,Normal,Stage 3: Section 15 Hearing & Objections,349.62,2249,1370,451.66,160.61,12.69,147.92,0.079,10,0.455,6,98,39,1,40,1,0,1,31,101,608,0.98,13.3,0.268,4,0.749,1,178
LA-2026-1502,Maharashtra,Aurangabad,Industrial Smart City Corridor,Cabinet Fast-Track,Stage 2: Section 11 Notification,61.04,308,254,306.8,136.97,25.2,111.77,0.184,4,0.333,8,78,3,0,3,0,0,0,98,351,140,0.98,70.5,0.263,1,0.681,1,122
LA-2026-1503,Rajasthan,Kota,Rural Road Connectivity (PMGSY),Cabinet Fast-Track,Stage 5: Valuation & Compensation Award,14.38,118,76,136.91,49.17,25.27,23.9,0.514,0,0.0,8,42,2,0,2,0,0,0,87,481,-99,0.98,99.0,0.268,4,0.521,1,205
LA-2026-1504,Tamil Nadu,Coimbatore,National Highway Corridor,Critical,Stage 3: Section 15 Hearing & Objections,26.25,189,158,138.67,71.86,3.74,68.12,0.052,12,1.0,8,75,4,0,4,0,0,0,15,193,335,0.98,35.6,0.281,4,0.676,1,187
LA-2026-1505,Uttar Pradesh,Lucknow,Rural Road Connectivity (PMGSY),Critical,Stage 5: Valuation & Compensation Award,144.43,694,547,557.55,281.73,154.67,127.06,0.549,12,0.923,1,57,8,1,9,0,0,0,41,392,307,0.98,55.1,0.383,4,0.719,1,137
LA-2026-1506,Karnataka,Belagavi,Industrial Smart City Corridor,Critical,Stage 2: Section 11 Notification,247.25,1977,1285,684.49,349.81,57.72,292.09,0.165,23,0.821,3,13,22,1,24,0,1,0,106,395,-72,0.98,99.0,0.219,5,0.956,1,347
LA-2026-1507,Madhya Pradesh,Gwalior,National Highway Corridor,Normal,Stage 3: Section 15 Hearing & Objections,48.09,230,211,211.44,60.64,8.19,52.45,0.135,14,0.778,1,47,3,0,3,0,0,0,131,163,452,0.98,25.5,0.389,6,0.791,1,149
LA-2026-1508,Tamil Nadu,Tiruchirappalli,Major Irrigation & Canal,Cabinet Fast-Track,Stage 4: Section 19 Declaration,28.43,135,130,202.05,65.66,22.46,43.2,0.342,4,0.235,8,16,2,0,2,0,0,0,116,779,-98,0.98,99.0,0.24,4,0.662,1,137
LA-2026-1509,Uttar Pradesh,Varanasi,Major Irrigation & Canal,Cabinet Fast-Track,Stage 3: Section 15 Hearing & Objections,14.48,137,110,86.99,28.0,2.07,25.93,0.074,13,0.867,1,15,2,0,2,0,0,0,104,316,24,0.98,92.0,0.413,0,0.77,1,143
LA-2026-1510,Odisha,Jajpur,Industrial Smart City Corridor,Critical,Stage 4: Section 19 Declaration,122.24,423,462,242.77,119.04,30.12,88.92,0.253,13,0.812,0,0,9,0,9,0,1,0,46,58,619,0.98,7.6,0.386,5,0.735,1,177
LA-2026-1511,Rajasthan,Jaipur,National Highway Corridor,Critical,Stage 2: Section 11 Notification,69.15,323,212,227.26,56.83,5.4,51.43,0.095,9,0.3,7,115,8,1,12,0,0,0,133,243,-18,0.98,99.0,0.287,4,0.889,1,174
LA-2026-1512,Rajasthan,Alwar,Urban Metro Transit Extension,Cabinet Fast-Track,Stage 6: Land Possession & Handover,33.86,128,100,127.13,43.37,41.64,1.73,0.96,26,0.788,6,29,1,0,1,0,1,0,169,121,392,0.98,22.6,0.381,5,0.554,1,172
LA-2026-1513,Rajasthan,Kota,Urban Metro Transit Extension,Normal,Stage 6: Land Possession & Handover,46.32,252,223,175.9,82.07,55.56,26.51,0.677,7,0.219,8,10,1,0,1,0,0,0,153,188,17,0.98,90.7,0.261,0,0.469,0,0
LA-2026-1514,Karnataka,Dharwad,Renewable Energy Solar Park,Normal,Stage 3: Section 15 Hearing & Objections,372.18,2350,2353,838.3,370.05,65.87,304.18,0.178,6,0.3,3,106,30,0,30,0,0,0,14,214,510,0.98,28.6,0.198,4,0.584,1,66
LA-2026-1515,Odisha,Angul,Renewable Energy Solar Park,Normal,Stage 2: Section 11 Notification,238.82,1361,830,385.55,110.3,6.95,103.35,0.063,13,0.765,0,0,18,0,18,1,1,0,121,204,-1,0.98,99.0,0.441,0,0.907,1,195
LA-2026-1516,Gujarat,Vadodara,High-Speed Rail / DFC,High,Stage 2: Section 11 Notification,102.81,300,320,289.94,94.67,11.64,83.03,0.123,21,0.84,2,7,2,0,2,0,1,1,88,108,163,0.98,38.9,0.193,3,0.887,1,136
LA-2026-1517,Uttar Pradesh,Noida,High-Speed Rail / DFC,Cabinet Fast-Track,Stage 2: Section 11 Notification,65.04,403,388,337.73,100.96,4.75,96.21,0.047,3,0.231,3,96,6,0,6,0,0,0,40,414,30,0.98,92.3,0.459,2,0.81,1,121
LA-2026-1518,Maharashtra,Thane,Major Irrigation & Canal,Cabinet Fast-Track,Stage 4: Section 19 Declaration,15.0,91,59,24.73,8.62,2.03,6.59,0.235,14,0.438,0,0,2,0,2,0,0,0,114,59,616,0.98,7.8,0.41,1,0.598,1,134
LA-2026-1519,Gujarat,Vadodara,Renewable Energy Solar Park,Cabinet Fast-Track,Stage 5: Valuation & Compensation Award,47.12,378,411,136.24,50.93,37.18,13.75,0.73,4,0.222,5,69,5,0,5,0,0,0,138,355,-90,0.98,99.0,0.174,4,0.654,1,212
LA-2026-1520,Rajasthan,Jaipur,National Highway Corridor,Cabinet Fast-Track,Stage 2: Section 11 Notification,106.22,506,428,257.34,114.46,5.72,108.74,0.05,7,0.538,4,76,4,0,4,0,0,0,10,201,275,0.98,41.2,0.326,1,0.571,1,62
LA-2026-1521,Tamil Nadu,Kanchipuram,High-Speed Rail / DFC,Normal,Stage 1: Preliminary Survey & SIA,140.47,480,503,353.14,171.4,32.74,138.66,0.191,8,0.5,6,26,7,0,7,0,0,0,41,232,39,0.98,84.6,0.367,2,0.789,1,142
LA-2026-1522,Rajasthan,Kota,High-Speed Rail / DFC,Critical,Stage 4: Section 19 Declaration,80.0,594,581,331.73,181.05,73.14,107.91,0.404,0,0.0,2,82,7,0,7,1,1,1,163,265,130,0.98,66.1,0.24,4,0.745,1,153
LA-2026-1523,Rajasthan,Alwar,Renewable Energy Solar Park,Normal,Stage 2: Section 11 Notification,110.71,441,419,392.06,111.07,8.33,102.74,0.075,28,0.848,1,45,5,0,5,0,0,0,17,305,-46,0.98,99.0,0.391,6,0.631,1,96
LA-2026-1524,Maharashtra,Pune,Major Irrigation & Canal,Critical,Stage 1: Preliminary Survey & SIA,20.19,90,75,184.34,90.94,16.73,74.21,0.184,1,0.029,4,87,2,0,2,0,1,0,66,39,596,0.98,5.2,0.347,4,0.601,1,89
LA-2026-1525,Tamil Nadu,Coimbatore,High-Speed Rail / DFC,Cabinet Fast-Track,Stage 2: Section 11 Notification,23.68,142,88,152.86,44.3,1.73,42.57,0.039,13,0.382,0,0,3,0,3,0,0,0,136,173,44,0.98,78.7,0.243,4,0.83,1,238
LA-2026-1526,Rajasthan,Jodhpur,Renewable Energy Solar Park,High,Stage 2: Section 11 Notification,19.45,138,124,119.45,40.39,7.55,32.84,0.187,2,0.125,2,33,1,0,1,0,0,0,160,63,296,0.98,16.6,0.262,5,0.505,1,141
LA-2026-1527,Tamil Nadu,Coimbatore,Rural Road Connectivity (PMGSY),Normal,Stage 1: Preliminary Survey & SIA,10.87,121,102,93.98,40.27,7.57,32.7,0.188,29,0.879,0,0,1,0,1,0,0,0,74,659,66,0.98,89.9,0.257,0,0.548,1,292
LA-2026-1528,Odisha,Angul,Rural Road Connectivity (PMGSY),Cabinet Fast-Track,Stage 4: Section 19 Declaration,108.51,693,713,447.0,236.67,128.28,108.39,0.542,15,0.577,5,66,11,0,11,1,0,0,142,378,-74,0.98,99.0,0.468,3,0.835,1,155
LA-2026-1529,Rajasthan,Kota,National Highway Corridor,Cabinet Fast-Track,Stage 4: Section 19 Declaration,55.58,509,420,81.21,39.19,5.37,33.82,0.137,11,0.917,3,88,5,0,5,1,1,0,156,113,409,0.98,20.7,0.202,5,0.882,1,159
LA-2026-1530,Uttar Pradesh,Lucknow,Major Irrigation & Canal,Cabinet Fast-Track,Stage 3: Section 15 Hearing & Objections,366.98,1607,988,1016.29,335.25,55.99,279.26,0.167,3,0.158,7,30,23,0,23,0,0,0,74,201,3,0.98,97.5,0.366,1,0.746,1,130
LA-2026-1531,Uttar Pradesh,Prayagraj,Renewable Energy Solar Park,Cabinet Fast-Track,Stage 5: Valuation & Compensation Award,11.33,116,93,121.04,50.78,40.83,9.95,0.804,3,0.1,1,7,0,0,0,0,0,0,124,350,-73,0.98,99.0,0.418,5,0.497,1,199
LA-2026-1532,Uttar Pradesh,Varanasi,National Highway Corridor,Cabinet Fast-Track,Stage 2: Section 11 Notification,105.88,563,594,333.65,167.83,13.43,154.4,0.08,1,0.067,8,6,11,1,15,0,0,0,26,472,16,0.98,95.7,0.405,6,0.795,1,93
LA-2026-1533,Maharashtra,Nashik,Major Irrigation & Canal,Cabinet Fast-Track,Stage 6: Land Possession & Handover,67.84,535,576,99.54,52.59,38.44,14.15,0.731,10,0.667,0,0,7,0,7,1,1,0,168,665,-47,0.98,99.0,0.269,4,0.87,1,195
LA-2026-1534,Uttar Pradesh,Prayagraj,Rural Road Connectivity (PMGSY),High,Stage 5: Valuation & Compensation Award,37.3,212,191,226.31,103.48,72.33,31.15,0.699,11,0.55,6,61,2,0,2,0,0,0,140,356,-47,0.98,99.0,0.375,6,0.603,1,282
LA-2026-1535,Maharashtra,Pune,High-Speed Rail / DFC,Critical,Stage 3: Section 15 Hearing & Objections,170.43,505,536,475.25,183.3,5.32,177.98,0.029,9,0.391,8,99,4,0,4,0,0,1,176,555,71,0.98,87.7,0.317,0,0.877,1,256
LA-2026-1536,Gujarat,Ahmedabad,High-Speed Rail / DFC,Normal,Stage 3: Section 15 Hearing & Objections,209.26,591,514,379.48,195.91,27.23,168.68,0.139,12,0.375,1,43,12,1,16,0,0,0,61,230,302,0.98,42.3,0.221,4,0.953,1,187
LA-2026-1537,Odisha,Sambalpur,Industrial Smart City Corridor,Cabinet Fast-Track,Stage 4: Section 19 Declaration,101.73,308,303,342.74,177.96,79.55,98.41,0.447,7,0.538,3,117,7,1,9,0,1,0,126,83,263,0.98,23.0,0.276,3,0.745,1,156
LA-2026-1538,Odisha,Angul,High-Speed Rail / DFC,Cabinet Fast-Track,Stage 3: Section 15 Hearing & Objections,172.77,531,493,315.56,93.91,10.42,83.49,0.111,5,0.357,0,0,3,0,3,1,0,0,12,215,-29,0.98,99.0,0.43,6,0.578,1,159
LA-2026-1539,Odisha,Khurda,National Highway Corridor,High,Stage 4: Section 19 Declaration,36.5,170,136,232.25,95.88,36.15,59.73,0.377,5,0.25,5,108,3,0,3,1,1,0,66,208,262,0.98,43.3,0.344,0,0.76,1,183
LA-2026-1540,Maharashtra,Nagpur,Major Irrigation & Canal,Normal,Stage 3: Section 15 Hearing & Objections,56.06,301,192,150.39,54.27,9.55,44.72,0.176,11,0.579,5,84,8,1,12,1,1,0,126,186,209,0.98,46.1,0.279,1,0.98,1,269
LA-2026-1541,Karnataka,Mysuru,Renewable Energy Solar Park,Cabinet Fast-Track,Stage 4: Section 19 Declaration,91.0,723,533,334.36,152.48,80.36,72.12,0.527,20,0.8,3,117,8,1,10,0,1,0,163,355,208,0.98,62.1,0.255,1,0.912,1,190
LA-2026-1542,Maharashtra,Thane,Rural Road Connectivity (PMGSY),High,Stage 4: Section 19 Declaration,141.96,768,801,313.85,117.83,56.09,61.74,0.476,25,0.926,1,21,12,0,12,0,0,0,30,244,436,0.98,34.9,0.468,3,0.659,1,101
LA-2026-1543,Rajasthan,Jodhpur,Industrial Smart City Corridor,Critical,Stage 3: Section 15 Hearing & Objections,49.52,340,223,175.6,91.15,16.77,74.38,0.184,8,0.296,6,81,3,0,3,0,1,0,136,762,-88,0.98,99.0,0.283,1,0.776,1,280
LA-2026-1544,Karnataka,Dharwad,Rural Road Connectivity (PMGSY),High,Stage 4: Section 19 Declaration,10.59,53,46,43.3,17.32,9.02,8.3,0.521,18,0.75,2,119,0,0,0,1,1,0,118,186,217,0.98,45.2,0.198,6,0.597,1,139
LA-2026-1545,Uttar Pradesh,Noida,Major Irrigation & Canal,Critical,Stage 1: Preliminary Survey & SIA,50.8,370,334,125.91,61.34,5.77,55.57,0.094,21,0.677,6,57,1,0,1,0,0,0,141,268,-46,0.98,99.0,0.532,2,0.681,1,155
LA-2026-1546,Tamil Nadu,Salem,National Highway Corridor,High,Stage 4: Section 19 Declaration,41.6,307,220,143.4,67.86,35.36,32.5,0.521,5,0.357,1,37,4,0,4,0,0,0,175,165,254,0.98,38.4,0.178,1,0.541,1,160
LA-2026-1547,Uttar Pradesh,Lucknow,National Highway Corridor,Critical,Stage 5: Valuation & Compensation Award,187.63,1053,991,616.84,328.64,237.61,91.03,0.723,21,0.636,4,38,17,0,17,0,1,0,60,200,185,0.98,51.0,0.419,1,0.74,1,113
LA-2026-1548,Tamil Nadu,Kanchipuram,Rural Road Connectivity (PMGSY),Critical,Stage 1: Preliminary Survey & SIA,19.11,157,129,182.69,67.11,6.31,60.8,0.094,24,0.8,0,0,0,0,0,0,0,0,113,443,91,0.98,82.0,0.332,1,0.767,1,179
LA-2026-1549,Madhya Pradesh,Indore,High-Speed Rail / DFC,High,Stage 2: Section 11 Notification,53.06,170,144,88.41,25.38,4.14,21.24,0.163,24,0.828,7,92,2,0,2,0,1,0,160,294,125,0.98,69.2,0.19,3,0.885,1,164
LA-2026-1550,Madhya Pradesh,Indore,Major Irrigation & Canal,Cabinet Fast-Track,Stage 5: Valuation & Compensation Award,25.02,175,163,191.17,57.22,46.86,10.36,0.819,27,0.9,2,39,2,0,2,1,0,0,45,221,-11,0.98,99.0,0.206,6,0.495,1,79
LA-2026-1551,Odisha,Jajpur,High-Speed Rail / DFC,Cabinet Fast-Track,Stage 3: Section 15 Hearing & Objections,74.06,382,253,296.24,142.75,0.86,141.89,0.006,18,0.818,0,0,7,0,7,1,0,0,86,580,13,0.98,96.8,0.373,4,0.899,1,130
LA-2026-1552,Madhya Pradesh,Gwalior,High-Speed Rail / DFC,Cabinet Fast-Track,Stage 3: Section 15 Hearing & Objections,10.06,74,57,30.08,12.04,2.31,9.73,0.192,3,0.111,5,72,0,0,0,0,0,1,58,425,302,0.98,57.5,0.384,5,0.529,1,170
LA-2026-1553,Gujarat,Ahmedabad,Rural Road Connectivity (PMGSY),Cabinet Fast-Track,Stage 2: Section 11 Notification,18.51,124,126,153.04,40.12,2.33,37.79,0.058,9,0.375,3,29,1,0,1,0,0,0,27,131,240,0.98,34.3,0.157,2,0.469,0,0
LA-2026-1554,Maharashtra,Nagpur,Industrial Smart City Corridor,Cabinet Fast-Track,Stage 3: Section 15 Hearing & Objections,95.36,689,521,237.78,104.19,2.71,101.48,0.026,13,0.448,7,95,6,1,8,1,0,0,43,86,254,0.98,24.3,0.271,5,0.879,1,136
LA-2026-1555,Rajasthan,Jodhpur,Renewable Energy Solar Park,Critical,Stage 3: Section 15 Hearing & Objections,79.43,263,158,334.14,114.49,10.19,104.3,0.089,6,0.3,0,0,5,0,5,0,0,0,127,287,100,0.98,73.2,0.304,1,0.811,1,137
LA-2026-1556,Odisha,Sambalpur,Major Irrigation & Canal,Cabinet Fast-Track,Stage 4: Section 19 Declaration,65.99,598,372,292.57,75.69,37.54,38.15,0.496,29,0.906,5,89,7,0,7,0,0,0,83,76,144,0.98,33.6,0.306,6,0.786,1,240
LA-2026-1557,Gujarat,Rajkot,High-Speed Rail / DFC,High,Stage 6: Land Possession & Handover,75.86,517,474,248.81,69.55,42.91,26.64,0.617,11,0.333,1,50,11,0,11,0,1,0,108,498,124,0.98,79.1,0.136,4,0.839,1,131
LA-2026-1558,Tamil Nadu,Kanchipuram,Urban Metro Transit Extension,High,Stage 3: Section 15 Hearing & Objections,22.36,144,156,59.06,17.25,2.64,14.61,0.153,2,0.087,1,64,1,0,1,0,0,0,41,596,5,0.98,98.2,0.311,2,0.431,0,0
LA-2026-1559,Karnataka,Mangaluru,National Highway Corridor,Cabinet Fast-Track,Stage 2: Section 11 Notification,212.15,1552,1213,606.22,276.57,6.36,270.21,0.023,12,0.545,3,50,17,1,20,0,0,0,107,266,-12,0.98,99.0,0.297,3,0.98,1,154
LA-2026-1560,Rajasthan,Jaipur,National Highway Corridor,High,Stage 4: Section 19 Declaration,14.95,160,148,143.24,36.06,3.93,32.13,0.109,5,0.25,2,107,2,0,2,1,0,0,130,173,455,0.98,26.6,0.33,3,0.697,1,157
LA-2026-1561,Gujarat,Ahmedabad,Urban Metro Transit Extension,Normal,Stage 6: Land Possession & Handover,24.61,132,83,126.61,60.36,37.06,23.3,0.614,5,0.217,3,91,0,0,0,0,1,0,122,187,272,0.98,39.8,0.189,5,0.522,1,125
LA-2026-1562,Maharashtra,Aurangabad,Urban Metro Transit Extension,Normal,Stage 1: Preliminary Survey & SIA,25.59,212,153,108.77,54.08,8.33,45.75,0.154,0,0.0,0,0,3,0,3,0,0,0,23,484,11,0.98,96.8,0.288,2,0.597,1,192
LA-2026-1563,Karnataka,Mysuru,National Highway Corridor,Normal,Stage 4: Section 19 Declaration,31.12,192,178,223.59,109.8,16.25,93.55,0.148,2,0.111,3,112,2,0,2,0,0,0,96,37,171,0.98,16.8,0.271,0,0.58,1,170
LA-2026-1564,Madhya Pradesh,Ujjain,National Highway Corridor,Critical,Stage 5: Valuation & Compensation Award,31.21,154,142,145.04,47.68,20.41,27.27,0.428,12,0.414,6,15,3,0,3,1,0,1,63,349,25,0.98,92.3,0.229,5,0.74,1,177
LA-2026-1565,Odisha,Khurda,Major Irrigation & Canal,High,Stage 4: Section 19 Declaration,66.08,385,270,190.31,64.48,19.73,44.75,0.306,20,1.0,5,5,7,1,9,0,0,0,178,63,342,0.98,14.6,0.35,0,0.954,1,231
LA-2026-1566,Gujarat,Vadodara,National Highway Corridor,Critical,Stage 6: Land Possession & Handover,78.38,462,452,333.15,149.2,112.35,36.85,0.753,10,0.588,7,8,7,1,11,0,0,0,95,166,411,0.98,27.8,0.154,0,0.709,1,158
LA-2026-1567,Karnataka,Bengaluru Rural,Renewable Energy Solar Park,Normal,Stage 3: Section 15 Hearing & Objections,44.02,159,123,180.57,90.28,2.53,87.75,0.028,19,1.0,1,7,1,0,1,0,1,0,119,407,15,0.98,95.5,0.508,3,0.795,1,248
LA-2026-1568,Karnataka,Bengaluru Rural,High-Speed Rail / DFC,Cabinet Fast-Track,Stage 4: Section 19 Declaration,18.34,111,90,138.26,54.88,19.76,35.12,0.36,20,0.909,0,0,3,0,3,0,0,1,81,167,349,0.98,31.4,0.463,0,0.793,1,119
LA-2026-1569,Karnataka,Belagavi,Industrial Smart City Corridor,High,Stage 5: Valuation & Compensation Award,246.49,1699,1512,949.25,448.57,150.72,297.85,0.336,24,0.774,8,41,20,1,21,0,0,0,66,157,78,0.98,65.8,0.201,0,0.798,1,127
LA-2026-1570,Gujarat,Surat,High-Speed Rail / DFC,Normal,Stage 5: Valuation & Compensation Award,170.71,737,598,436.73,206.24,89.71,116.53,0.435,6,0.429,7,39,8,1,10,1,0,1,139,150,239,0.98,37.6,0.216,3,0.925,1,189
LA-2026-1571,Karnataka,Belagavi,Rural Road Connectivity (PMGSY),Cabinet Fast-Track,Stage 1: Preliminary Survey & SIA,38.96,151,155,131.37,47.77,4.82,42.95,0.101,15,0.882,7,54,0,0,0,0,0,0,106,437,111,0.98,78.8,0.243,6,0.61,1,163
LA-2026-1572,Rajasthan,Jaipur,Rural Road Connectivity (PMGSY),Cabinet Fast-Track,Stage 2: Section 11 Notification,148.11,875,777,490.61,228.06,21.21,206.85,0.093,4,0.138,8,93,11,1,15,0,0,0,162,183,82,0.98,68.1,0.317,4,0.869,1,260
LA-2026-1573,Rajasthan,Jaipur,Industrial Smart City Corridor,High,Stage 3: Section 15 Hearing & Objections,248.95,1458,1048,324.62,135.94,19.85,116.09,0.146,0,0.0,0,0,24,0,24,0,0,0,49,230,430,0.98,33.9,0.315,3,0.603,1,98
LA-2026-1574,Madhya Pradesh,Jabalpur,Major Irrigation & Canal,Cabinet Fast-Track,Stage 6: Land Possession & Handover,185.4,1579,1706,450.61,208.61,205.06,3.55,0.983,12,0.8,2,24,20,0,20,0,0,0,19,239,13,0.98,93.9,0.303,2,0.467,0,0
LA-2026-1575,Rajasthan,Kota,Urban Metro Transit Extension,Normal,Stage 4: Section 19 Declaration,132.4,804,673,449.89,239.17,67.21,171.96,0.281,15,0.789,0,0,13,0,13,0,1,0,73,464,110,0.98,79.9,0.215,5,0.855,1,126
LA-2026-1576,Gujarat,Vadodara,Renewable Energy Solar Park,Cabinet Fast-Track,Stage 3: Section 15 Hearing & Objections,65.32,198,172,227.71,66.14,1.52,64.62,0.023,10,0.323,0,0,1,0,1,1,0,0,73,160,170,0.98,47.5,0.158,3,0.728,1,277
LA-2026-1577,Madhya Pradesh,Ujjain,National Highway Corridor,High,Stage 2: Section 11 Notification,48.67,414,441,123.42,49.24,3.79,45.45,0.077,19,0.559,8,68,5,0,5,0,0,0,74,248,101,0.98,70.1,0.293,5,0.896,1,214
LA-2026-1578,Uttar Pradesh,Lucknow,Urban Metro Transit Extension,Critical,Stage 2: Section 11 Notification,72.13,452,273,103.82,31.17,5.08,26.09,0.163,25,0.714,4,0,11,0,11,1,1,0,63,167,159,0.98,50.2,0.407,5,0.98,1,237
LA-2026-1579,Madhya Pradesh,Ujjain,Major Irrigation & Canal,Critical,Stage 1: Preliminary Survey & SIA,64.87,347,285,233.55,123.75,12.5,111.25,0.101,5,0.217,2,25,7,0,7,1,0,0,55,204,417,0.98,31.9,0.236,1,0.737,1,97
LA-2026-1580,Gujarat,Surat,National Highway Corridor,High,Stage 4: Section 19 Declaration,210.43,1638,1304,459.08,176.94,24.77,152.17,0.14,20,0.769,1,111,25,0,25,1,1,1,114,162,214,0.98,42.1,0.229,0,0.802,1,145
LA-2026-1581,Karnataka,Dharwad,Major Irrigation & Canal,Normal,Stage 3: Section 15 Hearing & Objections,9.87,120,73,90.05,41.15,4.28,36.87,0.104,2,0.061,1,27,4,0,4,1,0,0,11,166,76,0.98,67.6,0.185,6,0.641,1,112
LA-2026-1582,Tamil Nadu,Salem,Major Irrigation & Canal,Critical,Stage 2: Section 11 Notification,36.25,131,94,176.68,61.51,2.95,58.56,0.048,21,0.636,5,104,1,0,1,0,0,0,104,374,245,0.98,59.4,0.172,4,0.682,1,118
LA-2026-1583,Maharashtra,Thane,Rural Road Connectivity (PMGSY),Critical,Stage 3: Section 15 Hearing & Objections,103.84,679,667,392.85,211.04,36.72,174.32,0.174,25,0.735,2,3,7,0,7,1,0,0,126,31,251,0.98,10.0,0.459,6,0.594,1,202
LA-2026-1584,Karnataka,Belagavi,Major Irrigation & Canal,Cabinet Fast-Track,Stage 5: Valuation & Compensation Award,489.97,3895,4173,1368.82,689.74,538.0,151.74,0.78,20,0.625,0,0,61,0,61,0,0,0,10,222,381,0.98,35.8,0.193,5,0.602,1,97
LA-2026-1585,Rajasthan,Jodhpur,Renewable Energy Solar Park,Cabinet Fast-Track,Stage 4: Section 19 Declaration,72.65,446,366,287.44,73.4,21.43,51.97,0.292,21,0.778,1,93,3,0,3,0,0,0,119,208,55,0.98,78.1,0.281,6,0.652,1,139
LA-2026-1586,Maharashtra,Nagpur,Major Irrigation & Canal,Normal,Stage 4: Section 19 Declaration,185.7,919,673,433.14,156.08,74.45,81.63,0.477,15,1.0,8,30,12,1,14,0,1,0,124,202,456,0.98,29.7,0.279,3,0.98,1,231
LA-2026-1587,Maharashtra,Nagpur,Industrial Smart City Corridor,Cabinet Fast-Track,Stage 6: Land Possession & Handover,86.4,474,302,425.22,129.04,82.07,46.97,0.636,30,0.909,1,85,7,1,11,0,0,0,75,255,212,0.98,53.6,0.286,4,0.855,1,173
LA-2026-1588,Uttar Pradesh,Noida,Major Irrigation & Canal,Cabinet Fast-Track,Stage 5: Valuation & Compensation Award,105.62,842,825,250.9,119.36,84.39,34.97,0.707,3,0.15,4,11,14,1,17,0,0,0,67,268,359,0.98,41.8,0.479,0,0.836,1,118
LA-2026-1589,Odisha,Sundargarh,Rural Road Connectivity (PMGSY),Critical,Stage 4: Section 19 Declaration,24.14,89,90,159.52,72.75,21.39,51.36,0.294,17,0.567,3,108,2,0,2,0,0,0,25,109,72,0.98,59.2,0.437,6,0.531,1,84
LA-2026-1590,Gujarat,Bharuch,Urban Metro Transit Extension,High,Stage 5: Valuation & Compensation Award,144.21,1086,892,492.52,134.93,102.55,32.38,0.76,10,0.385,2,104,16,0,16,0,0,0,147,39,545,0.98,5.7,0.326,4,0.616,1,189
LA-2026-1591,Tamil Nadu,Coimbatore,Urban Metro Transit Extension,Normal,Stage 1: Preliminary Survey & SIA,184.59,1380,1062,274.02,127.67,12.26,115.41,0.096,7,0.206,4,108,22,0,22,0,0,0,138,346,161,0.98,67.3,0.23,5,0.814,1,230
LA-2026-1592,Madhya Pradesh,Bhopal,Rural Road Connectivity (PMGSY),Critical,Stage 3: Section 15 Hearing & Objections,68.55,346,258,210.6,63.21,6.19,57.02,0.098,3,0.088,2,109,4,0,4,0,0,0,67,464,-69,0.98,99.0,0.268,5,0.678,1,166
LA-2026-1593,Gujarat,Ahmedabad,Renewable Energy Solar Park,Cabinet Fast-Track,Stage 2: Section 11 Notification,58.61,183,180,196.07,49.5,7.18,42.32,0.145,12,0.5,1,67,3,0,3,0,0,0,99,514,98,0.98,83.0,0.191,5,0.739,1,540
LA-2026-1594,Madhya Pradesh,Bhopal,High-Speed Rail / DFC,Critical,Stage 4: Section 19 Declaration,10.22,90,69,176.36,58.01,25.99,32.02,0.448,10,0.312,2,56,1,0,1,0,1,1,127,185,50,0.98,77.7,0.31,5,0.736,1,134
LA-2026-1595,Karnataka,Bengaluru Rural,Industrial Smart City Corridor,Normal,Stage 2: Section 11 Notification,111.46,354,214,358.9,104.23,3.75,100.48,0.036,10,0.303,0,0,5,1,9,1,0,0,119,222,109,0.98,66.1,0.436,5,0.919,1,212
LA-2026-1596,Odisha,Sambalpur,Major Irrigation & Canal,High,Stage 6: Land Possession & Handover,397.95,1210,737,1186.96,586.3,504.8,81.5,0.861,7,0.467,6,62,18,1,20,0,0,0,18,280,313,0.98,46.2,0.299,6,0.709,1,118
LA-2026-1597,Uttar Pradesh,Agra,Rural Road Connectivity (PMGSY),Cabinet Fast-Track,Stage 4: Section 19 Declaration,24.71,222,204,67.11,24.3,8.38,15.92,0.345,3,0.2,1,15,2,0,2,0,0,0,12,406,229,0.98,63.0,0.364,0,0.473,0,0
LA-2026-1598,Rajasthan,Kota,Urban Metro Transit Extension,Normal,Stage 2: Section 11 Notification,12.3,55,46,82.47,38.19,0.95,37.24,0.025,27,0.844,4,73,2,0,2,0,0,0,133,226,139,0.98,60.9,0.241,6,0.803,1,148
LA-2026-1599,Gujarat,Rajkot,Rural Road Connectivity (PMGSY),Normal,Stage 1: Preliminary Survey & SIA,86.27,285,248,325.44,83.84,13.75,70.09,0.164,8,0.571,8,91,3,0,3,0,0,0,135,572,157,0.98,77.5,0.149,1,0.67,1,144
LA-2026-1600,Uttar Pradesh,Varanasi,Rural Road Connectivity (PMGSY),High,Stage 6: Land Possession & Handover,28.66,225,194,108.66,47.06,31.25,15.81,0.664,2,0.154,3,83,2,0,2,0,0,0,41,351,286,0.98,54.1,0.41,0,0.48,1,208
LA-2026-1601,Uttar Pradesh,Lucknow,Renewable Energy Solar Park,Critical,Stage 2: Section 11 Notification,163.31,838,768,486.87,208.35,21.67,186.68,0.104,3,0.25,4,5,11,0,11,0,0,0,178,246,109,0.98,68.3,0.376,3,0.837,1,196
LA-2026-1602,Gujarat,Bharuch,Major Irrigation & Canal,Critical,Stage 4: Section 19 Declaration,18.38,70,75,162.92,76.57,16.77,59.8,0.219,3,0.167,0,0,2,0,2,1,0,0,140,581,-41,0.98,99.0,0.245,6,0.649,1,166
LA-2026-1603,Karnataka,Mysuru,Renewable Energy Solar Park,High,Stage 3: Section 15 Hearing & Objections,157.02,500,362,515.34,130.49,16.96,113.53,0.13,27,0.771,1,70,9,1,13,1,0,0,42,314,233,0.98,56.4,0.265,2,0.98,1,133
LA-2026-1604,Madhya Pradesh,Indore,Renewable Energy Solar Park,High,Stage 3: Section 15 Hearing & Objections,6.22,54,46,130.02,58.24,1.92,56.32,0.033,21,0.7,8,77,0,0,0,0,0,0,105,227,228,0.98,48.9,0.186,6,0.581,1,184
LA-2026-1605,Madhya Pradesh,Gwalior,National Highway Corridor,High,Stage 2: Section 11 Notification,214.29,637,459,414.68,199.77,14.58,185.19,0.073,13,0.867,1,42,10,0,10,0,0,0,146,157,299,0.98,33.4,0.354,1,0.922,1,414
LA-2026-1606,Tamil Nadu,Kanchipuram,National Highway Corridor,Cabinet Fast-Track,Stage 3: Section 15 Hearing & Objections,242.39,1704,1382,452.27,237.6,23.28,214.32,0.098,16,0.941,4,75,26,0,26,0,0,0,41,137,430,0.98,23.2,0.358,4,0.812,1,133
LA-2026-1607,Tamil Nadu,Tiruchirappalli,National Highway Corridor,Normal,Stage 3: Section 15 Hearing & Objections,212.96,898,959,252.31,64.71,11.0,53.71,0.17,23,1.0,8,70,13,0,13,0,1,1,56,428,77,0.98,83.8,0.227,4,0.921,1,123
LA-2026-1608,Gujarat,Surat,High-Speed Rail / DFC,Cabinet Fast-Track,Stage 3: Section 15 Hearing & Objections,134.63,781,592,382.65,205.22,28.94,176.28,0.141,22,0.957,3,86,10,0,10,1,0,0,173,84,369,0.98,17.6,0.25,4,0.791,1,310
LA-2026-1609,Tamil Nadu,Madurai,Major Irrigation & Canal,High,Stage 2: Section 11 Notification,48.47,386,239,192.99,51.0,9.64,41.36,0.189,2,0.091,1,9,7,0,7,1,1,0,114,186,83,0.98,68.2,0.277,5,0.839,1,321
LA-2026-1610,Tamil Nadu,Tiruchirappalli,Major Irrigation & Canal,Normal,Stage 3: Section 15 Hearing & Objections,38.9,241,153,140.05,75.45,15.09,60.36,0.2,15,0.556,8,87,2,0,2,0,0,0,44,778,-78,0.98,99.0,0.25,3,0.568,1,95
LA-2026-1611,Maharashtra,Aurangabad,High-Speed Rail / DFC,Normal,Stage 5: Valuation & Compensation Award,37.67,302,264,167.72,68.7,57.09,11.61,0.831,16,0.842,0,0,5,0,5,0,0,0,98,577,38,0.98,92.8,0.306,1,0.721,1,111
LA-2026-1612,Gujarat,Ahmedabad,Industrial Smart City Corridor,High,Stage 1: Preliminary Survey & SIA,73.81,285,263,173.65,68.37,13.26,55.11,0.194,12,0.444,2,47,4,0,4,0,0,0,118,82,459,0.98,14.2,0.159,6,0.62,1,156
LA-2026-1613,Uttar Pradesh,Noida,Industrial Smart City Corridor,Cabinet Fast-Track,Stage 5: Valuation & Compensation Award,20.12,139,97,53.8,15.68,7.34,8.34,0.468,25,0.714,3,118,4,0,4,0,0,0,10,248,203,0.98,54.0,0.486,6,0.673,1,72
LA-2026-1614,Maharashtra,Nashik,Renewable Energy Solar Park,Cabinet Fast-Track,Stage 3: Section 15 Hearing & Objections,5.8,55,51,115.11,56.14,1.18,54.96,0.021,10,0.385,4,45,0,0,0,0,0,0,167,36,508,0.98,5.6,0.271,3,0.392,0,0
LA-2026-1615,Odisha,Khurda,National Highway Corridor,Cabinet Fast-Track,Stage 2: Section 11 Notification,14.57,91,64,66.24,36.27,0.91,35.36,0.025,28,1.0,2,52,2,0,2,0,1,0,145,73,309,0.98,18.1,0.336,1,0.788,1,366
LA-2026-1616,Rajasthan,Alwar,Industrial Smart City Corridor,Critical,Stage 4: Section 19 Declaration,126.62,1109,929,430.52,131.55,23.81,107.74,0.181,3,0.15,7,84,17,0,17,0,0,0,147,216,402,0.98,34.0,0.392,2,0.692,1,147
LA-2026-1617,Karnataka,Bengaluru Rural,High-Speed Rail / DFC,Critical,Stage 1: Preliminary Survey & SIA,14.58,133,126,134.52,64.64,2.07,62.57,0.032,21,0.6,0,0,1,0,1,1,0,0,117,232,84,0.98,72.4,0.478,2,0.732,1,121
LA-2026-1618,Uttar Pradesh,Agra,Major Irrigation & Canal,Cabinet Fast-Track,Stage 2: Section 11 Notification,6.28,64,61,160.52,55.9,1.23,54.67,0.022,23,0.821,6,16,0,0,0,1,1,0,112,196,114,0.98,62.2,0.352,1,0.654,1,207
LA-2026-1619,Odisha,Sambalpur,National Highway Corridor,High,Stage 2: Section 11 Notification,35.97,226,219,237.59,97.43,1.66,95.77,0.017,0,0.0,6,61,6,1,10,0,0,0,162,469,61,0.98,87.5,0.309,1,0.922,1,186
LA-2026-1620,Karnataka,Belagavi,Rural Road Connectivity (PMGSY),Normal,Stage 3: Section 15 Hearing & Objections,123.27,835,916,558.29,235.86,28.77,207.09,0.122,15,0.833,1,89,11,0,11,1,0,0,119,371,62,0.98,84.7,0.246,5,0.805,1,146
LA-2026-1621,Gujarat,Surat,National Highway Corridor,High,Stage 5: Valuation & Compensation Award,215.97,626,654,427.77,211.02,73.86,137.16,0.35,13,0.812,0,0,11,0,11,1,0,0,59,170,49,0.98,76.6,0.235,5,0.894,1,168
LA-2026-1622,Karnataka,Mysuru,Industrial Smart City Corridor,Cabinet Fast-Track,Stage 6: Land Possession & Handover,11.95,85,68,109.73,49.34,34.93,14.41,0.708,3,0.094,4,14,2,0,2,0,0,0,119,291,-49,0.98,99.0,0.249,3,0.593,1,109
LA-2026-1623,Karnataka,Belagavi,National Highway Corridor,High,Stage 3: Section 15 Hearing & Objections,24.53,213,150,81.75,21.86,2.05,19.81,0.094,20,0.571,3,36,4,0,4,0,1,1,179,43,137,0.98,22.9,0.239,3,0.726,1,322
LA-2026-1624,Odisha,Jajpur,Industrial Smart City Corridor,Normal,Stage 5: Valuation & Compensation Award,193.62,1449,1025,408.31,200.29,118.37,81.92,0.591,23,1.0,5,95,23,0,23,0,0,0,94,96,97,0.98,48.8,0.393,1,0.81,1,247
LA-2026-1625,Madhya Pradesh,Bhopal,National Highway Corridor,High,Stage 1: Preliminary Survey & SIA,59.54,336,267,193.5,58.16,1.16,57.0,0.02,12,0.375,3,90,6,0,6,0,0,0,160,51,252,0.98,15.9,0.279,3,0.848,1,164
LA-2026-1626,Karnataka,Mangaluru,Urban Metro Transit Extension,High,Stage 4: Section 19 Declaration,32.67,301,259,125.12,53.01,27.94,25.07,0.527,22,0.759,4,114,10,0,10,0,0,0,117,128,182,0.98,40.3,0.299,2,0.785,1,238
LA-2026-1627,Rajasthan,Jaipur,Major Irrigation & Canal,Normal,Stage 4: Section 19 Declaration,12.06,112,83,74.23,24.57,14.35,10.22,0.584,2,0.167,4,89,2,0,2,0,0,0,138,566,43,0.98,92.0,0.279,0,0.611,1,148
LA-2026-1628,Karnataka,Dharwad,Major Irrigation & Canal,Normal,Stage 3: Section 15 Hearing & Objections,41.55,320,298,151.83,63.95,2.62,61.33,0.041,24,0.828,6,51,6,0,6,1,0,0,108,551,77,0.98,86.8,0.186,4,0.897,1,137
LA-2026-1629,Maharashtra,Aurangabad,Major Irrigation & Canal,Critical,Stage 3: Section 15 Hearing & Objections,22.52,152,163,116.13,50.05,0.45,49.6,0.009,3,0.103,2,28,4,0,4,1,1,0,78,181,224,0.98,43.7,0.298,1,0.753,1,108
LA-2026-1630,Tamil Nadu,Coimbatore,Industrial Smart City Corridor,Normal,Stage 3: Section 15 Hearing & Objections,38.43,242,254,148.02,68.45,8.9,59.55,0.13,3,0.103,0,0,3,0,3,0,0,0,63,451,-17,0.98,99.0,0.236,2,0.71,1,256
LA-2026-1631,Uttar Pradesh,Prayagraj,Industrial Smart City Corridor,High,Stage 4: Section 19 Declaration,44.07,144,137,184.99,48.03,22.33,25.7,0.465,0,0.0,5,28,2,0,2,1,0,0,24,362,119,0.98,74.3,0.408,0,0.461,0,0
LA-2026-1632,Uttar Pradesh,Agra,Urban Metro Transit Extension,Critical,Stage 4: Section 19 Declaration,122.58,1012,613,217.74,72.67,36.63,36.04,0.504,10,0.526,4,26,11,0,11,0,1,0,123,448,-57,0.98,99.0,0.352,1,0.837,1,178
LA-2026-1633,Madhya Pradesh,Jabalpur,High-Speed Rail / DFC,Cabinet Fast-Track,Stage 6: Land Possession & Handover,238.85,2000,2093,467.86,130.96,116.82,14.14,0.892,5,0.294,3,72,23,0,23,0,1,1,127,215,472,0.98,30.3,0.331,1,0.68,1,171
LA-2026-1634,Madhya Pradesh,Ujjain,High-Speed Rail / DFC,Normal,Stage 3: Section 15 Hearing & Objections,27.45,105,96,222.01,102.09,14.8,87.29,0.145,20,0.769,6,12,1,0,1,1,0,1,72,248,5,0.98,97.0,0.272,0,0.782,1,134
LA-2026-1635,Madhya Pradesh,Gwalior,National Highway Corridor,Normal,Stage 4: Section 19 Declaration,214.29,1253,775,551.05,162.25,64.9,97.35,0.4,2,0.105,4,18,21,0,21,0,1,0,43,52,141,0.98,26.0,0.38,4,0.591,1,121
LA-2026-1636,Odisha,Khurda,High-Speed Rail / DFC,High,Stage 4: Section 19 Declaration,35.77,348,244,89.28,48.53,6.21,42.32,0.128,15,0.682,2,31,4,0,4,0,0,1,88,197,437,0.98,30.1,0.35,6,0.873,1,204
LA-2026-1637,Maharashtra,Pune,Renewable Energy Solar Park,Critical,Stage 4: Section 19 Declaration,26.89,143,112,208.92,76.22,16.23,59.99,0.213,3,0.25,0,0,2,0,2,0,0,0,46,455,248,0.98,63.7,0.35,2,0.528,1,303
LA-2026-1638,Karnataka,Dharwad,Urban Metro Transit Extension,Normal,Stage 3: Section 15 Hearing & Objections,40.03,299,230,195.09,85.84,10.56,75.28,0.123,9,0.6,5,9,2,0,2,1,0,0,67,86,267,0.98,23.4,0.204,0,0.644,1,154
LA-2026-1639,Maharashtra,Aurangabad,High-Speed Rail / DFC,High,Stage 5: Valuation & Compensation Award,121.82,1004,981,149.11,77.12,35.94,41.18,0.466,13,0.765,2,114,15,0,15,0,0,1,163,372,351,0.98,50.5,0.316,3,0.759,1,200
LA-2026-1640,Odisha,Jajpur,Rural Road Connectivity (PMGSY),Normal,Stage 3: Section 15 Hearing & Objections,57.43,170,155,279.25,75.27,5.87,69.4,0.078,9,0.281,5,18,4,0,4,0,0,0,48,250,-68,0.98,99.0,0.402,3,0.603,1,225
LA-2026-1641,Uttar Pradesh,Lucknow,Renewable Energy Solar Park,Cabinet Fast-Track,Stage 6: Land Possession & Handover,21.6,148,147,83.68,26.74,20.16,6.58,0.754,4,0.182,2,98,4,0,4,0,0,0,33,178,287,0.98,37.3,0.379,5,0.567,1,230
LA-2026-1642,Madhya Pradesh,Ujjain,Rural Road Connectivity (PMGSY),Critical,Stage 3: Section 15 Hearing & Objections,40.91,255,211,76.92,30.21,3.23,26.98,0.107,15,0.517,8,68,6,0,6,1,1,0,117,226,205,0.98,51.5,0.256,5,0.809,1,178
LA-2026-1643,Madhya Pradesh,Ujjain,Renewable Energy Solar Park,High,Stage 4: Section 19 Declaration,39.43,178,107,112.83,28.94,8.13,20.81,0.281,3,0.25,0,0,1,0,1,0,1,0,102,150,119,0.98,54.8,0.269,0,0.584,1,139
LA-2026-1644,Maharashtra,Thane,Industrial Smart City Corridor,High,Stage 5: Valuation & Compensation Award,112.16,731,550,219.43,68.36,24.88,43.48,0.364,7,0.28,3,105,7,1,9,0,1,0,151,177,474,0.98,26.2,0.426,5,0.894,1,214
LA-2026-1645,Maharashtra,Nashik,Industrial Smart City Corridor,Normal,Stage 3: Section 15 Hearing & Objections,206.3,1533,1304,366.43,123.66,1.98,121.68,0.016,7,0.5,2,3,19,1,21,1,0,0,158,369,-81,0.98,99.0,0.254,6,0.922,1,286
LA-2026-1646,Madhya Pradesh,Indore,Rural Road Connectivity (PMGSY),High,Stage 3: Section 15 Hearing & Objections,99.78,622,454,274.2,139.34,12.4,126.94,0.089,19,0.559,7,52,12,0,12,0,1,0,145,413,-90,0.98,99.0,0.211,0,0.98,1,256
LA-2026-1647,Gujarat,Ahmedabad,Urban Metro Transit Extension,Normal,Stage 1: Preliminary Survey & SIA,8.51,59,35,100.51,51.46,9.78,41.68,0.19,6,0.5,6,87,2,0,2,0,0,0,51,287,70,0.98,79.4,0.179,2,0.667,1,272
LA-2026-1648,Tamil Nadu,Coimbatore,Major Irrigation & Canal,High,Stage 1: Preliminary Survey & SIA,36.56,227,205,216.82,86.52,0.95,85.57,0.011,6,0.375,6,79,1,0,1,0,0,0,106,297,-23,0.98,99.0,0.192,4,0.625,1,165
LA-2026-1649,Uttar Pradesh,Agra,Major Irrigation & Canal,Critical,Stage 1: Preliminary Survey & SIA,499.4,2649,2687,571.63,216.28,11.68,204.6,0.054,12,0.923,5,82,42,0,42,1,0,0,52,419,175,0.98,69.6,0.357,6,0.963,1,165
LA-2026-1650,Odisha,Khurda,High-Speed Rail / DFC,Critical,Stage 2: Section 11 Notification,330.47,2596,1757,601.71,295.94,37.88,258.06,0.128,0,0.0,4,24,36,0,36,1,0,0,64,63,226,0.98,20.8,0.336,4,0.806,1,187
LA-2026-1651,Maharashtra,Aurangabad,Rural Road Connectivity (PMGSY),Cabinet Fast-Track,Stage 2: Section 11 Notification,212.27,825,714,484.99,223.91,22.39,201.52,0.1,0,0.0,5,96,13,1,17,0,0,0,33,191,38,0.98,82.4,0.266,2,0.692,1,284
LA-2026-1652,Gujarat,Ahmedabad,Industrial Smart City Corridor,Cabinet Fast-Track,Stage 1: Preliminary Survey & SIA,27.52,179,133,127.13,44.51,5.21,39.3,0.117,0,0.0,6,61,4,0,4,0,0,0,138,133,562,0.98,18.2,0.19,1,0.54,1,142
LA-2026-1653,Rajasthan,Jaipur,Urban Metro Transit Extension,Normal,Stage 4: Section 19 Declaration,318.79,2490,2648,781.73,331.06,153.61,177.45,0.464,9,0.273,2,64,36,0,36,0,0,0,65,482,-65,0.98,99.0,0.325,2,0.694,1,195
LA-2026-1654,Rajasthan,Jodhpur,Industrial Smart City Corridor,Critical,Stage 5: Valuation & Compensation Award,90.38,731,788,294.35,107.16,90.76,16.4,0.847,6,0.316,1,19,10,0,10,1,1,0,109,70,551,0.98,10.3,0.264,6,0.586,1,162
LA-2026-1655,Tamil Nadu,Tiruchirappalli,Rural Road Connectivity (PMGSY),Normal,Stage 5: Valuation & Compensation Award,64.47,352,315,179.19,57.86,26.27,31.59,0.454,9,0.529,2,8,4,0,4,0,1,0,90,262,14,0.98,93.9,0.265,1,0.72,1,109
LA-2026-1656,Rajasthan,Kota,Major Irrigation & Canal,Critical,Stage 5: Valuation & Compensation Award,36.48,229,194,184.78,98.8,49.4,49.4,0.5,15,1.0,0,0,4,0,4,0,0,0,45,695,-63,0.98,99.0,0.245,4,0.725,1,316
LA-2026-1657,Gujarat,Rajkot,Industrial Smart City Corridor,Critical,Stage 5: Valuation & Compensation Award,93.03,480,352,318.19,94.25,61.64,32.61,0.654,8,0.308,0,0,8,0,8,0,0,0,139,241,24,0.98,90.0,0.12,6,0.782,1,147
LA-2026-1658,Maharashtra,Nagpur,Rural Road Connectivity (PMGSY),Normal,Stage 3: Section 15 Hearing & Objections,38.71,325,251,237.58,86.22,11.55,74.67,0.134,2,0.083,3,49,8,0,8,0,0,0,155,192,372,0.98,33.1,0.323,4,0.667,1,241
LA-2026-1659,Rajasthan,Jaipur,National Highway Corridor,High,Stage 6: Land Possession & Handover,40.79,178,170,180.84,71.03,48.66,22.37,0.685,12,0.667,5,8,6,1,10,0,1,0,120,233,57,0.98,79.4,0.304,4,0.922,1,170
LA-2026-1660,Gujarat,Rajkot,High-Speed Rail / DFC,High,Stage 2: Section 11 Notification,64.78,384,233,250.26,133.3,1.47,131.83,0.011,13,0.565,7,27,2,0,2,0,0,0,25,224,-12,0.98,99.0,0.15,2,0.585,1,131
LA-2026-1661,Tamil Nadu,Coimbatore,National Highway Corridor,High,Stage 2: Section 11 Notification,24.86,166,124,101.46,36.18,1.56,34.62,0.043,14,0.667,6,67,3,0,3,0,1,1,30,444,16,0.98,95.5,0.25,3,0.751,1,209
LA-2026-1662,Odisha,Jajpur,High-Speed Rail / DFC,High,Stage 5: Valuation & Compensation Award,29.05,103,92,131.53,52.99,28.61,24.38,0.54,22,0.759,2,89,3,0,3,0,0,0,131,523,86,0.98,84.9,0.36,4,0.795,1,136
LA-2026-1663,Karnataka,Bengaluru Rural,Urban Metro Transit Extension,High,Stage 4: Section 19 Declaration,128.66,901,570,313.98,94.24,21.77,72.47,0.231,4,0.154,7,110,17,1,21,0,0,0,48,44,460,0.98,7.8,0.466,6,0.699,1,114
LA-2026-1664,Gujarat,Rajkot,Urban Metro Transit Extension,Normal,Stage 5: Valuation & Compensation Award,26.55,240,225,154.38,57.71,22.56,35.15,0.391,22,0.88,8,99,3,0,3,0,0,0,58,411,-8,0.98,99.0,0.172,1,0.701,1,182
LA-2026-1665,Maharashtra,Thane,Rural Road Connectivity (PMGSY),Critical,Stage 5: Valuation & Compensation Award,52.46,262,230,134.46,58.32,28.81,29.51,0.494,15,1.0,7,52,6,0,6,0,0,0,138,344,145,0.98,69.4,0.453,6,0.805,1,172
LA-2026-1666,Odisha,Khurda,High-Speed Rail / DFC,Cabinet Fast-Track,Stage 3: Section 15 Hearing & Objections,79.43,577,455,228.62,96.25,16.27,79.98,0.169,10,0.323,8,55,7,0,7,0,0,1,151,211,351,0.98,36.6,0.369,4,0.704,1,154
LA-2026-1667,Uttar Pradesh,Lucknow,Rural Road Connectivity (PMGSY),Normal,Stage 2: Section 11 Notification,57.35,254,267,332.1,172.88,17.46,155.42,0.101,23,0.852,8,12,6,0,6,0,0,0,36,240,-44,0.98,99.0,0.364,6,0.704,1,89
LA-2026-1668,Madhya Pradesh,Indore,High-Speed Rail / DFC,Cabinet Fast-Track,Stage 4: Section 19 Declaration,17.77,173,139,156.77,72.12,40.17,31.95,0.557,3,0.111,5,101,1,0,1,0,0,0,60,147,423,0.98,24.8,0.221,5,0.415,0,0
LA-2026-1669,Madhya Pradesh,Bhopal,Industrial Smart City Corridor,High,Stage 1: Preliminary Survey & SIA,24.86,182,138,150.3,80.99,3.89,77.1,0.048,9,0.45,6,86,3,0,3,0,0,0,178,304,166,0.98,63.7,0.262,0,0.749,1,319
LA-2026-1670,Maharashtra,Nagpur,Rural Road Connectivity (PMGSY),Critical,Stage 6: Land Possession & Handover,48.03,208,142,135.51,58.87,41.03,17.84,0.697,10,0.455,2,73,5,0,5,0,1,0,163,789,-78,0.98,99.0,0.306,5,0.749,1,192
LA-2026-1671,Madhya Pradesh,Bhopal,Rural Road Connectivity (PMGSY),Cabinet Fast-Track,Stage 2: Section 11 Notification,44.05,243,230,256.52,122.97,5.66,117.31,0.046,16,0.727,2,55,4,0,4,0,1,0,113,207,372,0.98,34.8,0.273,0,0.871,1,207
LA-2026-1672,Madhya Pradesh,Jabalpur,Rural Road Connectivity (PMGSY),High,Stage 6: Land Possession & Handover,354.61,1769,1792,1181.86,431.04,360.78,70.26,0.837,6,0.5,0,0,25,0,25,1,0,0,33,77,311,0.98,18.9,0.281,0,0.401,0,0
LA-2026-1673,Madhya Pradesh,Bhopal,Urban Metro Transit Extension,High,Stage 2: Section 11 Notification,59.05,187,153,170.62,42.83,4.58,38.25,0.107,14,0.438,4,24,3,0,3,1,0,0,71,221,325,0.98,39.5,0.331,6,0.645,1,107
LA-2026-1674,Madhya Pradesh,Jabalpur,Urban Metro Transit Extension,Normal,Stage 6: Land Possession & Handover,85.95,327,293,131.61,38.55,30.22,8.33,0.784,10,0.833,1,14,4,0,4,0,1,0,170,103,161,0.98,38.0,0.339,2,0.768,1,457
LA-2026-1675,Tamil Nadu,Coimbatore,National Highway Corridor,Normal,Stage 3: Section 15 Hearing & Objections,184.18,580,486,570.97,174.32,16.91,157.41,0.097,15,1.0,0,0,8,0,8,0,1,0,110,242,308,0.98,43.0,0.253,2,0.911,1,157
LA-2026-1676,Rajasthan,Jodhpur,High-Speed Rail / DFC,Critical,Stage 5: Valuation & Compensation Award,5.95,46,35,155.84,51.48,43.6,7.88,0.847,2,0.062,1,43,0,0,0,0,0,0,155,367,-5,0.98,99.0,0.262,1,0.384,0,0
LA-2026-1677,Tamil Nadu,Kanchipuram,High-Speed Rail / DFC,Normal,Stage 2: Section 11 Notification,341.46,2011,2063,1066.14,383.02,2.3,380.72,0.006,6,0.375,5,14,35,0,35,1,1,0,141,295,-92,0.98,99.0,0.354,1,0.98,1,170
LA-2026-1678,Tamil Nadu,Madurai,Major Irrigation & Canal,High,Stage 2: Section 11 Notification,132.61,530,338,353.72,176.71,14.14,162.57,0.08,14,0.667,7,55,7,0,7,1,1,0,176,594,-58,0.98,99.0,0.271,5,0.904,1,182
LA-2026-1679,Tamil Nadu,Salem,National Highway Corridor,Critical,Stage 2: Section 11 Notification,22.5,231,224,79.79,35.41,5.77,29.64,0.163,14,0.56,6,76,5,0,5,0,0,0,134,399,-9,0.98,99.0,0.188,4,0.834,1,279
LA-2026-1680,Odisha,Jajpur,Urban Metro Transit Extension,Normal,Stage 4: Section 19 Declaration,144.55,543,410,358.12,128.29,69.15,59.14,0.539,18,0.9,6,37,11,0,11,0,0,0,140,47,304,0.98,12.4,0.408,3,0.667,1,123
LA-2026-1681,Maharashtra,Pune,High-Speed Rail / DFC,Critical,Stage 3: Section 15 Hearing & Objections,49.97,302,323,195.45,65.94,1.58,64.36,0.024,3,0.214,5,47,7,1,10,0,1,0,72,213,157,0.98,56.6,0.34,3,0.98,1,270
LA-2026-1682,Odisha,Sundargarh,Renewable Energy Solar Park,Normal,Stage 4: Section 19 Declaration,52.74,315,253,181.72,81.15,37.17,43.98,0.458,3,0.167,8,35,2,0,2,0,0,0,144,247,223,0.98,51.6,0.401,5,0.628,1,346
LA-2026-1683,Uttar Pradesh,Prayagraj,Urban Metro Transit Extension,Cabinet Fast-Track,Stage 3: Section 15 Hearing & Objections,140.39,403,421,435.56,220.56,22.06,198.5,0.1,6,0.333,0,0,7,0,7,0,0,0,91,355,270,0.98,55.8,0.401,0,0.878,1,169
LA-2026-1684,Rajasthan,Jodhpur,Renewable Energy Solar Park,Critical,Stage 3: Section 15 Hearing & Objections,139.12,602,392,479.6,200.01,34.2,165.81,0.171,4,0.333,0,0,10,0,10,0,0,0,157,272,300,0.98,46.6,0.309,2,0.707,1,608
LA-2026-1685,Gujarat,Rajkot,National Highway Corridor,Normal,Stage 4: Section 19 Declaration,157.4,799,851,306.4,112.2,33.66,78.54,0.3,13,0.867,4,35,12,1,15,0,0,0,130,65,131,0.98,32.2,0.133,3,0.966,1,152
LA-2026-1686,Tamil Nadu,Salem,Major Irrigation & Canal,Normal,Stage 3: Section 15 Hearing & Objections,12.08,131,123,114.57,46.91,7.74,39.17,0.165,3,0.25,0,0,1,0,1,1,0,0,36,662,-100,0.98,99.0,0.217,6,0.501,1,267
LA-2026-1687,Madhya Pradesh,Indore,High-Speed Rail / DFC,Normal,Stage 5: Valuation & Compensation Award,70.67,525,474,211.44,79.15,57.94,21.21,0.732,3,0.088,4,113,3,0,3,1,0,1,11,580,-23,0.98,99.0,0.232,2,0.507,1,198
LA-2026-1688,Madhya Pradesh,Jabalpur,Urban Metro Transit Extension,High,Stage 3: Section 15 Hearing & Objections,84.87,377,409,234.79,92.58,2.22,90.36,0.024,4,0.182,6,81,5,0,5,0,0,0,42,152,499,0.98,22.4,0.33,5,0.609,1,100
LA-2026-1689,Rajasthan,Kota,Industrial Smart City Corridor,Cabinet Fast-Track,Stage 4: Section 19 Declaration,300.97,868,606,274.59,119.91,26.5,93.41,0.221,5,0.147,5,71,11,0,11,0,0,0,85,165,109,0.98,59.2,0.217,5,0.855,1,146
LA-2026-1690,Uttar Pradesh,Lucknow,Major Irrigation & Canal,Normal,Stage 1: Preliminary Survey & SIA,229.97,901,698,432.33,132.36,20.12,112.24,0.152,6,0.25,7,13,9,1,12,0,0,0,129,140,53,0.98,71.6,0.372,1,0.927,1,259
LA-2026-1691,Uttar Pradesh,Varanasi,High-Speed Rail / DFC,Critical,Stage 4: Section 19 Declaration,120.88,972,1016,181.77,76.9,34.07,42.83,0.443,12,0.667,3,8,11,1,13,0,0,1,141,665,-22,0.98,99.0,0.399,3,0.98,1,344
LA-2026-1692,Uttar Pradesh,Lucknow,High-Speed Rail / DFC,Normal,Stage 5: Valuation & Compensation Award,119.55,665,551,386.38,165.24,81.63,83.61,0.494,21,0.778,8,57,4,0,4,1,0,0,17,166,205,0.98,43.8,0.396,1,0.599,1,199
LA-2026-1693,Gujarat,Rajkot,Renewable Energy Solar Park,Cabinet Fast-Track,Stage 4: Section 19 Declaration,86.05,698,626,378.71,180.22,83.98,96.24,0.466,11,0.55,1,6,15,0,15,0,0,0,122,84,437,0.98,15.1,0.173,3,0.733,1,284
LA-2026-1694,Gujarat,Bharuch,Industrial Smart City Corridor,Cabinet Fast-Track,Stage 4: Section 19 Declaration,26.38,171,157,188.21,67.21,26.08,41.13,0.388,15,0.469,1,28,7,1,8,1,0,0,22,141,482,0.98,21.7,0.268,2,0.882,1,295
LA-2026-1695,Karnataka,Mangaluru,Urban Metro Transit Extension,Cabinet Fast-Track,Stage 2: Section 11 Notification,57.43,348,289,169.39,67.21,2.29,64.92,0.034,17,0.486,7,26,2,0,2,1,0,0,66,133,449,0.98,21.9,0.299,5,0.7,1,102
LA-2026-1696,Tamil Nadu,Kanchipuram,National Highway Corridor,High,Stage 3: Section 15 Hearing & Objections,69.16,248,220,324.63,150.54,5.57,144.97,0.037,10,0.588,1,21,2,0,2,0,1,1,71,342,326,0.98,50.2,0.366,3,0.656,1,127
LA-2026-1697,Madhya Pradesh,Jabalpur,National Highway Corridor,High,Stage 2: Section 11 Notification,142.78,1222,1007,322.38,116.6,11.08,105.52,0.095,22,0.71,7,74,15,1,17,1,1,0,12,117,141,0.98,44.4,0.337,2,0.827,1,170
LA-2026-1698,Karnataka,Mangaluru,Renewable Energy Solar Park,High,Stage 6: Land Possession & Handover,26.27,125,89,120.2,64.88,51.64,13.24,0.796,9,0.6,5,57,2,0,2,0,0,0,34,426,-96,0.98,99.0,0.303,5,0.438,0,0
LA-2026-1699,Rajasthan,Kota,Industrial Smart City Corridor,Cabinet Fast-Track,Stage 3: Section 15 Hearing & Objections,25.79,117,89,143.73,66.91,3.61,63.3,0.054,24,0.857,7,14,3,0,3,0,0,0,95,338,203,0.98,61.5,0.283,1,0.838,1,320
LA-2026-1700,Madhya Pradesh,Indore,Urban Metro Transit Extension,High,Stage 1: Preliminary Survey & SIA,37.1,265,160,184.66,50.15,1.96,48.19,0.039,23,0.767,6,46,5,1,6,0,0,0,72,61,628,0.98,7.9,0.213,2,0.721,1,249
LA-2026-1701,Rajasthan,Udaipur,High-Speed Rail / DFC,Critical,Stage 5: Valuation & Compensation Award,172.56,1439,1273,686.42,280.5,212.9,67.6,0.759,13,0.433,4,39,21,1,24,1,0,0,110,369,168,0.98,67.7,0.215,6,0.93,1,151
LA-2026-1702,Odisha,Jajpur,National Highway Corridor,Normal,Stage 5: Valuation & Compensation Award,6.56,59,54,102.4,38.21,14.86,23.35,0.389,9,0.321,8,85,3,0,3,0,1,1,48,268,62,0.98,80.2,0.419,3,0.55,1,112
LA-2026-1703,Maharashtra,Nagpur,Industrial Smart City Corridor,Normal,Stage 4: Section 19 Declaration,43.54,329,352,178.25,45.64,5.71,39.93,0.125,11,0.44,0,0,4,0,4,1,0,0,11,343,337,0.98,49.5,0.296,6,0.58,1,123
LA-2026-1704,Gujarat,Ahmedabad,Urban Metro Transit Extension,Critical,Stage 4: Section 19 Declaration,156.64,702,686,289.73,78.68,21.79,56.89,0.277,4,0.286,3,4,16,0,16,0,0,0,159,251,130,0.98,64.9,0.177,3,0.667,1,175
LA-2026-1705,Madhya Pradesh,Bhopal,Industrial Smart City Corridor,Critical,Stage 4: Section 19 Declaration,26.72,101,64,192.74,102.75,39.97,62.78,0.389,21,0.84,5,102,4,0,4,0,1,0,154,207,291,0.98,40.6,0.31,1,0.711,1,134
LA-2026-1706,Madhya Pradesh,Ujjain,High-Speed Rail / DFC,Critical,Stage 4: Section 19 Declaration,139.94,857,653,286.7,150.71,81.08,69.63,0.538,29,0.906,8,23,11,0,11,0,1,0,155,182,85,0.98,67.2,0.27,2,0.871,1,212
LA-2026-1707,Odisha,Angul,Industrial Smart City Corridor,Cabinet Fast-Track,Stage 5: Valuation & Compensation Award,119.34,892,954,233.21,100.73,53.59,47.14,0.532,8,0.667,0,0,17,0,17,0,0,0,128,450,160,0.98,72.8,0.456,2,0.725,1,125
LA-2026-1708,Karnataka,Mangaluru,Renewable Energy Solar Park,Critical,Stage 6: Land Possession & Handover,110.33,745,556,122.56,46.36,41.96,4.4,0.905,12,0.75,0,0,9,0,9,0,0,0,110,84,396,0.98,16.5,0.28,0,0.597,1,110
LA-2026-1709,Maharashtra,Thane,Rural Road Connectivity (PMGSY),Normal,Stage 4: Section 19 Declaration,31.88,153,163,120.11,58.71,7.63,51.08,0.13,22,0.815,5,110,1,0,1,0,0,0,154,178,101,0.98,62.8,0.489,5,0.71,1,146
LA-2026-1710,Maharashtra,Nagpur,Renewable Energy Solar Park,High,Stage 4: Section 19 Declaration,182.57,1007,613,485.88,171.52,86.27,85.25,0.503,9,0.273,4,80,12,1,13,0,1,0,67,169,518,0.98,23.6,0.343,0,0.804,1,321
LA-2026-1711,Maharashtra,Nagpur,Renewable Energy Solar Park,Normal,Stage 3: Section 15 Hearing & Objections,81.97,708,744,281.62,72.51,6.45,66.06,0.089,15,1.0,0,0,15,0,15,1,1,0,62,156,123,0.98,54.9,0.254,3,0.817,1,127
LA-2026-1712,Rajasthan,Jodhpur,Rural Road Connectivity (PMGSY),High,Stage 5: Valuation & Compensation Award,54.03,406,309,269.5,110.46,44.4,66.06,0.402,7,0.226,6,18,5,0,5,0,0,0,178,479,-33,0.98,99.0,0.298,1,0.632,1,152
LA-2026-1713,Karnataka,Dharwad,Major Irrigation & Canal,Critical,Stage 5: Valuation & Compensation Award,194.65,1267,886,711.49,271.86,201.18,70.68,0.74,21,0.913,4,50,20,0,20,0,0,0,136,331,-49,0.98,99.0,0.209,1,0.73,1,179
LA-2026-1714,Maharashtra,Thane,Major Irrigation & Canal,Normal,Stage 4: Section 19 Declaration,17.02,120,92,34.41,16.08,8.91,7.17,0.554,1,0.048,7,5,1,0,1,0,1,0,158,41,537,0.98,6.1,0.45,5,0.42,0,0
LA-2026-1715,Rajasthan,Kota,National Highway Corridor,High,Stage 3: Section 15 Hearing & Objections,118.42,556,598,515.98,222.2,7.78,214.42,0.035,22,0.957,8,49,8,0,8,1,0,0,63,545,147,0.98,77.8,0.278,3,0.893,1,122
LA-2026-1716,Gujarat,Vadodara,Rural Road Connectivity (PMGSY),Critical,Stage 5: Valuation & Compensation Award,190.0,1332,1134,421.65,180.08,104.27,75.81,0.579,19,0.704,2,73,27,0,27,0,0,0,106,277,-28,0.98,99.0,0.176,5,0.757,1,164
LA-2026-1717,Odisha,Sambalpur,Renewable Energy Solar Park,Critical,Stage 1: Preliminary Survey & SIA,62.82,221,148,211.1,77.65,1.48,76.17,0.019,11,0.917,2,29,3,0,3,1,0,0,21,99,494,0.98,15.7,0.328,3,0.658,1,81
LA-2026-1718,Odisha,Sundargarh,Rural Road Connectivity (PMGSY),High,Stage 1: Preliminary Survey & SIA,80.74,601,365,221.88,117.85,2.71,115.14,0.023,2,0.08,0,0,6,0,6,0,1,0,108,402,-44,0.98,99.0,0.423,6,0.831,1,135
LA-2026-1719,Odisha,Sambalpur,Urban Metro Transit Extension,Normal,Stage 4: Section 19 Declaration,187.36,1291,903,480.87,207.51,66.2,141.31,0.319,4,0.167,8,25,16,1,20,0,1,0,125,140,368,0.98,26.6,0.293,1,0.801,1,133
LA-2026-1720,Madhya Pradesh,Ujjain,Rural Road Connectivity (PMGSY),High,Stage 3: Section 15 Hearing & Objections,20.82,164,150,136.4,45.12,0.05,45.07,0.001,12,0.923,2,114,4,0,4,0,0,0,62,79,125,0.98,37.7,0.257,6,0.794,1,226
LA-2026-1721,Uttar Pradesh,Noida,High-Speed Rail / DFC,Cabinet Fast-Track,Stage 3: Section 15 Hearing & Objections,192.59,1477,974,390.94,109.32,18.69,90.63,0.171,11,0.393,5,79,20,0,20,0,0,0,131,322,70,0.98,81.2,0.496,6,0.98,1,199
LA-2026-1722,Uttar Pradesh,Prayagraj,National Highway Corridor,High,Stage 3: Section 15 Hearing & Objections,246.88,1413,904,686.33,312.46,20.62,291.84,0.066,15,1.0,3,6,20,0,20,1,0,0,35,335,374,0.98,46.3,0.379,2,0.909,1,212
LA-2026-1723,Madhya Pradesh,Jabalpur,National Highway Corridor,High,Stage 4: Section 19 Declaration,52.22,280,181,110.2,59.28,7.59,51.69,0.128,16,0.842,8,39,6,0,6,0,1,0,157,303,-47,0.98,99.0,0.347,2,0.944,1,178
LA-2026-1724,Maharashtra,Pune,Industrial Smart City Corridor,Cabinet Fast-Track,Stage 1: Preliminary Survey & SIA,93.78,476,358,435.91,140.06,20.59,119.47,0.147,6,0.375,8,104,4,0,4,0,0,0,25,201,184,0.98,51.2,0.267,0,0.691,1,154
LA-2026-1725,Karnataka,Dharwad,National Highway Corridor,Normal,Stage 5: Valuation & Compensation Award,10.13,62,53,81.2,44.37,36.43,7.94,0.821,5,0.143,8,61,1,0,1,1,1,1,163,243,9,0.98,95.4,0.209,4,0.492,1,149
LA-2026-1726,Karnataka,Belagavi,Major Irrigation & Canal,Cabinet Fast-Track,Stage 6: Land Possession & Handover,71.41,602,464,250.98,99.08,74.51,24.57,0.752,12,1.0,3,68,9,0,9,0,1,0,24,40,373,0.98,8.7,0.215,3,0.557,1,205
LA-2026-1727,Maharashtra,Nashik,Rural Road Connectivity (PMGSY),Cabinet Fast-Track,Stage 6: Land Possession & Handover,71.66,582,491,251.58,63.16,46.8,16.36,0.741,4,0.138,1,56,13,1,16,0,0,0,119,250,58,0.98,80.2,0.227,1,0.812,1,147
LA-2026-1728,Karnataka,Bengaluru Rural,Renewable Energy Solar Park,Normal,Stage 6: Land Possession & Handover,23.97,88,92,92.35,46.68,44.3,2.38,0.949,12,0.923,0,0,2,0,2,1,1,0,155,579,23,0.98,95.2,0.49,0,0.668,1,245
LA-2026-1729,Gujarat,Rajkot,High-Speed Rail / DFC,Critical,Stage 2: Section 11 Notification,60.79,350,299,290.49,155.69,14.95,140.74,0.096,15,0.469,4,16,9,0,9,1,1,1,164,388,113,0.98,76.5,0.154,4,0.874,1,172
LA-2026-1730,Karnataka,Dharwad,Urban Metro Transit Extension,Critical,Stage 4: Section 19 Declaration,145.43,605,542,324.54,159.84,41.4,118.44,0.259,9,0.31,3,67,8,0,8,0,1,0,103,339,295,0.98,52.5,0.196,2,0.873,1,173
LA-2026-1731,Madhya Pradesh,Ujjain,Major Irrigation & Canal,Critical,Stage 6: Land Possession & Handover,119.46,687,427,453.6,177.74,109.13,68.61,0.614,9,0.474,8,26,9,1,11,1,0,0,143,100,288,0.98,24.8,0.259,6,0.804,1,271
LA-2026-1732,Rajasthan,Jaipur,National Highway Corridor,Cabinet Fast-Track,Stage 6: Land Possession & Handover,16.91,89,59,45.73,21.08,20.78,0.3,0.986,12,0.4,4,105,2,0,2,1,0,0,81,168,46,0.98,77.5,0.301,0,0.619,1,100
LA-2026-1733,Madhya Pradesh,Gwalior,Major Irrigation & Canal,Normal,Stage 6: Land Possession & Handover,156.14,1179,722,511.17,133.54,81.86,51.68,0.613,27,0.818,8,6,12,0,12,0,0,0,57,224,166,0.98,56.5,0.374,4,0.755,1,119
LA-2026-1734,Odisha,Jajpur,Rural Road Connectivity (PMGSY),High,Stage 1: Preliminary Survey & SIA,40.69,230,170,71.39,32.82,3.64,29.18,0.111,13,0.52,0,0,6,0,6,0,0,0,169,204,4,0.98,97.1,0.388,2,0.934,1,301
LA-2026-1735,Rajasthan,Alwar,Renewable Energy Solar Park,Critical,Stage 3: Section 15 Hearing & Objections,101.42,446,352,361.47,173.01,9.52,163.49,0.055,0,0.0,4,102,5,0,5,0,0,0,70,508,62,0.98,88.1,0.391,2,0.596,1,232
LA-2026-1736,Odisha,Sambalpur,Major Irrigation & Canal,Normal,Stage 6: Land Possession & Handover,106.16,883,539,211.67,67.71,44.01,23.7,0.65,16,0.485,0,0,4,0,4,0,0,0,78,400,60,0.98,86.0,0.309,2,0.667,1,121
LA-2026-1737,Gujarat,Rajkot,Major Irrigation & Canal,Normal,Stage 2: Section 11 Notification,25.93,125,87,122.67,60.58,4.97,55.61,0.082,15,0.652,8,27,1,0,1,0,1,0,19,268,-79,0.98,99.0,0.163,4,0.709,1,116
LA-2026-1738,Odisha,Khurda,Major Irrigation & Canal,High,Stage 6: Land Possession & Handover,33.59,287,209,132.24,69.84,66.21,3.63,0.948,7,0.438,2,18,1,0,1,0,0,0,136,295,167,0.98,62.9,0.325,5,0.537,1,152
LA-2026-1739,Maharashtra,Nagpur,Urban Metro Transit Extension,Cabinet Fast-Track,Stage 2: Section 11 Notification,18.65,130,142,127.68,64.72,12.3,52.42,0.19,14,0.412,0,0,2,0,2,0,0,0,151,72,432,0.98,13.3,0.274,0,0.546,1,148
LA-2026-1740,Odisha,Sambalpur,Urban Metro Transit Extension,Normal,Stage 6: Land Possession & Handover,29.76,165,161,103.33,26.41,21.23,5.18,0.804,8,0.571,7,14,3,0,3,1,0,0,37,209,211,0.98,48.8,0.314,2,0.532,1,77
LA-2026-1741,Madhya Pradesh,Bhopal,Urban Metro Transit Extension,Cabinet Fast-Track,Stage 3: Section 15 Hearing & Objections,107.02,876,835,365.97,169.89,12.74,157.15,0.075,23,0.742,5,52,11,0,11,0,0,0,93,42,284,0.98,11.9,0.238,0,0.781,1,139
LA-2026-1742,Gujarat,Vadodara,National Highway Corridor,Critical,Stage 1: Preliminary Survey & SIA,170.91,1192,1062,700.06,244.88,24.98,219.9,0.102,10,0.556,8,91,27,0,27,0,0,1,165,84,122,0.98,39.8,0.182,6,0.784,1,149
LA-2026-1743,Maharashtra,Nagpur,Major Irrigation & Canal,Normal,Stage 1: Preliminary Survey & SIA,91.7,519,378,97.71,25.08,3.69,21.39,0.147,20,0.667,8,93,5,0,5,0,0,0,138,319,90,0.98,77.0,0.285,0,0.883,1,194
LA-2026-1744,Rajasthan,Udaipur,Renewable Energy Solar Park,Cabinet Fast-Track,Stage 5: Valuation & Compensation Award,34.84,233,221,118.12,55.47,46.48,8.99,0.838,7,0.333,5,31,5,0,5,1,0,0,157,229,226,0.98,49.3,0.278,0,0.731,1,193
LA-2026-1745,Karnataka,Dharwad,Urban Metro Transit Extension,Cabinet Fast-Track,Stage 6: Land Possession & Handover,10.98,84,83,66.29,29.84,23.69,6.15,0.794,2,0.071,5,83,2,0,2,1,0,0,153,210,51,0.98,79.5,0.231,1,0.521,1,194
LA-2026-1746,Gujarat,Bharuch,High-Speed Rail / DFC,Cabinet Fast-Track,Stage 1: Preliminary Survey & SIA,53.39,323,229,210.4,88.61,8.95,79.66,0.101,10,0.476,5,15,5,1,9,1,0,0,76,340,-19,0.98,99.0,0.281,1,0.902,1,138
LA-2026-1747,Gujarat,Rajkot,National Highway Corridor,High,Stage 5: Valuation & Compensation Award,23.86,199,210,77.45,33.04,25.71,7.33,0.778,30,0.882,1,16,1,0,1,0,1,1,151,299,309,0.98,48.2,0.16,0,0.584,1,119
LA-2026-1748,Gujarat,Bharuch,Rural Road Connectivity (PMGSY),Cabinet Fast-Track,Stage 6: Land Possession & Handover,99.41,883,806,233.52,123.16,103.08,20.08,0.837,15,0.441,4,15,12,1,15,0,0,0,112,160,382,0.98,28.5,0.279,0,0.738,1,318
LA-2026-1749,Uttar Pradesh,Noida,Major Irrigation & Canal,Cabinet Fast-Track,Stage 5: Valuation & Compensation Award,49.47,311,309,278.32,70.82,28.4,42.42,0.401,22,0.815,2,93,3,0,3,0,0,0,84,476,164,0.98,73.4,0.502,4,0.776,1,112
LA-2026-1750,Uttar Pradesh,Varanasi,National Highway Corridor,Critical,Stage 6: Land Possession & Handover,373.58,1872,1561,376.16,111.48,109.03,2.45,0.978,5,0.192,8,92,24,0,24,1,0,0,92,418,226,0.98,63.9,0.448,4,0.756,1,120
LA-2026-1751,Madhya Pradesh,Jabalpur,Industrial Smart City Corridor,Cabinet Fast-Track,Stage 1: Preliminary Survey & SIA,166.06,1399,1047,449.82,203.5,4.07,199.43,0.02,13,0.371,6,66,15,1,18,0,1,0,20,103,259,0.98,27.5,0.309,2,0.776,1,112
LA-2026-1752,Rajasthan,Alwar,High-Speed Rail / DFC,High,Stage 3: Section 15 Hearing & Objections,197.16,1346,1273,594.44,165.72,0.83,164.89,0.005,17,0.515,2,12,23,1,25,0,0,0,69,138,307,0.98,30.0,0.372,6,0.901,1,124
LA-2026-1753,Karnataka,Bengaluru Rural,Major Irrigation & Canal,Normal,Stage 5: Valuation & Compensation Award,113.77,914,1000,509.2,164.68,76.08,88.6,0.462,23,0.92,7,66,18,1,22,1,0,0,156,174,214,0.98,43.9,0.502,6,0.979,1,167
LA-2026-1754,Uttar Pradesh,Agra,Major Irrigation & Canal,Cabinet Fast-Track,Stage 5: Valuation & Compensation Award,28.18,213,214,146.35,53.24,37.27,15.97,0.7,7,0.2,5,102,5,1,7,0,0,0,81,100,168,0.98,36.3,0.349,2,0.741,1,126
LA-2026-1755,Rajasthan,Udaipur,Urban Metro Transit Extension,Normal,Stage 1: Preliminary Survey & SIA,21.19,88,76,207.32,60.01,10.08,49.93,0.168,10,0.667,3,107,5,0,5,0,0,0,120,69,433,0.98,12.8,0.256,5,0.843,1,291
LA-2026-1756,Maharashtra,Nagpur,High-Speed Rail / DFC,Cabinet Fast-Track,Stage 4: Section 19 Declaration,72.52,418,339,251.29,81.38,13.51,67.87,0.166,15,0.938,2,93,5,0,5,0,1,0,130,165,215,0.98,42.4,0.26,5,0.896,1,218
LA-2026-1757,Karnataka,Bengaluru Rural,Major Irrigation & Canal,Normal,Stage 2: Section 11 Notification,18.95,95,62,127.7,42.49,3.23,39.26,0.076,6,0.462,4,78,2,0,2,0,0,0,55,393,0,0.98,99.0,0.491,3,0.74,1,106
LA-2026-1758,Gujarat,Vadodara,Rural Road Connectivity (PMGSY),High,Stage 6: Land Possession & Handover,242.16,1094,700,470.49,192.24,122.84,69.4,0.639,19,0.792,5,69,15,0,15,1,0,0,171,531,145,0.98,77.6,0.172,6,0.815,1,188
LA-2026-1759,Tamil Nadu,Salem,Major Irrigation & Canal,Critical,Stage 3: Section 15 Hearing & Objections,164.91,638,405,538.92,146.18,20.61,125.57,0.141,10,0.385,1,44,12,0,12,0,0,0,55,148,467,0.98,23.1,0.215,6,0.667,1,224
LA-2026-1760,Rajasthan,Udaipur,Major Irrigation & Canal,High,Stage 1: Preliminary Survey & SIA,166.88,986,688,497.17,242.46,15.76,226.7,0.065,13,0.722,0,0,16,0,16,0,0,0,139,304,173,0.98,62.8,0.239,6,0.905,1,472
LA-2026-1761,Rajasthan,Alwar,Major Irrigation & Canal,Critical,Stage 5: Valuation & Compensation Award,14.73,105,97,156.82,63.19,29.7,33.49,0.47,20,0.909,0,0,1,0,1,0,0,0,66,527,-73,0.98,99.0,0.358,1,0.67,1,147
LA-2026-1762,Karnataka,Bengaluru Rural,Renewable Energy Solar Park,Critical,Stage 1: Preliminary Survey & SIA,231.72,1195,956,635.86,344.47,52.7,291.77,0.153,12,0.857,5,116,17,0,17,1,1,0,107,40,160,0.98,19.0,0.517,1,0.929,1,177
LA-2026-1763,Odisha,Sambalpur,High-Speed Rail / DFC,High,Stage 2: Section 11 Notification,97.19,522,512,327.77,87.03,9.66,77.37,0.111,5,0.238,5,42,7,0,7,1,1,0,68,435,293,0.98,58.8,0.314,6,0.848,1,121
LA-2026-1764,Uttar Pradesh,Prayagraj,Major Irrigation & Canal,Cabinet Fast-Track,Stage 1: Preliminary Survey & SIA,22.55,99,103,80.1,22.88,1.24,21.64,0.054,3,0.25,3,4,0,0,0,1,0,0,87,174,166,0.98,50.2,0.407,5,0.702,1,141
LA-2026-1765,Madhya Pradesh,Indore,Rural Road Connectivity (PMGSY),Critical,Stage 6: Land Possession & Handover,166.07,861,927,620.12,286.58,182.84,103.74,0.638,26,0.743,0,0,10,1,12,0,0,0,139,67,191,0.98,25.0,0.197,6,0.847,1,231
LA-2026-1766,Tamil Nadu,Madurai,Major Irrigation & Canal,Normal,Stage 2: Section 11 Notification,183.57,819,735,685.44,361.19,15.89,345.3,0.044,8,0.533,7,48,12,1,13,0,0,0,61,499,-39,0.98,99.0,0.304,2,0.899,1,134
LA-2026-1767,Karnataka,Dharwad,National Highway Corridor,Cabinet Fast-Track,Stage 6: Land Possession & Handover,15.29,107,96,145.78,62.75,52.15,10.6,0.831,6,0.176,7,28,1,0,1,1,0,0,149,411,172,0.98,69.5,0.189,3,0.471,0,0
LA-2026-1768,Uttar Pradesh,Noida,Industrial Smart City Corridor,High,Stage 1: Preliminary Survey & SIA,7.44,45,43,89.08,46.94,2.35,44.59,0.05,6,0.353,7,75,1,0,1,1,0,0,153,78,187,0.98,28.5,0.543,3,0.645,1,151
LA-2026-1769,Karnataka,Bengaluru Rural,Rural Road Connectivity (PMGSY),Cabinet Fast-Track,Stage 3: Section 15 Hearing & Objections,159.99,1002,1075,356.92,154.77,12.54,142.23,0.081,1,0.062,5,88,12,0,12,1,0,0,96,348,253,0.98,56.9,0.51,6,0.82,1,125
LA-2026-1770,Rajasthan,Udaipur,Major Irrigation & Canal,Critical,Stage 6: Land Possession & Handover,159.46,609,549,361.09,120.38,120.02,0.36,0.997,30,0.882,8,71,11,0,11,1,1,0,128,194,227,0.98,45.1,0.294,5,0.687,1,144
LA-2026-1771,Uttar Pradesh,Agra,High-Speed Rail / DFC,Normal,Stage 6: Land Possession & Handover,19.98,120,130,77.68,34.77,21.42,13.35,0.616,6,0.353,7,111,6,0,6,0,1,0,41,796,-84,0.98,99.0,0.377,3,0.658,1,145
LA-2026-1772,Gujarat,Bharuch,Major Irrigation & Canal,Cabinet Fast-Track,Stage 2: Section 11 Notification,62.52,239,155,125.98,34.27,2.19,32.08,0.064,21,1.0,4,66,4,0,4,0,0,0,121,150,333,0.98,30.1,0.283,1,0.859,1,186
LA-2026-1773,Gujarat,Vadodara,Renewable Energy Solar Park,High,Stage 3: Section 15 Hearing & Objections,326.34,1067,892,1232.59,640.29,118.45,521.84,0.185,15,0.75,7,26,23,0,23,0,0,0,164,561,-1,0.98,99.0,0.195,1,0.751,1,148
LA-2026-1774,Gujarat,Bharuch,Urban Metro Transit Extension,Cabinet Fast-Track,Stage 3: Section 15 Hearing & Objections,132.22,796,753,310.99,167.01,6.68,160.33,0.04,15,0.938,1,0,9,1,11,1,0,0,55,456,49,0.98,89.3,0.282,0,0.98,1,207
LA-2026-1775,Maharashtra,Aurangabad,Major Irrigation & Canal,High,Stage 1: Preliminary Survey & SIA,20.7,167,147,153.21,82.46,15.34,67.12,0.186,20,0.87,0,0,0,0,0,1,0,0,67,602,-64,0.98,99.0,0.285,6,0.645,1,231
LA-2026-1776,Madhya Pradesh,Ujjain,Urban Metro Transit Extension,Critical,Stage 5: Valuation & Compensation Award,251.48,1615,1768,414.94,140.06,50.0,90.06,0.357,20,0.69,3,9,28,0,28,1,1,0,153,290,302,0.98,48.0,0.269,4,0.95,1,161
LA-2026-1777,Uttar Pradesh,Varanasi,Rural Road Connectivity (PMGSY),Cabinet Fast-Track,Stage 6: Land Possession & Handover,49.9,432,471,213.95,81.15,53.32,27.83,0.657,0,0.0,3,27,7,1,9,0,1,0,63,514,-51,0.98,99.0,0.419,0,0.711,1,132
LA-2026-1778,Maharashtra,Nagpur,Renewable Energy Solar Park,Cabinet Fast-Track,Stage 6: Land Possession & Handover,170.44,834,590,365.82,92.37,69.37,23.0,0.751,24,0.857,1,30,8,0,8,0,0,0,87,364,299,0.98,53.9,0.282,2,0.753,1,124
LA-2026-1779,Odisha,Sambalpur,National Highway Corridor,High,Stage 3: Section 15 Hearing & Objections,15.15,158,143,185.97,99.86,15.78,84.08,0.158,14,0.483,7,88,1,0,1,0,0,0,121,176,288,0.98,37.0,0.323,2,0.692,1,162
LA-2026-1780,Gujarat,Ahmedabad,Rural Road Connectivity (PMGSY),Critical,Stage 2: Section 11 Notification,96.63,457,490,322.3,143.45,5.16,138.29,0.036,12,0.387,6,47,1,0,1,0,1,0,64,464,70,0.98,85.9,0.191,3,0.628,1,249
LA-2026-1781,Odisha,Sambalpur,High-Speed Rail / DFC,Normal,Stage 3: Section 15 Hearing & Objections,72.32,635,448,334.55,98.22,0.69,97.53,0.007,8,0.348,8,117,8,1,11,1,0,1,34,366,131,0.98,72.7,0.307,5,0.882,1,221
LA-2026-1782,Tamil Nadu,Madurai,Urban Metro Transit Extension,Normal,Stage 4: Section 19 Declaration,44.27,211,225,270.25,123.77,41.71,82.06,0.337,29,0.906,7,22,0,0,0,0,0,0,165,271,-60,0.98,99.0,0.277,6,0.616,1,217
LA-2026-1783,Uttar Pradesh,Lucknow,Industrial Smart City Corridor,Normal,Stage 4: Section 19 Declaration,73.16,418,408,291.87,95.8,12.26,83.54,0.128,2,0.125,6,106,8,0,8,0,1,0,55,391,-55,0.98,99.0,0.375,0,0.723,1,182
LA-2026-1784,Tamil Nadu,Coimbatore,Urban Metro Transit Extension,Normal,Stage 4: Section 19 Declaration,31.61,296,184,189.78,103.2,58.82,44.38,0.57,23,0.657,8,1,4,0,4,0,0,0,160,203,301,0.98,39.3,0.191,5,0.775,1,149
LA-2026-1785,Maharashtra,Pune,High-Speed Rail / DFC,High,Stage 3: Section 15 Hearing & Objections,43.82,380,256,195.25,97.56,3.41,94.15,0.035,1,0.038,4,77,6,1,10,0,0,1,54,115,338,0.98,24.4,0.349,2,0.802,1,120
LA-2026-1786,Odisha,Khurda,Industrial Smart City Corridor,Cabinet Fast-Track,Stage 4: Section 19 Declaration,39.26,155,113,126.66,37.5,17.44,20.06,0.465,1,0.071,1,23,1,0,1,1,0,0,128,319,-51,0.98,99.0,0.34,0,0.598,1,224
LA-2026-1787,Gujarat,Ahmedabad,High-Speed Rail / DFC,Critical,Stage 2: Section 11 Notification,57.54,463,281,225.01,66.36,2.39,63.97,0.036,12,0.364,2,39,8,1,11,1,0,1,88,156,107,0.98,58.3,0.198,1,0.929,1,144
LA-2026-1788,Tamil Nadu,Coimbatore,High-Speed Rail / DFC,Critical,Stage 3: Section 15 Hearing & Objections,84.04,603,620,307.47,113.85,11.95,101.9,0.105,11,0.407,5,44,5,0,5,0,0,1,33,300,330,0.98,46.6,0.243,6,0.659,1,118
LA-2026-1789,Madhya Pradesh,Indore,Renewable Energy Solar Park,High,Stage 4: Section 19 Declaration,65.08,504,383,250.73,69.75,24.55,45.2,0.352,18,0.545,3,43,11,0,11,0,0,0,175,385,239,0.98,60.7,0.221,0,0.754,1,186
LA-2026-1790,Karnataka,Belagavi,High-Speed Rail / DFC,Cabinet Fast-Track,Stage 3: Section 15 Hearing & Objections,48.88,277,188,228.25,86.69,8.06,78.63,0.093,11,0.333,7,17,3,0,3,0,0,0,142,89,123,0.98,41.0,0.215,0,0.73,1,249
LA-2026-1791,Odisha,Khurda,Urban Metro Transit Extension,Critical,Stage 6: Land Possession & Handover,6.39,78,85,53.71,18.76,18.1,0.66,0.965,10,0.455,1,23,1,0,1,0,0,0,131,245,97,0.98,70.7,0.318,1,0.608,1,146
LA-2026-1792,Maharashtra,Nashik,Rural Road Connectivity (PMGSY),Cabinet Fast-Track,Stage 2: Section 11 Notification,70.47,564,363,141.01,75.26,4.52,70.74,0.06,8,0.421,5,76,8,1,12,0,0,0,131,438,187,0.98,69.1,0.225,6,0.888,1,211
LA-2026-1793,Uttar Pradesh,Agra,Major Irrigation & Canal,Critical,Stage 4: Section 19 Declaration,102.64,669,499,355.15,132.59,76.37,56.22,0.576,16,0.941,2,118,13,1,15,0,1,0,17,637,-47,0.98,99.0,0.363,5,0.952,1,251
LA-2026-1794,Odisha,Khurda,National Highway Corridor,Critical,Stage 1: Preliminary Survey & SIA,16.92,126,82,112.32,39.7,5.24,34.46,0.132,5,0.208,7,0,2,0,2,1,1,0,127,207,117,0.98,62.9,0.351,1,0.705,1,226
LA-2026-1795,Karnataka,Mysuru,Major Irrigation & Canal,Normal,Stage 2: Section 11 Notification,151.91,618,566,486.96,219.18,24.11,195.07,0.11,0,0.0,7,20,11,1,15,0,1,0,152,108,322,0.98,24.1,0.253,3,0.854,1,177
LA-2026-1796,Madhya Pradesh,Gwalior,Urban Metro Transit Extension,High,Stage 2: Section 11 Notification,69.24,450,464,269.66,70.25,11.52,58.73,0.164,4,0.182,6,98,5,1,8,0,0,0,42,228,50,0.98,81.0,0.364,3,0.753,1,156
LA-2026-1797,Uttar Pradesh,Noida,Major Irrigation & Canal,Normal,Stage 5: Valuation & Compensation Award,245.05,954,687,571.46,241.46,153.57,87.89,0.636,11,0.478,5,64,14,0,14,0,0,0,70,423,-61,0.98,99.0,0.513,5,0.757,1,107
LA-2026-1798,Karnataka,Mysuru,Major Irrigation & Canal,High,Stage 2: Section 11 Notification,25.61,212,157,159.4,86.57,3.12,83.45,0.036,5,0.357,6,83,1,0,1,1,0,0,121,184,212,0.98,45.5,0.286,5,0.712,1,137
LA-2026-1799,Rajasthan,Jaipur,Industrial Smart City Corridor,Cabinet Fast-Track,Stage 3: Section 15 Hearing & Objections,28.85,255,203,87.0,33.63,4.61,29.02,0.137,14,0.933,1,44,2,0,2,1,0,0,142,233,114,0.98,66.2,0.289,6,0.809,1,188
LA-2026-1800,Maharashtra,Nagpur,Industrial Smart City Corridor,High,Stage 2: Section 11 Notification,83.59,585,507,302.22,153.74,9.38,144.36,0.061,7,0.583,6,54,10,0,10,1,0,0,126,423,276,0.98,59.5,0.267,4,0.937,1,160
LA-2026-1801,Rajasthan,Udaipur,Industrial Smart City Corridor,Cabinet Fast-Track,Stage 3: Section 15 Hearing & Objections,190.87,792,840,516.53,234.93,40.88,194.05,0.174,5,0.333,6,68,13,0,13,1,1,0,103,577,-54,0.98,99.0,0.267,5,0.787,1,166
LA-2026-1802,Tamil Nadu,Coimbatore,Renewable Energy Solar Park,Cabinet Fast-Track,Stage 5: Valuation & Compensation Award,86.15,322,256,247.62,69.98,35.13,34.85,0.502,1,0.077,7,58,2,0,2,0,0,0,82,267,-38,0.98,99.0,0.252,2,0.584,1,179
LA-2026-1803,Madhya Pradesh,Jabalpur,Urban Metro Transit Extension,Critical,Stage 5: Valuation & Compensation Award,85.01,442,406,191.16,100.32,54.77,45.55,0.546,11,0.524,6,2,4,0,4,0,1,0,55,166,38,0.98,80.4,0.317,0,0.683,1,102
LA-2026-1804,Odisha,Khurda,Renewable Energy Solar Park,Cabinet Fast-Track,Stage 2: Section 11 Notification,15.95,80,60,77.95,34.18,3.38,30.8,0.099,4,0.267,2,81,0,0,0,0,0,0,146,73,286,0.98,19.4,0.375,3,0.511,1,150
LA-2026-1805,Karnataka,Mangaluru,Renewable Energy Solar Park,Cabinet Fast-Track,Stage 4: Section 19 Declaration,223.13,1592,978,634.69,228.57,105.83,122.74,0.463,2,0.154,1,48,24,0,24,0,0,0,105,197,61,0.98,75.4,0.31,2,0.621,1,129
LA-2026-1806,Madhya Pradesh,Gwalior,National Highway Corridor,High,Stage 3: Section 15 Hearing & Objections,142.63,1023,1041,390.31,122.56,13.24,109.32,0.108,6,0.4,4,38,11,0,11,0,0,1,120,111,332,0.98,24.1,0.379,4,0.81,1,164
LA-2026-1807,Rajasthan,Jodhpur,Rural Road Connectivity (PMGSY),Cabinet Fast-Track,Stage 4: Section 19 Declaration,72.07,461,347,214.32,91.3,21.55,69.75,0.236,2,0.061,6,116,7,1,10,0,1,0,138,171,199,0.98,45.2,0.308,3,0.894,1,152
LA-2026-1808,Gujarat,Vadodara,Industrial Smart City Corridor,Cabinet Fast-Track,Stage 4: Section 19 Declaration,104.92,727,687,378.32,113.02,52.44,60.58,0.464,0,0.0,5,28,11,1,14,0,0,0,66,129,376,0.98,24.6,0.179,3,0.665,1,183
LA-2026-1809,Odisha,Sambalpur,Major Irrigation & Canal,Cabinet Fast-Track,Stage 5: Valuation & Compensation Award,44.93,220,138,137.8,68.23,37.8,30.43,0.554,11,0.5,7,19,3,0,3,0,1,0,97,205,-13,0.98,99.0,0.295,5,0.613,1,122
LA-2026-1810,Gujarat,Rajkot,Industrial Smart City Corridor,Cabinet Fast-Track,Stage 3: Section 15 Hearing & Objections,9.85,69,47,96.67,29.98,4.5,25.48,0.15,11,0.379,1,26,1,0,1,0,0,0,134,353,-93,0.98,99.0,0.117,6,0.665,1,142
LA-2026-1811,Odisha,Angul,Urban Metro Transit Extension,Cabinet Fast-Track,Stage 4: Section 19 Declaration,138.95,879,943,237.99,89.77,10.05,79.72,0.112,11,0.647,6,53,10,0,10,0,0,0,159,349,-10,0.98,99.0,0.433,3,0.867,1,359
LA-2026-1812,Karnataka,Dharwad,Renewable Energy Solar Park,High,Stage 6: Land Possession & Handover,28.31,235,158,106.01,56.5,40.45,16.05,0.716,6,0.333,1,73,2,0,2,0,0,0,111,79,227,0.98,24.8,0.23,5,0.324,0,0
LA-2026-1813,Madhya Pradesh,Ujjain,Major Irrigation & Canal,Critical,Stage 5: Valuation & Compensation Award,68.73,349,308,135.49,60.44,34.81,25.63,0.576,10,0.5,5,80,9,1,12,0,0,0,163,244,158,0.98,59.7,0.28,3,0.844,1,153
LA-2026-1814,Rajasthan,Alwar,Industrial Smart City Corridor,Cabinet Fast-Track,Stage 4: Section 19 Declaration,291.22,1658,1746,776.47,263.09,48.93,214.16,0.186,8,0.667,5,97,31,0,31,0,0,0,83,234,127,0.98,63.8,0.355,5,0.859,1,332
LA-2026-1815,Madhya Pradesh,Gwalior,Major Irrigation & Canal,High,Stage 3: Section 15 Hearing & Objections,12.11,112,72,95.66,44.44,2.89,41.55,0.065,5,0.161,6,2,1,0,1,1,0,0,45,144,65,0.98,67.9,0.367,3,0.561,1,207
LA-2026-1816,Uttar Pradesh,Noida,National Highway Corridor,Cabinet Fast-Track,Stage 4: Section 19 Declaration,40.13,170,105,254.9,109.32,49.85,59.47,0.456,11,0.423,3,22,6,0,6,1,1,1,51,227,476,0.98,31.3,0.467,0,0.664,1,209
LA-2026-1817,Karnataka,Mangaluru,Major Irrigation & Canal,Cabinet Fast-Track,Stage 2: Section 11 Notification,85.71,267,251,327.6,172.13,20.83,151.3,0.121,16,0.615,1,102,2,0,2,0,0,0,55,277,357,0.98,42.7,0.251,1,0.661,1,96
LA-2026-1818,Karnataka,Dharwad,Urban Metro Transit Extension,Normal,Stage 1: Preliminary Survey & SIA,186.27,1386,1066,590.4,246.44,47.32,199.12,0.192,27,1.0,6,9,16,0,16,0,0,0,143,238,-25,0.98,99.0,0.214,5,0.793,1,158
LA-2026-1819,Maharashtra,Nashik,Major Irrigation & Canal,Normal,Stage 3: Section 15 Hearing & Objections,36.54,229,159,103.14,29.46,3.83,25.63,0.13,22,0.917,8,80,2,0,2,0,1,0,103,70,517,0.98,10.9,0.234,1,0.741,1,199
LA-2026-1820,Tamil Nadu,Tiruchirappalli,Rural Road Connectivity (PMGSY),Normal,Stage 3: Section 15 Hearing & Objections,56.19,494,499,93.72,30.1,1.26,28.84,0.042,21,0.636,2,116,9,1,13,1,0,0,115,217,136,0.98,60.5,0.274,0,0.98,1,146
LA-2026-1821,Rajasthan,Alwar,Rural Road Connectivity (PMGSY),High,Stage 2: Section 11 Notification,22.26,172,176,82.19,42.73,3.85,38.88,0.09,28,0.824,5,100,4,0,4,1,0,0,85,380,66,0.98,84.2,0.391,0,0.811,1,279
LA-2026-1822,Gujarat,Surat,Renewable Energy Solar Park,Critical,Stage 6: Land Possession & Handover,86.33,653,512,177.9,96.81,64.19,32.62,0.663,11,0.367,4,39,15,0,15,0,0,0,104,480,-74,0.98,99.0,0.274,3,0.656,1,158
LA-2026-1823,Tamil Nadu,Coimbatore,Urban Metro Transit Extension,High,Stage 5: Valuation & Compensation Award,29.99,139,116,103.49,33.96,26.08,7.88,0.768,14,0.438,0,0,2,0,2,0,1,0,75,423,56,0.98,87.3,0.229,0,0.538,1,135
LA-2026-1824,Tamil Nadu,Madurai,Urban Metro Transit Extension,Cabinet Fast-Track,Stage 4: Section 19 Declaration,43.88,185,170,144.56,78.7,22.59,56.11,0.287,16,1.0,5,66,4,0,4,0,0,0,174,206,148,0.98,57.2,0.288,1,0.853,1,212
LA-2026-1825,Rajasthan,Jodhpur,Major Irrigation & Canal,Cabinet Fast-Track,Stage 1: Preliminary Survey & SIA,140.35,638,608,524.26,252.66,32.85,219.81,0.13,6,0.286,3,19,11,1,12,0,0,0,67,205,41,0.98,82.4,0.269,5,0.917,1,147
LA-2026-1826,Maharashtra,Aurangabad,High-Speed Rail / DFC,High,Stage 2: Section 11 Notification,187.12,824,635,746.48,276.49,53.64,222.85,0.194,10,0.667,8,8,11,1,12,1,0,1,170,234,-21,0.98,99.0,0.307,2,0.973,1,172
LA-2026-1827,Gujarat,Surat,High-Speed Rail / DFC,Cabinet Fast-Track,Stage 5: Valuation & Compensation Award,24.48,129,101,183.95,46.99,35.57,11.42,0.757,2,0.1,3,93,1,0,1,1,0,0,151,166,55,0.98,74.1,0.211,0,0.387,0,0
LA-2026-1828,Karnataka,Mysuru,High-Speed Rail / DFC,Cabinet Fast-Track,Stage 2: Section 11 Notification,12.81,87,74,107.64,57.87,5.56,52.31,0.096,20,0.909,1,25,1,0,1,0,0,1,23,304,-24,0.98,99.0,0.247,4,0.584,1,72
LA-2026-1829,Karnataka,Mangaluru,Major Irrigation & Canal,Critical,Stage 4: Section 19 Declaration,6.92,51,40,151.5,54.99,27.66,27.33,0.503,28,0.8,3,75,0,0,0,0,0,0,38,250,-61,0.98,99.0,0.281,0,0.502,1,85
LA-2026-1830,Tamil Nadu,Salem,Renewable Energy Solar Park,Critical,Stage 2: Section 11 Notification,42.06,326,350,129.14,35.84,2.44,33.4,0.068,16,0.593,4,82,6,1,8,0,0,0,139,198,162,0.98,54.0,0.22,5,0.98,1,153
LA-2026-1831,Rajasthan,Jaipur,Rural Road Connectivity (PMGSY),High,Stage 4: Section 19 Declaration,10.47,52,54,97.61,41.77,5.56,36.21,0.133,15,0.556,2,22,0,0,0,0,0,0,140,193,-7,0.98,99.0,0.275,6,0.562,1,137
LA-2026-1832,Rajasthan,Kota,Urban Metro Transit Extension,High,Stage 5: Valuation & Compensation Award,22.76,155,136,185.46,86.75,62.63,24.12,0.722,16,0.762,4,40,2,0,2,0,0,0,64,148,143,0.98,49.9,0.247,4,0.55,1,132
LA-2026-1833,Karnataka,Mangaluru,Urban Metro Transit Extension,High,Stage 6: Land Possession & Handover,177.1,1444,1479,395.28,212.06,210.36,1.7,0.992,5,0.294,2,41,27,0,27,0,0,0,111,128,212,0.98,36.7,0.318,6,0.526,1,101
LA-2026-1834,Tamil Nadu,Coimbatore,Industrial Smart City Corridor,Cabinet Fast-Track,Stage 1: Preliminary Survey & SIA,166.24,1452,982,526.2,223.39,20.11,203.28,0.09,10,0.476,5,106,19,0,19,0,0,0,47,409,81,0.98,82.5,0.274,3,0.875,1,123
LA-2026-1835,Maharashtra,Nashik,National Highway Corridor,Cabinet Fast-Track,Stage 1: Preliminary Survey & SIA,94.26,776,727,155.3,81.99,4.18,77.81,0.051,11,0.917,3,26,11,0,11,0,1,0,80,263,60,0.98,80.4,0.22,3,0.931,1,196
LA-2026-1836,Odisha,Sambalpur,Renewable Energy Solar Park,High,Stage 4: Section 19 Declaration,52.32,458,474,107.02,35.67,16.44,19.23,0.461,8,0.308,1,9,6,1,9,0,0,0,138,346,54,0.98,85.5,0.302,0,0.892,1,181
LA-2026-1837,Madhya Pradesh,Gwalior,High-Speed Rail / DFC,Critical,Stage 3: Section 15 Hearing & Objections,46.2,337,291,95.59,35.33,3.82,31.51,0.108,10,0.769,5,35,4,0,4,0,0,0,35,90,474,0.98,15.0,0.344,5,0.708,1,109
LA-2026-1838,Uttar Pradesh,Noida,Rural Road Connectivity (PMGSY),Cabinet Fast-Track,Stage 5: Valuation & Compensation Award,178.29,1428,924,324.72,99.34,47.68,51.66,0.48,18,0.857,3,71,19,1,21,0,0,0,160,107,228,0.98,31.0,0.499,4,0.905,1,236
LA-2026-1839,Tamil Nadu,Kanchipuram,High-Speed Rail / DFC,Normal,Stage 2: Section 11 Notification,6.84,68,74,113.32,61.28,5.76,55.52,0.094,13,0.371,2,41,1,0,1,0,0,0,124,399,102,0.98,78.7,0.36,5,0.68,1,292
LA-2026-1840,Tamil Nadu,Madurai,Renewable Energy Solar Park,Normal,Stage 5: Valuation & Compensation Award,201.98,738,581,526.14,258.15,207.04,51.11,0.802,12,0.48,7,102,14,1,15,0,1,0,115,358,-56,0.98,99.0,0.259,3,0.825,1,316
LA-2026-1841,Maharashtra,Aurangabad,Rural Road Connectivity (PMGSY),Critical,Stage 4: Section 19 Declaration,10.48,84,91,87.91,24.43,3.37,21.06,0.138,20,0.909,1,94,0,0,0,1,0,0,157,319,364,0.98,45.7,0.309,0,0.75,1,187
LA-2026-1842,Gujarat,Bharuch,Rural Road Connectivity (PMGSY),Normal,Stage 5: Valuation & Compensation Award,90.39,530,441,106.94,48.51,21.93,26.58,0.452,2,0.111,6,104,4,0,4,0,0,0,176,654,5,0.98,98.3,0.268,5,0.716,1,179
LA-2026-1843,Gujarat,Vadodara,National Highway Corridor,High,Stage 3: Section 15 Hearing & Objections,32.98,250,205,102.16,40.66,3.25,37.41,0.08,27,0.794,0,0,3,0,3,0,0,0,145,494,33,0.98,92.8,0.198,0,0.867,1,191
LA-2026-1844,Karnataka,Belagavi,Major Irrigation & Canal,High,Stage 1: Preliminary Survey & SIA,120.77,960,1018,241.12,88.08,16.29,71.79,0.185,14,0.483,3,98,18,0,18,0,0,0,93,329,79,0.98,79.7,0.215,4,0.89,1,148
LA-2026-1845,Gujarat,Surat,Rural Road Connectivity (PMGSY),High,Stage 1: Preliminary Survey & SIA,98.46,546,564,262.88,122.87,13.27,109.6,0.108,8,0.667,0,0,9,0,9,0,0,0,35,215,280,0.98,42.5,0.209,2,0.658,1,201
LA-2026-1846,Karnataka,Mysuru,High-Speed Rail / DFC,Critical,Stage 5: Valuation & Compensation Award,167.82,695,714,362.5,110.13,40.53,69.6,0.368,11,0.611,0,0,17,1,21,0,1,0,69,307,307,0.98,49.0,0.248,6,0.98,1,174
LA-2026-1847,Karnataka,Dharwad,National Highway Corridor,Cabinet Fast-Track,Stage 1: Preliminary Survey & SIA,62.92,315,284,179.56,54.25,10.52,43.73,0.194,18,0.75,1,11,3,0,3,0,0,0,62,233,355,0.98,38.6,0.188,1,0.721,1,109
LA-2026-1848,Karnataka,Bengaluru Rural,Major Irrigation & Canal,Critical,Stage 4: Section 19 Declaration,8.99,46,34,128.15,49.7,16.85,32.85,0.339,2,0.111,8,46,2,0,2,0,0,0,58,455,49,0.98,89.3,0.458,0,0.741,1,125
LA-2026-1849,Maharashtra,Nashik,Rural Road Connectivity (PMGSY),Cabinet Fast-Track,Stage 3: Section 15 Hearing & Objections,136.73,930,591,459.06,211.47,9.73,201.74,0.046,2,0.095,6,108,12,0,12,0,0,0,102,211,71,0.98,73.8,0.253,6,0.798,1,205
LA-2026-1850,Madhya Pradesh,Gwalior,National Highway Corridor,Critical,Stage 6: Land Possession & Handover,46.18,340,238,210.9,65.62,42.72,22.9,0.651,5,0.263,0,0,4,0,4,1,0,0,46,76,435,0.98,13.9,0.389,0,0.45,0,0
LA-2026-1851,Karnataka,Belagavi,Industrial Smart City Corridor,Cabinet Fast-Track,Stage 3: Section 15 Hearing & Objections,47.56,341,360,176.79,91.31,12.24,79.07,0.134,16,0.941,2,94,7,0,7,0,0,0,54,244,97,0.98,70.6,0.24,6,0.781,1,215
LA-2026-1852,Gujarat,Ahmedabad,Major Irrigation & Canal,High,Stage 3: Section 15 Hearing & Objections,96.15,618,508,142.47,58.15,3.84,54.31,0.066,19,0.95,5,3,9,0,9,0,1,0,105,670,-77,0.98,99.0,0.226,6,0.903,1,395
LA-2026-1853,Gujarat,Rajkot,National Highway Corridor,Cabinet Fast-Track,Stage 2: Section 11 Notification,15.03,84,60,159.64,47.93,2.16,45.77,0.045,0,0.0,5,114,2,0,2,0,1,0,50,203,514,0.98,27.3,0.155,3,0.597,1,250
LA-2026-1854,Madhya Pradesh,Ujjain,Major Irrigation & Canal,High,Stage 6: Land Possession & Handover,109.91,472,290,367.51,165.4,123.39,42.01,0.746,8,0.296,2,41,6,0,6,0,0,0,131,109,71,0.98,59.6,0.255,3,0.645,1,163
LA-2026-1855,Rajasthan,Udaipur,High-Speed Rail / DFC,High,Stage 3: Section 15 Hearing & Objections,16.08,152,97,119.2,43.88,3.55,40.33,0.081,2,0.105,1,91,2,0,2,0,1,1,46,162,545,0.98,21.9,0.294,1,0.603,1,183
LA-2026-1856,Tamil Nadu,Madurai,Urban Metro Transit Extension,Cabinet Fast-Track,Stage 2: Section 11 Notification,58.81,466,494,286.25,133.16,3.86,129.3,0.029,4,0.2,5,54,7,0,7,0,0,0,157,559,153,0.98,77.5,0.27,5,0.876,1,160
LA-2026-1857,Madhya Pradesh,Bhopal,Rural Road Connectivity (PMGSY),High,Stage 3: Section 15 Hearing & Objections,7.91,72,56,107.02,39.75,3.14,36.61,0.079,13,1.0,3,20,0,0,0,1,0,0,172,103,91,0.98,52.1,0.323,6,0.795,1,187
LA-2026-1858,Odisha,Sundargarh,Urban Metro Transit Extension,Cabinet Fast-Track,Stage 2: Section 11 Notification,70.61,556,467,345.26,102.24,13.39,88.85,0.131,17,0.85,7,15,5,0,5,0,0,0,169,262,137,0.98,64.7,0.421,1,0.964,1,164
LA-2026-1859,Tamil Nadu,Madurai,Rural Road Connectivity (PMGSY),Cabinet Fast-Track,Stage 3: Section 15 Hearing & Objections,51.6,445,301,161.63,69.79,5.93,63.86,0.085,21,0.636,8,33,5,1,8,1,0,0,34,709,-62,0.98,99.0,0.265,0,0.811,1,183
LA-2026-1860,Karnataka,Dharwad,Rural Road Connectivity (PMGSY),Normal,Stage 4: Section 19 Declaration,29.1,151,113,230.53,126.78,75.05,51.73,0.592,14,0.667,6,70,3,0,3,1,0,0,98,159,323,0.98,32.0,0.204,4,0.705,1,117
LA-2026-1861,Gujarat,Rajkot,Rural Road Connectivity (PMGSY),High,Stage 2: Section 11 Notification,137.43,932,578,590.99,179.92,20.33,159.59,0.113,11,0.611,8,76,9,0,9,0,1,0,14,427,-20,0.98,99.0,0.17,4,0.711,1,147
LA-2026-1862,Odisha,Sambalpur,High-Speed Rail / DFC,High,Stage 3: Section 15 Hearing & Objections,55.77,358,335,133.91,53.27,6.5,46.77,0.122,14,0.438,2,69,6,0,6,0,0,0,52,81,261,0.98,22.7,0.319,3,0.747,1,229
LA-2026-1863,Tamil Nadu,Salem,Renewable Energy Solar Park,Cabinet Fast-Track,Stage 2: Section 11 Notification,72.26,460,363,249.46,78.84,1.18,77.66,0.015,19,0.543,0,0,3,0,3,0,0,0,44,359,300,0.98,53.5,0.214,1,0.568,1,93
LA-2026-1864,Uttar Pradesh,Lucknow,Rural Road Connectivity (PMGSY),Cabinet Fast-Track,Stage 3: Section 15 Hearing & Objections,125.59,1083,698,343.75,143.53,16.94,126.59,0.118,12,0.632,2,82,22,0,22,1,0,0,51,276,51,0.98,83.4,0.382,1,0.785,1,123
LA-2026-1865,Tamil Nadu,Coimbatore,Major Irrigation & Canal,Normal,Stage 1: Preliminary Survey & SIA,137.43,524,572,339.12,134.68,14.01,120.67,0.104,8,0.5,5,1,7,0,7,0,0,0,123,135,200,0.98,39.3,0.241,4,0.919,1,330
LA-2026-1866,Rajasthan,Jodhpur,Urban Metro Transit Extension,Cabinet Fast-Track,Stage 3: Section 15 Hearing & Objections,63.82,352,309,240.4,117.55,23.04,94.51,0.196,4,0.154,1,112,3,0,3,0,0,0,166,307,0,0.98,99.0,0.3,2,0.752,1,157
LA-2026-1867,Maharashtra,Nashik,Rural Road Connectivity (PMGSY),Critical,Stage 3: Section 15 Hearing & Objections,37.07,152,156,103.28,41.64,4.37,37.27,0.105,15,0.882,4,28,2,0,2,1,0,0,159,466,191,0.98,69.9,0.279,4,0.789,1,149
LA-2026-1868,Odisha,Sundargarh,Rural Road Connectivity (PMGSY),Cabinet Fast-Track,Stage 5: Valuation & Compensation Award,29.48,123,82,87.51,39.12,27.31,11.81,0.698,6,0.188,4,107,4,0,4,1,0,0,24,461,161,0.98,73.1,0.422,4,0.569,1,105
LA-2026-1869,Odisha,Angul,Urban Metro Transit Extension,Critical,Stage 5: Valuation & Compensation Award,100.9,754,812,124.94,49.79,31.12,18.67,0.625,31,0.912,3,74,7,0,7,0,1,0,35,36,229,0.98,12.6,0.466,6,0.539,1,89
LA-2026-1870,Rajasthan,Udaipur,Renewable Energy Solar Park,Cabinet Fast-Track,Stage 2: Section 11 Notification,7.31,71,61,69.43,22.36,3.76,18.6,0.168,9,0.692,1,75,0,0,0,0,1,0,107,713,-2,0.98,99.0,0.269,0,0.715,1,121
LA-2026-1871,Uttar Pradesh,Varanasi,Industrial Smart City Corridor,Cabinet Fast-Track,Stage 5: Valuation & Compensation Award,226.48,892,693,399.76,126.63,40.65,85.98,0.321,28,0.875,7,73,16,0,16,0,0,0,98,70,513,0.98,11.0,0.4,5,0.801,1,138
LA-2026-1872,Madhya Pradesh,Bhopal,High-Speed Rail / DFC,High,Stage 1: Preliminary Survey & SIA,182.77,1414,1539,568.85,143.73,24.43,119.3,0.17,25,1.0,0,0,22,0,22,1,0,0,84,131,385,0.98,24.4,0.316,1,0.916,1,268
LA-2026-1873,Tamil Nadu,Salem,Rural Road Connectivity (PMGSY),Normal,Stage 5: Valuation & Compensation Award,68.8,296,246,262.8,90.3,65.38,24.92,0.724,5,0.25,3,71,4,0,4,0,0,0,172,745,-96,0.98,99.0,0.188,3,0.5,1,184
LA-2026-1874,Odisha,Sundargarh,Rural Road Connectivity (PMGSY),Cabinet Fast-Track,Stage 6: Land Possession & Handover,18.08,102,85,63.09,28.79,26.8,1.99,0.931,23,0.793,3,40,3,0,3,1,0,0,167,390,131,0.98,73.9,0.421,5,0.613,1,168
LA-2026-1875,Madhya Pradesh,Jabalpur,Renewable Energy Solar Park,Cabinet Fast-Track,Stage 2: Section 11 Notification,66.0,316,193,308.74,88.76,15.89,72.87,0.179,8,0.444,7,44,6,1,10,0,0,0,107,417,-47,0.98,99.0,0.318,2,0.932,1,151
LA-2026-1876,Maharashtra,Pune,High-Speed Rail / DFC,Critical,Stage 4: Section 19 Declaration,65.77,499,373,240.79,112.48,59.16,53.32,0.526,19,0.792,1,25,9,1,13,1,0,0,55,581,-98,0.98,99.0,0.322,1,0.767,1,145
LA-2026-1877,Madhya Pradesh,Bhopal,Rural Road Connectivity (PMGSY),Critical,Stage 4: Section 19 Declaration,261.41,1430,1326,327.67,172.25,74.76,97.49,0.434,26,1.0,0,0,24,1,26,1,0,0,67,195,69,0.98,72.9,0.316,6,0.844,1,230
LA-2026-1878,Karnataka,Mysuru,High-Speed Rail / DFC,Cabinet Fast-Track,Stage 1: Preliminary Survey & SIA,73.43,522,410,176.93,52.73,5.11,47.62,0.097,7,0.333,0,0,10,0,10,0,0,0,13,104,297,0.98,25.0,0.258,1,0.61,1,69
LA-2026-1879,Madhya Pradesh,Indore,Rural Road Connectivity (PMGSY),Cabinet Fast-Track,Stage 5: Valuation & Compensation Award,125.74,596,635,197.43,69.7,56.81,12.89,0.815,13,0.65,5,46,8,0,8,0,0,0,103,297,279,0.98,50.6,0.221,5,0.637,1,182
LA-2026-1880,Gujarat,Vadodara,Rural Road Connectivity (PMGSY),High,Stage 1: Preliminary Survey & SIA,39.92,293,238,155.91,52.02,1.09,50.93,0.021,30,0.882,8,40,3,0,3,0,0,0,139,79,232,0.98,24.4,0.195,2,0.717,1,163
LA-2026-1881,Karnataka,Dharwad,Industrial Smart City Corridor,Normal,Stage 3: Section 15 Hearing & Objections,521.22,3701,3677,1881.5,515.4,57.72,457.68,0.112,2,0.08,2,2,59,0,59,1,0,0,161,539,89,0.98,84.8,0.219,6,0.799,1,165
LA-2026-1882,Gujarat,Ahmedabad,Urban Metro Transit Extension,Critical,Stage 1: Preliminary Survey & SIA,8.03,99,70,126.57,57.66,8.82,48.84,0.153,31,0.912,6,90,2,0,2,1,0,0,17,288,174,0.98,61.4,0.214,5,0.653,1,164
LA-2026-1883,Rajasthan,Kota,Renewable Energy Solar Park,Critical,Stage 3: Section 15 Hearing & Objections,84.69,255,178,221.62,72.59,8.49,64.1,0.117,4,0.16,8,87,2,0,2,0,0,0,140,321,97,0.98,75.8,0.227,0,0.734,1,151
LA-2026-1884,Odisha,Sambalpur,National Highway Corridor,Normal,Stage 5: Valuation & Compensation Award,22.84,118,95,154.45,57.09,47.9,9.19,0.839,10,0.286,3,31,0,0,0,0,0,0,115,301,-56,0.98,99.0,0.313,0,0.408,0,0
LA-2026-1885,Rajasthan,Jaipur,Industrial Smart City Corridor,Normal,Stage 6: Land Possession & Handover,61.73,470,286,319.42,156.51,105.33,51.18,0.673,12,0.48,7,17,11,0,11,0,1,0,109,617,-24,0.98,99.0,0.305,3,0.712,1,173
LA-2026-1886,Tamil Nadu,Salem,National Highway Corridor,High,Stage 6: Land Possession & Handover,66.23,269,170,139.46,68.95,53.85,15.1,0.781,20,0.87,1,43,4,0,4,1,0,0,68,235,356,0.98,38.8,0.19,0,0.877,1,163
LA-2026-1887,Maharashtra,Thane,National Highway Corridor,High,Stage 4: Section 19 Declaration,11.5,65,69,111.47,50.35,25.18,25.17,0.5,12,0.545,4,3,0,0,0,0,0,1,11,42,679,0.98,4.8,0.458,1,0.225,0,0
LA-2026-1888,Karnataka,Mangaluru,Major Irrigation & Canal,High,Stage 2: Section 11 Notification,23.92,86,71,92.09,46.25,1.62,44.63,0.035,9,0.273,5,73,2,0,2,0,0,0,34,206,197,0.98,50.1,0.311,6,0.475,0,0
LA-2026-1889,Gujarat,Bharuch,High-Speed Rail / DFC,Cabinet Fast-Track,Stage 6: Land Possession & Handover,22.06,124,87,85.32,30.22,26.38,3.84,0.873,9,0.429,1,44,0,0,0,0,1,1,40,305,-86,0.98,99.0,0.254,1,0.431,0,0
LA-2026-1890,Gujarat,Bharuch,Industrial Smart City Corridor,Cabinet Fast-Track,Stage 5: Valuation & Compensation Award,15.94,100,82,70.36,38.07,19.07,19.0,0.501,4,0.121,5,31,1,0,1,1,0,0,39,488,90,0.98,83.4,0.284,1,0.557,1,126
LA-2026-1891,Madhya Pradesh,Bhopal,Industrial Smart City Corridor,Normal,Stage 4: Section 19 Declaration,16.48,109,96,162.99,84.51,32.79,51.72,0.388,20,0.606,8,72,2,0,2,0,0,0,33,296,-15,0.98,99.0,0.252,4,0.585,1,170
LA-2026-1892,Karnataka,Belagavi,Industrial Smart City Corridor,High,Stage 6: Land Possession & Handover,29.38,240,180,131.14,36.96,23.4,13.56,0.633,12,0.48,6,48,2,0,2,1,1,0,170,179,203,0.98,45.9,0.231,4,0.538,1,162
LA-2026-1893,Rajasthan,Udaipur,Major Irrigation & Canal,Critical,Stage 4: Section 19 Declaration,16.44,130,121,152.2,43.25,23.61,19.64,0.546,3,0.231,1,39,1,0,1,0,0,0,145,86,388,0.98,17.2,0.265,1,0.446,0,0
LA-2026-1894,Odisha,Khurda,Renewable Energy Solar Park,Normal,Stage 6: Land Possession & Handover,58.51,432,339,116.86,34.57,30.21,4.36,0.874,17,0.739,0,0,6,0,6,0,0,0,58,424,66,0.98,85.6,0.31,6,0.532,1,310
LA-2026-1895,Gujarat,Bharuch,Industrial Smart City Corridor,Normal,Stage 4: Section 19 Declaration,5.84,41,40,137.39,68.66,13.87,54.79,0.202,10,0.526,1,91,1,0,1,1,0,0,57,264,17,0.98,93.0,0.276,0,0.605,1,156
LA-2026-1896,Maharashtra,Nashik,High-Speed Rail / DFC,Normal,Stage 5: Valuation & Compensation Award,198.54,902,681,659.28,234.53,118.2,116.33,0.504,21,0.636,2,49,18,0,18,0,1,1,71,261,-77,0.98,99.0,0.281,1,0.726,1,158
LA-2026-1897,Tamil Nadu,Salem,Urban Metro Transit Extension,Critical,Stage 2: Section 11 Notification,13.41,105,82,142.64,69.58,11.76,57.82,0.169,13,0.52,6,35,2,0,2,1,0,0,12,449,10,0.98,96.8,0.197,2,0.555,1,69
LA-2026-1898,Maharashtra,Nashik,National Highway Corridor,Cabinet Fast-Track,Stage 3: Section 15 Hearing & Objections,109.75,354,239,425.67,178.57,2.32,176.25,0.013,3,0.2,2,115,8,0,8,0,1,0,173,66,342,0.98,15.2,0.187,5,0.722,1,144
LA-2026-1899,Madhya Pradesh,Jabalpur,Renewable Energy Solar Park,Critical,Stage 5: Valuation & Compensation Award,15.78,75,68,136.3,50.87,38.97,11.9,0.766,6,0.25,1,71,4,0,4,1,0,0,40,141,306,0.98,30.6,0.324,0,0.565,1,148
LA-2026-1900,Rajasthan,Alwar,National Highway Corridor,Normal,Stage 2: Section 11 Notification,77.86,518,542,404.13,214.89,15.9,198.99,0.074,12,0.857,1,30,8,0,8,0,0,0,57,228,-10,0.98,99.0,0.359,5,0.921,1,205
LA-2026-1901,Karnataka,Mysuru,Urban Metro Transit Extension,Critical,Stage 5: Valuation & Compensation Award,149.41,1209,1299,202.19,76.73,39.52,37.21,0.515,5,0.25,5,59,18,1,19,1,0,0,97,108,86,0.98,54.7,0.276,0,0.854,1,209
LA-2026-1902,Karnataka,Mysuru,Urban Metro Transit Extension,High,Stage 5: Valuation & Compensation Award,51.65,198,187,218.72,90.0,53.19,36.81,0.591,13,0.929,3,77,3,0,3,0,1,0,122,55,574,0.98,7.8,0.25,2,0.518,1,110
LA-2026-1903,Maharashtra,Pune,Urban Metro Transit Extension,Normal,Stage 2: Section 11 Notification,70.62,348,344,220.78,56.03,0.45,55.58,0.008,10,0.323,5,47,4,0,4,0,0,0,14,577,133,0.98,80.3,0.352,0,0.689,1,119
LA-2026-1904,Madhya Pradesh,Bhopal,Renewable Energy Solar Park,Normal,Stage 4: Section 19 Declaration,94.18,307,250,337.03,165.66,94.26,71.4,0.569,1,0.053,8,9,6,1,10,0,0,0,40,610,-34,0.98,99.0,0.274,4,0.696,1,161
LA-2026-1905,Madhya Pradesh,Gwalior,Urban Metro Transit Extension,High,Stage 5: Valuation & Compensation Award,8.19,82,64,156.09,44.8,36.11,8.69,0.806,20,0.87,7,61,1,0,1,1,0,0,74,657,25,0.98,95.4,0.373,2,0.617,1,141
LA-2026-1906,Karnataka,Mysuru,Industrial Smart City Corridor,High,Stage 3: Section 15 Hearing & Objections,54.42,438,473,276.8,100.13,9.21,90.92,0.092,1,0.029,6,103,5,1,6,0,0,0,104,194,249,0.98,42.8,0.274,1,0.923,1,144
LA-2026-1907,Madhya Pradesh,Indore,Rural Road Connectivity (PMGSY),Critical,Stage 2: Section 11 Notification,43.45,158,157,63.35,31.06,5.9,25.16,0.19,23,0.885,7,56,2,0,2,0,0,0,116,461,134,0.98,76.5,0.194,5,0.702,1,119
LA-2026-1908,Madhya Pradesh,Indore,Urban Metro Transit Extension,High,Stage 6: Land Possession & Handover,68.07,596,583,263.62,141.11,110.77,30.34,0.785,6,0.2,5,115,4,0,4,0,0,0,58,394,8,0.98,97.0,0.228,2,0.629,1,186
LA-2026-1909,Tamil Nadu,Coimbatore,Major Irrigation & Canal,High,Stage 5: Valuation & Compensation Award,22.53,194,145,153.23,76.76,31.47,45.29,0.41,9,0.346,6,6,3,0,3,0,0,0,176,307,-16,0.98,99.0,0.23,5,0.492,1,236
LA-2026-1910,Madhya Pradesh,Ujjain,Major Irrigation & Canal,High,Stage 3: Section 15 Hearing & Objections,64.61,398,359,267.22,118.58,16.13,102.45,0.136,21,0.7,2,34,5,0,5,0,0,0,108,135,69,0.98,65.2,0.265,4,0.831,1,131
LA-2026-1911,Karnataka,Mysuru,Major Irrigation & Canal,Critical,Stage 4: Section 19 Declaration,115.11,401,285,380.58,178.96,21.12,157.84,0.118,10,0.37,8,94,7,0,7,1,1,0,43,474,-43,0.98,99.0,0.233,0,0.88,1,184
LA-2026-1912,Maharashtra,Pune,Industrial Smart City Corridor,Normal,Stage 5: Valuation & Compensation Award,12.86,156,95,178.82,63.67,40.94,22.73,0.643,9,0.5,1,46,3,0,3,0,0,0,48,237,308,0.98,42.5,0.321,3,0.534,1,108
LA-2026-1913,Rajasthan,Kota,Urban Metro Transit Extension,High,Stage 4: Section 19 Declaration,41.45,228,230,177.98,52.18,8.3,43.88,0.159,4,0.235,2,53,4,0,4,0,0,0,153,133,357,0.98,26.2,0.255,4,0.69,1,190
LA-2026-1914,Rajasthan,Kota,Urban Metro Transit Extension,High,Stage 3: Section 15 Hearing & Objections,781.86,3679,2655,858.14,302.18,10.27,291.91,0.034,2,0.154,6,60,67,0,67,1,0,0,34,257,73,0.98,76.9,0.242,6,0.732,1,102
LA-2026-1915,Odisha,Angul,Renewable Energy Solar Park,High,Stage 1: Preliminary Survey & SIA,214.35,1811,1465,770.0,280.19,9.81,270.38,0.035,10,0.435,1,113,36,0,36,0,0,0,155,281,-81,0.98,99.0,0.461,1,0.71,1,140
LA-2026-1916,Uttar Pradesh,Varanasi,Urban Metro Transit Extension,Critical,Stage 3: Section 15 Hearing & Objections,42.33,208,132,180.36,86.54,6.32,80.22,0.073,0,0.0,6,21,4,0,4,1,0,0,164,211,54,0.98,78.6,0.406,4,0.747,1,188
LA-2026-1917,Maharashtra,Nashik,Industrial Smart City Corridor,High,Stage 1: Preliminary Survey & SIA,189.05,910,996,443.87,134.98,17.82,117.16,0.132,14,0.7,6,43,12,1,16,0,1,0,88,388,36,0.98,90.5,0.249,6,0.953,1,146
LA-2026-1918,Maharashtra,Aurangabad,National Highway Corridor,Critical,Stage 3: Section 15 Hearing & Objections,44.91,260,201,144.93,72.16,5.41,66.75,0.075,1,0.042,4,89,3,0,3,0,0,0,107,270,114,0.98,69.3,0.281,3,0.763,1,215
LA-2026-1919,Madhya Pradesh,Jabalpur,High-Speed Rail / DFC,Critical,Stage 3: Section 15 Hearing & Objections,28.27,263,243,120.06,60.51,8.11,52.4,0.134,8,0.381,1,116,7,0,7,0,0,0,135,227,220,0.98,49.8,0.337,0,0.777,1,399
LA-2026-1920,Maharashtra,Nagpur,Rural Road Connectivity (PMGSY),Normal,Stage 5: Valuation & Compensation Award,73.17,266,165,219.75,85.81,26.17,59.64,0.305,2,0.143,3,99,6,1,7,1,0,0,105,120,136,0.98,45.9,0.247,6,0.971,1,323
LA-2026-1921,Uttar Pradesh,Varanasi,Renewable Energy Solar Park,Cabinet Fast-Track,Stage 2: Section 11 Notification,40.59,200,136,78.76,23.93,4.4,19.53,0.184,1,0.067,2,25,4,0,4,0,1,0,166,138,380,0.98,25.7,0.443,5,0.699,1,172
LA-2026-1922,Uttar Pradesh,Lucknow,Major Irrigation & Canal,High,Stage 3: Section 15 Hearing & Objections,232.63,1824,1536,851.62,465.63,18.16,447.47,0.039,20,0.909,8,24,23,0,23,0,0,0,109,70,161,0.98,29.3,0.386,1,0.966,1,160
LA-2026-1923,Rajasthan,Kota,Urban Metro Transit Extension,Normal,Stage 4: Section 19 Declaration,133.27,853,814,375.03,169.95,76.48,93.47,0.45,2,0.143,3,33,13,1,15,0,1,0,11,289,80,0.98,77.3,0.261,1,0.721,1,95
LA-2026-1924,Odisha,Sundargarh,High-Speed Rail / DFC,Cabinet Fast-Track,Stage 3: Section 15 Hearing & Objections,62.69,529,415,275.59,111.57,16.4,95.17,0.147,18,0.562,3,54,8,1,11,0,0,0,139,452,31,0.98,92.6,0.446,2,0.945,1,170
LA-2026-1925,Tamil Nadu,Coimbatore,National Highway Corridor,Normal,Stage 3: Section 15 Hearing & Objections,91.54,564,444,434.35,201.95,28.88,173.07,0.143,27,0.871,1,86,8,0,8,1,0,1,25,382,303,0.98,54.8,0.273,4,0.744,1,85
LA-2026-1926,Odisha,Sambalpur,Urban Metro Transit Extension,Normal,Stage 2: Section 11 Notification,54.74,280,214,152.15,62.62,9.58,53.04,0.153,23,1.0,7,47,5,0,5,0,0,0,125,356,92,0.98,78.5,0.261,1,0.98,1,249
LA-2026-1927,Karnataka,Mangaluru,High-Speed Rail / DFC,Normal,Stage 6: Land Possession & Handover,49.15,415,257,182.97,76.45,60.09,16.36,0.786,10,0.385,6,59,5,0,5,1,0,0,129,449,92,0.98,82.0,0.311,0,0.691,1,153
LA-2026-1928,Gujarat,Vadodara,Major Irrigation & Canal,High,Stage 1: Preliminary Survey & SIA,88.32,408,322,219.38,120.3,5.17,115.13,0.043,11,0.333,2,75,7,0,7,1,0,0,121,44,510,0.98,7.0,0.188,2,0.755,1,158
LA-2026-1929,Odisha,Sundargarh,National Highway Corridor,Cabinet Fast-Track,Stage 1: Preliminary Survey & SIA,36.21,232,242,105.63,45.85,4.58,41.27,0.1,7,0.35,3,62,5,0,5,0,0,0,150,185,157,0.98,53.1,0.421,5,0.804,1,313
LA-2026-1930,Maharashtra,Thane,National Highway Corridor,Normal,Stage 6: Land Possession & Handover,6.58,45,29,70.16,31.35,25.02,6.33,0.798,7,0.438,8,120,0,0,0,1,0,0,84,652,16,0.98,96.6,0.459,5,0.631,1,222
LA-2026-1931,Gujarat,Vadodara,Urban Metro Transit Extension,Critical,Stage 3: Section 15 Hearing & Objections,62.52,507,344,199.57,95.48,15.37,80.11,0.161,8,0.258,8,36,7,1,10,0,0,0,41,656,-37,0.98,99.0,0.148,3,0.894,1,186
LA-2026-1932,Uttar Pradesh,Lucknow,Major Irrigation & Canal,Critical,Stage 5: Valuation & Compensation Award,70.5,591,555,368.76,165.1,137.86,27.24,0.835,14,0.412,5,81,14,0,14,0,0,0,93,137,295,0.98,30.7,0.349,4,0.662,1,116
LA-2026-1933,Odisha,Sundargarh,High-Speed Rail / DFC,Critical,Stage 4: Section 19 Declaration,316.17,1562,1113,510.82,247.14,134.69,112.45,0.545,15,0.484,3,62,19,0,19,0,0,0,161,392,22,0.98,93.7,0.39,1,0.794,1,206
LA-2026-1934,Odisha,Khurda,Renewable Energy Solar Park,Cabinet Fast-Track,Stage 3: Section 15 Hearing & Objections,100.74,331,281,238.26,91.25,14.05,77.2,0.154,24,1.0,3,101,1,0,1,0,0,0,125,98,354,0.98,20.7,0.333,6,0.599,1,157
LA-2026-1935,Maharashtra,Nashik,High-Speed Rail / DFC,High,Stage 4: Section 19 Declaration,47.5,191,199,216.49,83.4,41.03,42.37,0.492,30,0.968,8,18,3,0,3,0,0,0,101,113,70,0.98,60.8,0.228,4,0.699,1,283
LA-2026-1936,Karnataka,Mysuru,Renewable Energy Solar Park,Normal,Stage 6: Land Possession & Handover,190.08,1250,1112,681.82,245.01,215.61,29.4,0.88,9,0.321,3,101,20,0,20,0,0,0,144,129,113,0.98,52.3,0.259,1,0.741,1,249
LA-2026-1937,Gujarat,Vadodara,National Highway Corridor,Normal,Stage 3: Section 15 Hearing & Objections,23.56,139,118,154.63,77.73,9.72,68.01,0.125,24,0.923,2,57,1,0,1,0,0,0,104,110,501,0.98,17.0,0.198,0,0.686,1,186
LA-2026-1938,Tamil Nadu,Salem,Industrial Smart City Corridor,High,Stage 2: Section 11 Notification,16.26,98,84,50.0,25.76,0.64,25.12,0.025,4,0.133,5,2,2,0,2,0,0,0,51,321,323,0.98,48.9,0.183,2,0.687,1,174
LA-2026-1939,Gujarat,Vadodara,Rural Road Connectivity (PMGSY),Cabinet Fast-Track,Stage 6: Land Possession & Handover,33.11,121,98,177.26,48.32,40.83,7.49,0.845,12,0.545,2,41,3,0,3,0,0,0,175,252,-46,0.98,99.0,0.146,2,0.64,1,235
LA-2026-1940,Maharashtra,Aurangabad,National Highway Corridor,High,Stage 3: Section 15 Hearing & Objections,5.66,66,51,108.68,28.12,5.29,22.83,0.188,3,0.188,8,20,1,0,1,1,0,0,45,64,181,0.98,25.1,0.275,2,0.494,1,119
LA-2026-1941,Uttar Pradesh,Agra,Industrial Smart City Corridor,Normal,Stage 5: Valuation & Compensation Award,38.51,318,314,181.68,73.38,54.89,18.49,0.748,13,0.464,6,88,7,1,8,0,1,0,25,588,2,0.98,98.7,0.359,6,0.699,1,116
LA-2026-1942,Tamil Nadu,Coimbatore,High-Speed Rail / DFC,Normal,Stage 3: Section 15 Hearing & Objections,75.03,361,334,371.6,169.55,32.21,137.34,0.19,14,0.412,7,5,9,1,11,0,1,0,174,56,148,0.98,26.5,0.24,3,0.831,1,187
LA-2026-1943,Madhya Pradesh,Bhopal,Renewable Energy Solar Park,Critical,Stage 3: Section 15 Hearing & Objections,100.14,518,496,447.5,193.54,22.64,170.9,0.117,0,0.0,3,75,9,1,11,1,0,0,150,242,-38,0.98,99.0,0.289,4,0.844,1,699
LA-2026-1944,Odisha,Sambalpur,Rural Road Connectivity (PMGSY),High,Stage 3: Section 15 Hearing & Objections,20.11,98,90,122.88,36.09,4.01,32.08,0.111,10,0.833,4,34,2,0,2,0,1,0,147,107,290,0.98,26.0,0.281,1,0.709,1,181
LA-2026-1945,Tamil Nadu,Madurai,High-Speed Rail / DFC,Critical,Stage 3: Section 15 Hearing & Objections,37.29,309,317,215.59,69.26,6.16,63.1,0.089,14,0.667,0,0,3,0,3,0,0,0,176,152,430,0.98,25.1,0.274,1,0.761,1,221
LA-2026-1946,Gujarat,Ahmedabad,National Highway Corridor,Cabinet Fast-Track,Stage 4: Section 19 Declaration,121.74,760,623,428.13,139.99,28.98,111.01,0.207,23,0.767,4,106,9,0,9,0,0,0,61,135,154,0.98,45.7,0.2,5,0.699,1,96
LA-2026-1947,Karnataka,Mangaluru,Rural Road Connectivity (PMGSY),Critical,Stage 3: Section 15 Hearing & Objections,90.69,757,522,323.47,133.56,25.24,108.32,0.189,3,0.25,2,110,9,1,13,0,0,0,89,54,649,0.98,6.7,0.317,3,0.778,1,130
LA-2026-1948,Gujarat,Rajkot,Major Irrigation & Canal,Critical,Stage 5: Valuation & Compensation Award,101.16,713,644,365.17,142.98,110.24,32.74,0.771,0,0.0,0,0,10,0,10,0,0,0,167,69,365,0.98,14.9,0.146,2,0.581,1,126
LA-2026-1949,Rajasthan,Alwar,Urban Metro Transit Extension,High,Stage 4: Section 19 Declaration,112.29,721,601,407.95,157.53,21.74,135.79,0.138,12,0.375,6,94,11,0,11,0,1,0,65,218,16,0.98,92.2,0.388,6,0.756,1,189
LA-2026-1950,Maharashtra,Pune,Industrial Smart City Corridor,High,Stage 4: Section 19 Declaration,18.9,95,64,63.38,17.75,1.9,15.85,0.107,1,0.031,7,22,0,0,0,1,0,0,40,239,408,0.98,36.0,0.342,6,0.46,0,0
LA-2026-1951,Tamil Nadu,Madurai,National Highway Corridor,Cabinet Fast-Track,Stage 2: Section 11 Notification,251.79,2071,1322,724.5,229.98,38.18,191.8,0.166,21,0.875,6,3,25,1,29,0,0,0,26,140,196,0.98,40.7,0.26,0,0.881,1,153
LA-2026-1952,Uttar Pradesh,Noida,Urban Metro Transit Extension,Critical,Stage 2: Section 11 Notification,228.21,873,876,359.25,126.75,20.53,106.22,0.162,10,0.833,4,111,15,1,19,0,1,0,78,237,433,0.98,34.4,0.498,4,0.98,1,162
LA-2026-1953,Madhya Pradesh,Ujjain,Urban Metro Transit Extension,Cabinet Fast-Track,Stage 4: Section 19 Declaration,35.74,225,138,91.62,28.03,7.96,20.07,0.284,11,0.524,1,76,3,0,3,0,0,0,22,396,21,0.98,94.0,0.255,2,0.751,1,140
LA-2026-1954,Odisha,Sambalpur,Renewable Energy Solar Park,High,Stage 1: Preliminary Survey & SIA,120.9,1000,708,470.62,243.93,37.32,206.61,0.153,12,0.4,5,59,16,0,16,1,0,0,54,446,89,0.98,82.4,0.318,3,0.726,1,96
LA-2026-1955,Madhya Pradesh,Jabalpur,Major Irrigation & Canal,Normal,Stage 3: Section 15 Hearing & Objections,23.05,138,148,140.98,66.64,11.46,55.18,0.172,11,0.5,7,57,5,0,5,1,1,0,45,483,-44,0.98,99.0,0.379,4,0.827,1,125
LA-2026-1956,Gujarat,Bharuch,Industrial Smart City Corridor,High,Stage 2: Section 11 Notification,8.04,57,37,150.84,80.9,1.78,79.12,0.022,13,0.929,6,112,1,0,1,0,1,0,111,135,187,0.98,40.9,0.239,0,0.81,1,143
LA-2026-1957,Maharashtra,Thane,Renewable Energy Solar Park,High,Stage 5: Valuation & Compensation Award,39.48,220,212,94.39,37.06,18.72,18.34,0.505,3,0.111,5,93,5,0,5,0,0,0,95,380,32,0.98,91.3,0.42,6,0.743,1,218
LA-2026-1958,Madhya Pradesh,Indore,Renewable Energy Solar Park,Critical,Stage 1: Preliminary Survey & SIA,129.09,799,526,283.03,114.39,17.27,97.12,0.151,29,0.906,2,106,14,0,14,0,0,0,67,138,459,0.98,22.1,0.216,4,0.734,1,146
LA-2026-1959,Uttar Pradesh,Agra,High-Speed Rail / DFC,Normal,Stage 4: Section 19 Declaration,334.0,1021,777,1129.5,584.49,65.46,519.03,0.112,6,0.286,8,81,13,1,15,1,1,1,113,277,216,0.98,55.2,0.355,6,0.894,1,140
LA-2026-1960,Uttar Pradesh,Lucknow,Industrial Smart City Corridor,Cabinet Fast-Track,Stage 3: Section 15 Hearing & Objections,19.55,151,104,71.24,37.78,2.95,34.83,0.078,0,0.0,4,43,3,0,3,1,0,0,179,396,216,0.98,63.7,0.352,4,0.689,1,163
LA-2026-1961,Rajasthan,Udaipur,Renewable Energy Solar Park,Normal,Stage 2: Section 11 Notification,158.08,1019,1117,546.69,144.5,24.85,119.65,0.172,11,0.5,0,0,13,1,17,0,0,0,137,62,621,0.98,8.1,0.258,0,0.744,1,274
LA-2026-1962,Madhya Pradesh,Ujjain,Renewable Energy Solar Park,Critical,Stage 6: Land Possession & Handover,216.93,1174,1277,883.92,431.27,272.99,158.28,0.633,7,0.538,1,60,24,1,25,0,0,0,107,57,625,0.98,7.4,0.269,0,0.633,1,205
LA-2026-1963,Rajasthan,Alwar,Urban Metro Transit Extension,Critical,Stage 4: Section 19 Declaration,51.71,184,198,123.24,42.88,17.45,25.43,0.407,17,0.81,7,27,4,0,4,1,0,0,92,65,595,0.98,8.9,0.385,4,0.746,1,289
LA-2026-1964,Maharashtra,Aurangabad,Major Irrigation & Canal,Normal,Stage 4: Section 19 Declaration,63.74,423,352,212.27,64.7,29.89,34.81,0.462,24,0.706,8,83,2,0,2,1,1,0,80,267,98,0.98,72.2,0.279,4,0.719,1,164
LA-2026-1965,Rajasthan,Jodhpur,Major Irrigation & Canal,Critical,Stage 4: Section 19 Declaration,44.97,280,189,114.14,38.64,6.84,31.8,0.177,13,0.591,1,87,3,0,3,0,1,0,163,178,42,0.98,79.9,0.306,3,0.748,1,227
LA-2026-1966,Karnataka,Bengaluru Rural,Major Irrigation & Canal,High,Stage 5: Valuation & Compensation Award,316.21,1473,1497,955.38,332.23,254.16,78.07,0.765,7,0.412,5,110,29,0,29,1,0,0,87,74,491,0.98,12.1,0.47,5,0.494,1,148
LA-2026-1967,Uttar Pradesh,Lucknow,High-Speed Rail / DFC,High,Stage 3: Section 15 Hearing & Objections,45.89,308,269,150.7,52.83,7.5,45.33,0.142,22,0.957,6,2,4,0,4,0,0,0,137,254,-50,0.98,99.0,0.349,3,0.876,1,229
LA-2026-1968,Rajasthan,Jaipur,Industrial Smart City Corridor,Cabinet Fast-Track,Stage 1: Preliminary Survey & SIA,49.49,312,244,201.95,109.92,20.23,89.69,0.184,4,0.286,5,60,5,0,5,0,0,0,26,98,514,0.98,15.0,0.298,0,0.555,1,224
LA-2026-1969,Maharashtra,Nagpur,National Highway Corridor,High,Stage 2: Section 11 Notification,128.29,366,305,237.99,87.6,8.41,79.19,0.096,11,0.379,8,33,0,0,0,0,0,0,178,258,123,0.98,66.7,0.24,0,0.583,1,212
LA-2026-1970,Maharashtra,Nagpur,High-Speed Rail / DFC,High,Stage 4: Section 19 Declaration,75.6,303,250,180.31,52.53,5.57,46.96,0.106,5,0.417,0,0,6,0,6,0,0,0,110,412,-96,0.98,99.0,0.273,2,0.912,1,208
LA-2026-1971,Gujarat,Vadodara,High-Speed Rail / DFC,Cabinet Fast-Track,Stage 5: Valuation & Compensation Award,153.57,642,453,477.91,187.37,113.17,74.2,0.604,15,0.556,7,27,15,1,19,0,0,1,179,126,272,0.98,30.7,0.185,5,0.822,1,184
LA-2026-1972,Gujarat,Bharuch,High-Speed Rail / DFC,Normal,Stage 4: Section 19 Declaration,37.7,153,162,134.78,66.13,27.31,38.82,0.413,7,0.412,6,107,2,0,2,0,0,0,154,104,601,0.98,13.8,0.268,6,0.687,1,251
LA-2026-1973,Madhya Pradesh,Bhopal,Rural Road Connectivity (PMGSY),Critical,Stage 1: Preliminary Survey & SIA,33.47,183,142,54.98,22.91,2.77,20.14,0.121,23,0.697,6,57,1,0,1,0,0,0,59,58,526,0.98,9.0,0.307,1,0.444,0,0
LA-2026-1974,Rajasthan,Udaipur,Rural Road Connectivity (PMGSY),Cabinet Fast-Track,Stage 4: Section 19 Declaration,16.87,124,116,132.64,70.37,9.71,60.66,0.138,9,0.321,7,98,1,0,1,0,0,0,163,153,188,0.98,43.9,0.268,4,0.581,1,253
LA-2026-1975,Uttar Pradesh,Varanasi,Rural Road Connectivity (PMGSY),Normal,Stage 6: Land Possession & Handover,333.83,2045,2114,681.38,281.3,236.85,44.45,0.842,20,0.769,5,38,39,0,39,0,0,0,81,432,32,0.98,92.1,0.436,3,0.627,1,172
LA-2026-1976,Rajasthan,Alwar,Rural Road Connectivity (PMGSY),High,Stage 4: Section 19 Declaration,155.28,463,386,326.12,116.64,26.36,90.28,0.226,17,0.773,8,78,6,0,6,1,0,0,135,123,402,0.98,22.4,0.414,2,0.856,1,213
LA-2026-1977,Karnataka,Belagavi,Industrial Smart City Corridor,High,Stage 4: Section 19 Declaration,149.57,736,732,568.71,204.66,47.48,157.18,0.232,10,0.556,8,86,16,0,16,0,0,0,88,208,167,0.98,54.5,0.195,6,0.822,1,171
LA-2026-1978,Gujarat,Vadodara,High-Speed Rail / DFC,Critical,Stage 2: Section 11 Notification,68.56,262,228,267.0,115.29,20.18,95.11,0.175,16,0.533,2,15,5,0,5,0,1,0,128,239,269,0.98,46.1,0.184,6,0.825,1,160
LA-2026-1979,Odisha,Sundargarh,Urban Metro Transit Extension,Cabinet Fast-Track,Stage 6: Land Possession & Handover,22.98,150,104,134.15,50.68,37.35,13.33,0.737,17,0.5,7,68,1,0,1,1,1,0,133,230,201,0.98,52.4,0.42,0,0.736,1,184
LA-2026-1980,Madhya Pradesh,Ujjain,Major Irrigation & Canal,Normal,Stage 6: Land Possession & Handover,93.68,396,332,172.91,83.59,77.57,6.02,0.928,14,0.519,8,74,3,0,3,0,0,0,75,445,-72,0.98,99.0,0.254,2,0.62,1,122
LA-2026-1981,Maharashtra,Nashik,Urban Metro Transit Extension,Cabinet Fast-Track,Stage 3: Section 15 Hearing & Objections,5.55,58,36,138.6,44.17,1.59,42.58,0.036,10,0.417,1,17,0,0,0,0,0,0,121,273,17,0.98,93.2,0.296,0,0.593,1,378
LA-2026-1982,Maharashtra,Pune,Industrial Smart City Corridor,Normal,Stage 4: Section 19 Declaration,24.55,137,119,229.47,77.15,42.12,35.03,0.546,13,0.867,3,5,3,0,3,0,1,0,42,304,424,0.98,40.8,0.316,2,0.741,1,278
LA-2026-1983,Tamil Nadu,Madurai,Major Irrigation & Canal,High,Stage 3: Section 15 Hearing & Objections,28.6,122,119,165.2,79.67,8.84,70.83,0.111,24,0.8,4,118,3,0,3,0,1,0,164,346,59,0.98,84.5,0.3,4,0.884,1,177
LA-2026-1984,Odisha,Sundargarh,High-Speed Rail / DFC,Cabinet Fast-Track,Stage 5: Valuation & Compensation Award,229.63,1407,1206,414.82,160.1,56.52,103.58,0.353,23,0.767,4,103,22,0,22,0,0,0,33,112,85,0.98,55.9,0.393,1,0.746,1,101
LA-2026-1985,Gujarat,Surat,Industrial Smart City Corridor,Normal,Stage 4: Section 19 Declaration,57.9,397,337,223.3,82.52,43.24,39.28,0.524,18,0.72,6,57,5,1,6,0,0,0,88,373,51,0.98,87.0,0.225,1,0.809,1,177
LA-2026-1986,Madhya Pradesh,Ujjain,Rural Road Connectivity (PMGSY),Cabinet Fast-Track,Stage 2: Section 11 Notification,5.31,60,44,134.12,63.58,4.07,59.51,0.064,25,1.0,8,43,0,0,0,0,0,0,135,240,218,0.98,51.4,0.257,6,0.646,1,339
LA-2026-1987,Rajasthan,Udaipur,High-Speed Rail / DFC,Critical,Stage 4: Section 19 Declaration,31.12,157,144,213.2,99.19,23.51,75.68,0.237,12,0.706,3,27,5,1,9,0,0,0,106,337,-78,0.98,99.0,0.296,3,0.98,1,176
LA-2026-1988,Maharashtra,Aurangabad,High-Speed Rail / DFC,Normal,Stage 6: Land Possession & Handover,227.22,1280,1064,475.73,243.99,217.15,26.84,0.89,11,0.478,6,2,13,0,13,0,1,1,156,229,-27,0.98,99.0,0.265,1,0.734,1,176
LA-2026-1989,Tamil Nadu,Madurai,Industrial Smart City Corridor,Cabinet Fast-Track,Stage 3: Section 15 Hearing & Objections,75.83,243,237,225.04,116.84,8.53,108.31,0.073,12,0.375,0,0,5,0,5,0,1,0,159,142,210,0.98,39.4,0.273,1,0.847,1,149
LA-2026-1990,Uttar Pradesh,Prayagraj,Urban Metro Transit Extension,Normal,Stage 3: Section 15 Hearing & Objections,28.33,212,169,142.14,51.58,8.87,42.71,0.172,4,0.154,4,18,2,0,2,1,0,0,75,298,-37,0.98,99.0,0.415,1,0.624,1,169
LA-2026-1991,Madhya Pradesh,Jabalpur,High-Speed Rail / DFC,Normal,Stage 3: Section 15 Hearing & Objections,7.78,66,46,160.99,79.52,8.75,70.77,0.11,20,0.667,2,36,2,0,2,0,0,1,23,347,-73,0.98,99.0,0.334,6,0.701,1,190
LA-2026-1992,Karnataka,Mangaluru,Urban Metro Transit Extension,Normal,Stage 3: Section 15 Hearing & Objections,137.24,1152,1007,448.13,199.89,28.98,170.91,0.145,3,0.103,7,70,18,0,18,1,0,0,55,167,116,0.98,58.0,0.316,1,0.793,1,109
LA-2026-1993,Maharashtra,Thane,Rural Road Connectivity (PMGSY),High,Stage 6: Land Possession & Handover,64.12,470,502,272.1,76.79,58.21,18.58,0.758,16,0.571,0,0,4,0,4,1,0,0,15,555,-97,0.98,99.0,0.444,6,0.554,1,163
LA-2026-1994,Gujarat,Surat,Rural Road Connectivity (PMGSY),Critical,Stage 5: Valuation & Compensation Award,7.97,80,62,88.51,24.01,10.49,13.52,0.437,5,0.192,1,91,0,0,0,0,0,0,72,503,-38,0.98,99.0,0.227,0,0.6,1,254
LA-2026-1995,Madhya Pradesh,Indore,National Highway Corridor,Critical,Stage 3: Section 15 Hearing & Objections,114.13,603,484,208.26,76.02,14.6,61.42,0.192,17,0.586,6,113,10,0,10,0,0,0,111,531,190,0.98,72.7,0.219,5,0.797,1,134
LA-2026-1996,Madhya Pradesh,Jabalpur,Renewable Energy Solar Park,Cabinet Fast-Track,Stage 5: Valuation & Compensation Award,26.28,104,105,107.02,55.95,47.39,8.56,0.847,3,0.231,1,76,1,0,1,0,1,0,42,541,154,0.98,76.9,0.325,3,0.468,0,0
LA-2026-1997,Madhya Pradesh,Gwalior,Industrial Smart City Corridor,Critical,Stage 3: Section 15 Hearing & Objections,73.21,242,253,249.17,117.96,15.1,102.86,0.128,3,0.25,6,99,2,0,2,1,0,0,60,528,-26,0.98,99.0,0.364,6,0.606,1,166
LA-2026-1998,Gujarat,Vadodara,Major Irrigation & Canal,High,Stage 2: Section 11 Notification,14.15,71,43,73.25,33.31,4.76,28.55,0.143,15,0.75,6,59,1,0,1,0,1,0,122,146,50,0.98,73.5,0.175,1,0.759,1,161
LA-2026-1999,Madhya Pradesh,Bhopal,High-Speed Rail / DFC,High,Stage 2: Section 11 Notification,40.52,351,306,204.53,93.52,12.25,81.27,0.131,5,0.385,7,116,8,0,8,0,0,0,105,181,102,0.98,63.0,0.274,4,0.763,1,120
LA-2026-2000,Rajasthan,Jaipur,Rural Road Connectivity (PMGSY),Cabinet Fast-Track,Stage 6: Land Possession & Handover,79.32,571,546,248.45,115.25,75.83,39.42,0.658,16,0.762,2,1,6,0,6,0,0,0,59,369,171,0.98,67.4,0.289,0,0.635,1,107
LA-2026-2001,Karnataka,Mangaluru,Industrial Smart City Corridor,Normal,Stage 4: Section 19 Declaration,30.37,102,76,89.26,43.81,12.44,31.37,0.284,11,0.423,5,36,4,0,4,0,0,0,166,372,221,0.98,61.8,0.311,3,0.648,1,307
LA-2026-2002,Rajasthan,Alwar,Rural Road Connectivity (PMGSY),Normal,Stage 3: Section 15 Hearing & Objections,8.96,73,53,107.89,42.96,6.23,36.73,0.145,10,0.417,7,93,0,0,0,1,1,0,49,98,600,0.98,13.1,0.358,1,0.371,0,0
LA-2026-2003,Uttar Pradesh,Prayagraj,Major Irrigation & Canal,Critical,Stage 4: Section 19 Declaration,15.41,88,53,54.74,29.87,9.23,20.64,0.309,0,0.0,2,24,0,0,0,1,0,0,21,51,354,0.98,11.6,0.379,1,0.291,0,0
LA-2026-2004,Madhya Pradesh,Ujjain,Renewable Energy Solar Park,Critical,Stage 4: Section 19 Declaration,141.76,1182,911,253.01,112.7,62.89,49.81,0.558,4,0.308,7,100,17,1,21,1,0,0,51,46,134,0.98,24.6,0.244,0,0.699,1,102
LA-2026-2005,Uttar Pradesh,Agra,Rural Road Connectivity (PMGSY),Critical,Stage 3: Section 15 Hearing & Objections,21.92,179,151,70.81,21.17,3.13,18.04,0.148,17,0.567,8,113,5,0,5,0,0,0,76,510,51,0.98,89.9,0.31,1,0.802,1,119
LA-2026-2006,Tamil Nadu,Tiruchirappalli,Rural Road Connectivity (PMGSY),High,Stage 6: Land Possession & Handover,17.61,174,127,62.02,17.94,14.35,3.59,0.8,10,0.5,8,38,1,0,1,0,0,0,133,252,-50,0.98,99.0,0.204,4,0.534,1,124
LA-2026-2007,Tamil Nadu,Madurai,National Highway Corridor,High,Stage 6: Land Possession & Handover,158.83,818,726,598.66,309.51,236.78,72.73,0.765,14,0.737,2,118,9,1,12,0,0,1,66,462,-54,0.98,99.0,0.275,1,0.813,1,108
LA-2026-2008,Gujarat,Bharuch,Major Irrigation & Canal,Normal,Stage 6: Land Possession & Handover,44.02,141,119,81.13,26.52,20.92,5.6,0.789,13,0.542,2,53,3,0,3,1,0,0,121,88,413,0.98,16.6,0.252,0,0.618,1,185
LA-2026-2009,Tamil Nadu,Coimbatore,Major Irrigation & Canal,Cabinet Fast-Track,Stage 6: Land Possession & Handover,33.13,139,99,166.06,79.97,73.73,6.24,0.922,9,0.474,3,78,0,0,0,0,0,0,120,237,162,0.98,58.4,0.225,4,0.439,0,0
LA-2026-2010,Madhya Pradesh,Bhopal,National Highway Corridor,Normal,Stage 5: Valuation & Compensation Award,18.93,188,158,60.97,25.4,21.18,4.22,0.834,15,0.6,1,119,3,0,3,0,0,0,148,106,82,0.98,55.4,0.265,0,0.558,1,166
LA-2026-2011,Rajasthan,Jodhpur,National Highway Corridor,High,Stage 3: Section 15 Hearing & Objections,112.86,909,721,167.14,87.89,5.8,82.09,0.066,2,0.067,0,0,12,1,15,1,0,0,180,395,160,0.98,70.2,0.232,4,0.894,1,223
LA-2026-2012,Maharashtra,Nagpur,Rural Road Connectivity (PMGSY),High,Stage 4: Section 19 Declaration,28.35,255,225,86.98,40.42,20.86,19.56,0.516,9,0.3,8,9,2,0,2,0,1,0,78,140,542,0.98,19.5,0.272,4,0.559,1,199
LA-2026-2013,Tamil Nadu,Coimbatore,Urban Metro Transit Extension,Normal,Stage 6: Land Possession & Handover,192.86,1396,840,230.58,59.67,55.14,4.53,0.924,6,0.462,5,85,17,1,21,0,0,0,82,382,27,0.98,92.4,0.26,2,0.885,1,125
LA-2026-2014,Madhya Pradesh,Gwalior,Rural Road Connectivity (PMGSY),High,Stage 6: Land Possession & Handover,8.88,50,43,151.66,83.11,55.02,28.09,0.662,14,0.737,2,90,1,0,1,1,0,0,63,364,132,0.98,72.4,0.323,0,0.572,1,89
LA-2026-2015,Gujarat,Ahmedabad,Major Irrigation & Canal,High,Stage 1: Preliminary Survey & SIA,64.83,482,328,141.26,76.0,6.23,69.77,0.082,20,0.588,3,91,8,0,8,0,0,0,95,174,81,0.98,67.3,0.227,5,0.849,1,176
LA-2026-2016,Tamil Nadu,Coimbatore,Major Irrigation & Canal,Normal,Stage 4: Section 19 Declaration,8.23,61,41,136.2,65.0,7.54,57.46,0.116,2,0.087,0,0,2,0,2,0,0,0,59,230,110,0.98,66.7,0.25,1,0.548,1,171
LA-2026-2017,Rajasthan,Alwar,Urban Metro Transit Extension,Cabinet Fast-Track,Stage 2: Section 11 Notification,43.28,176,130,147.25,40.08,2.53,37.55,0.063,22,1.0,6,84,1,0,1,0,0,0,44,490,21,0.98,94.9,0.372,5,0.678,1,105
LA-2026-2018,Gujarat,Ahmedabad,Rural Road Connectivity (PMGSY),High,Stage 2: Section 11 Notification,182.13,1459,1177,650.71,187.08,8.98,178.1,0.048,4,0.182,0,0,19,0,19,0,0,0,134,125,480,0.98,19.7,0.21,1,0.706,1,167
LA-2026-2019,Gujarat,Rajkot,National Highway Corridor,Normal,Stage 2: Section 11 Notification,261.54,1957,1494,776.24,261.07,10.96,250.11,0.042,10,0.435,0,0,30,1,32,0,0,0,167,381,168,0.98,68.4,0.166,4,0.98,1,219
LA-2026-2020,Tamil Nadu,Tiruchirappalli,Major Irrigation & Canal,High,Stage 3: Section 15 Hearing & Objections,20.68,173,144,77.64,23.1,2.1,21.0,0.091,9,0.31,8,96,3,0,3,0,1,0,161,262,-42,0.98,99.0,0.254,4,0.701,1,274
LA-2026-2021,Uttar Pradesh,Agra,Rural Road Connectivity (PMGSY),Cabinet Fast-Track,Stage 6: Land Possession & Handover,34.96,176,126,144.49,59.02,54.71,4.31,0.927,7,0.233,7,33,6,1,7,0,0,0,90,502,-86,0.98,99.0,0.346,3,0.756,1,126
LA-2026-2022,Tamil Nadu,Kanchipuram,Renewable Energy Solar Park,High,Stage 1: Preliminary Survey & SIA,92.05,774,837,234.52,89.9,17.26,72.64,0.192,12,0.632,0,0,7,0,7,0,0,0,125,450,-43,0.98,99.0,0.297,6,0.779,1,297
LA-2026-2023,Madhya Pradesh,Bhopal,Renewable Energy Solar Park,Critical,Stage 4: Section 19 Declaration,47.5,156,113,149.26,64.26,31.49,32.77,0.49,17,0.944,8,36,3,0,3,0,0,0,158,284,-52,0.98,99.0,0.274,3,0.757,1,425
LA-2026-2024,Odisha,Sundargarh,Renewable Energy Solar Park,High,Stage 5: Valuation & Compensation Award,9.39,70,49,119.86,55.46,19.69,35.77,0.355,15,0.469,7,2,1,0,1,0,0,0,94,111,508,0.98,17.0,0.459,1,0.484,1,99
LA-2026-2025,Tamil Nadu,Madurai,Major Irrigation & Canal,High,Stage 3: Section 15 Hearing & Objections,138.35,1125,825,220.18,110.09,15.19,94.9,0.138,3,0.13,4,39,23,0,23,0,1,0,51,403,-15,0.98,99.0,0.269,1,0.733,1,144
LA-2026-2026,Uttar Pradesh,Lucknow,High-Speed Rail / DFC,Normal,Stage 6: Land Possession & Handover,79.5,625,445,422.29,115.15,105.02,10.13,0.912,10,0.385,1,64,9,0,9,0,1,0,39,213,243,0.98,45.7,0.372,2,0.555,1,153
LA-2026-2027,Uttar Pradesh,Noida,Rural Road Connectivity (PMGSY),Normal,Stage 6: Land Possession & Handover,38.39,246,189,173.43,67.89,57.57,10.32,0.848,8,0.276,0,0,6,0,6,0,0,0,58,228,132,0.98,62.4,0.493,0,0.659,1,168
LA-2026-2028,Gujarat,Surat,Industrial Smart City Corridor,High,Stage 4: Section 19 Declaration,282.8,2203,1542,712.16,261.39,129.65,131.74,0.496,22,0.688,0,0,36,1,40,0,0,0,132,228,499,0.98,30.4,0.237,6,0.871,1,166
LA-2026-2029,Madhya Pradesh,Indore,High-Speed Rail / DFC,High,Stage 3: Section 15 Hearing & Objections,27.87,94,91,41.71,19.43,2.99,16.44,0.154,14,0.4,7,71,3,0,3,0,0,1,27,630,45,0.98,92.4,0.203,0,0.598,1,169
LA-2026-2030,Maharashtra,Nashik,High-Speed Rail / DFC,Normal,Stage 5: Valuation & Compensation Award,102.38,478,369,379.1,125.67,38.2,87.47,0.304,20,0.87,5,53,14,0,14,0,0,1,180,47,496,0.98,7.7,0.252,0,0.782,1,260
LA-2026-2031,Uttar Pradesh,Prayagraj,High-Speed Rail / DFC,Cabinet Fast-Track,Stage 3: Section 15 Hearing & Objections,27.34,229,164,169.3,75.65,4.69,70.96,0.062,12,0.923,5,31,4,0,4,0,0,0,169,152,376,0.98,27.8,0.417,0,0.902,1,180
LA-2026-2032,Tamil Nadu,Coimbatore,Urban Metro Transit Extension,Critical,Stage 3: Section 15 Hearing & Objections,50.6,354,362,164.02,73.0,5.33,67.67,0.073,13,0.591,1,67,2,0,2,0,0,0,81,186,382,0.98,31.8,0.232,3,0.628,1,290
LA-2026-2033,Maharashtra,Pune,Industrial Smart City Corridor,Critical,Stage 6: Land Possession & Handover,33.82,321,230,56.01,25.88,23.47,2.41,0.907,6,0.194,5,14,7,1,10,0,1,0,144,100,175,0.98,35.4,0.309,4,0.779,1,186
LA-2026-2034,Karnataka,Mangaluru,Rural Road Connectivity (PMGSY),Normal,Stage 3: Section 15 Hearing & Objections,121.81,582,484,378.9,96.25,15.59,80.66,0.162,24,0.828,8,116,11,0,11,0,0,0,89,171,59,0.98,73.4,0.318,5,0.913,1,155
LA-2026-2035,Tamil Nadu,Tiruchirappalli,Urban Metro Transit Extension,Critical,Stage 1: Preliminary Survey & SIA,47.54,212,189,202.97,76.33,11.3,65.03,0.148,2,0.08,5,34,1,0,1,1,1,0,89,71,522,0.98,11.0,0.269,4,0.525,1,130
LA-2026-2036,Maharashtra,Pune,Major Irrigation & Canal,Normal,Stage 2: Section 11 Notification,11.46,92,61,138.21,57.5,10.81,46.69,0.188,8,0.533,2,75,1,0,1,0,0,0,148,445,104,0.98,80.1,0.333,2,0.674,1,184
LA-2026-2037,Gujarat,Surat,Urban Metro Transit Extension,Normal,Stage 5: Valuation & Compensation Award,16.14,172,186,158.03,67.1,55.49,11.61,0.827,8,0.229,2,94,4,0,4,0,0,0,65,270,-73,0.98,99.0,0.195,3,0.56,1,96
LA-2026-2038,Maharashtra,Aurangabad,Industrial Smart City Corridor,High,Stage 6: Land Possession & Handover,38.08,279,252,149.65,66.61,49.16,17.45,0.738,12,0.667,3,105,6,0,6,0,0,0,120,60,363,0.98,13.2,0.319,4,0.645,1,257
LA-2026-2039,Tamil Nadu,Madurai,High-Speed Rail / DFC,Normal,Stage 5: Valuation & Compensation Award,49.37,373,308,203.02,107.96,90.47,17.49,0.838,31,1.0,0,0,4,0,4,0,1,1,175,291,319,0.98,46.7,0.304,1,0.777,1,282
LA-2026-2040,Gujarat,Bharuch,National Highway Corridor,High,Stage 4: Section 19 Declaration,11.03,78,60,97.01,42.0,12.47,29.53,0.297,2,0.057,1,87,1,0,1,0,0,1,73,148,73,0.98,66.0,0.244,0,0.506,1,244
LA-2026-2041,Karnataka,Bengaluru Rural,Rural Road Connectivity (PMGSY),Normal,Stage 1: Preliminary Survey & SIA,16.18,100,101,127.98,40.61,5.28,35.33,0.13,4,0.154,2,92,1,0,1,1,0,0,62,204,85,0.98,69.6,0.453,3,0.629,1,172
LA-2026-2042,Madhya Pradesh,Ujjain,Urban Metro Transit Extension,Critical,Stage 6: Land Possession & Handover,76.23,353,241,192.42,81.49,64.87,16.62,0.796,6,0.375,6,45,5,1,7,0,0,0,172,469,-83,0.98,99.0,0.246,2,0.722,1,172
LA-2026-2043,Maharashtra,Nashik,Major Irrigation & Canal,High,Stage 1: Preliminary Survey & SIA,64.74,276,169,146.07,50.38,8.87,41.51,0.176,6,0.286,6,14,3,0,3,1,0,0,144,264,-23,0.98,99.0,0.236,3,0.765,1,275
LA-2026-2044,Maharashtra,Nashik,Rural Road Connectivity (PMGSY),Normal,Stage 2: Section 11 Notification,85.48,445,349,264.15,83.07,4.57,78.5,0.055,14,0.438,7,25,10,0,10,0,0,0,87,386,259,0.98,58.9,0.272,1,0.756,1,210
LA-2026-2045,Rajasthan,Jodhpur,Major Irrigation & Canal,High,Stage 4: Section 19 Declaration,73.72,488,458,225.15,106.96,18.4,88.56,0.172,7,0.292,8,65,8,0,8,1,0,0,134,360,60,0.98,84.7,0.283,2,0.907,1,183
LA-2026-2046,Uttar Pradesh,Noida,Rural Road Connectivity (PMGSY),Critical,Stage 2: Section 11 Notification,94.59,563,486,241.86,68.74,3.44,65.3,0.05,30,1.0,1,30,5,0,5,1,0,0,26,50,543,0.98,7.5,0.506,4,0.805,1,137
LA-2026-2047,Gujarat,Rajkot,Renewable Energy Solar Park,Normal,Stage 6: Land Possession & Handover,14.37,60,63,130.09,56.25,44.55,11.7,0.792,18,0.72,5,0,0,0,0,1,0,0,151,197,3,0.98,97.5,0.156,5,0.497,1,135
LA-2026-2048,Madhya Pradesh,Jabalpur,Urban Metro Transit Extension,Critical,Stage 4: Section 19 Declaration,345.39,2394,1494,855.02,353.02,69.9,283.12,0.198,22,0.667,1,48,42,0,42,1,1,0,112,351,33,0.98,90.4,0.321,2,0.932,1,260
LA-2026-2049,Odisha,Angul,Rural Road Connectivity (PMGSY),High,Stage 2: Section 11 Notification,8.77,86,79,118.65,31.54,4.35,27.19,0.138,17,0.68,0,0,3,0,3,1,0,0,68,534,-13,0.98,99.0,0.44,1,0.709,1,181
LA-2026-2050,Madhya Pradesh,Bhopal,High-Speed Rail / DFC,Cabinet Fast-Track,Stage 3: Section 15 Hearing & Objections,25.59,174,122,109.43,56.53,8.37,48.16,0.148,14,0.933,2,28,2,0,2,1,1,1,28,786,-59,0.98,99.0,0.292,4,0.71,1,110
LA-2026-2051,Madhya Pradesh,Bhopal,Industrial Smart City Corridor,Cabinet Fast-Track,Stage 3: Section 15 Hearing & Objections,106.6,731,651,389.02,202.68,1.82,200.86,0.009,7,0.226,1,103,12,1,14,0,0,0,70,204,71,0.98,73.2,0.297,5,0.798,1,193
LA-2026-2052,Maharashtra,Nashik,Rural Road Connectivity (PMGSY),High,Stage 1: Preliminary Survey & SIA,18.37,131,84,116.39,57.97,6.67,51.3,0.115,8,0.571,3,118,3,0,3,1,0,0,35,368,233,0.98,60.3,0.217,2,0.679,1,203
LA-2026-2053,Rajasthan,Udaipur,Urban Metro Transit Extension,High,Stage 4: Section 19 Declaration,324.13,2673,1838,615.87,327.83,71.14,256.69,0.217,10,0.833,4,24,40,1,42,1,1,0,156,351,-72,0.98,99.0,0.25,6,0.786,1,203
LA-2026-2054,Karnataka,Mysuru,High-Speed Rail / DFC,Critical,Stage 2: Section 11 Notification,56.18,326,219,276.83,88.26,6.44,81.82,0.073,8,0.258,0,0,9,1,11,0,0,0,67,260,-18,0.98,99.0,0.26,3,0.824,1,171
LA-2026-2055,Gujarat,Ahmedabad,Rural Road Connectivity (PMGSY),High,Stage 4: Section 19 Declaration,47.73,401,418,116.96,39.66,21.65,18.01,0.546,1,0.043,8,22,9,0,9,1,0,0,53,37,530,0.98,5.5,0.197,1,0.474,0,0
LA-2026-2056,Uttar Pradesh,Varanasi,Major Irrigation & Canal,Normal,Stage 6: Land Possession & Handover,167.14,485,430,488.07,256.84,251.7,5.14,0.98,16,0.8,8,113,10,0,10,0,0,0,52,388,26,0.98,92.7,0.408,4,0.676,1,126
LA-2026-2057,Odisha,Angul,High-Speed Rail / DFC,High,Stage 4: Section 19 Declaration,87.39,658,455,336.11,164.64,92.69,71.95,0.563,8,0.308,5,33,12,0,12,0,0,1,166,206,409,0.98,32.5,0.43,2,0.638,1,136
LA-2026-2058,Madhya Pradesh,Ujjain,Major Irrigation & Canal,Normal,Stage 4: Section 19 Declaration,44.65,343,322,181.95,94.58,14.85,79.73,0.157,3,0.231,8,109,3,0,3,0,0,0,42,385,-87,0.98,99.0,0.248,4,0.659,1,131
LA-2026-2059,Gujarat,Ahmedabad,Renewable Energy Solar Park,High,Stage 1: Preliminary Survey & SIA,68.7,280,248,162.08,75.06,9.08,65.98,0.121,1,0.053,8,109,3,0,3,0,0,0,42,439,-22,0.98,99.0,0.188,4,0.6,1,111
LA-2026-2060,Uttar Pradesh,Noida,Renewable Energy Solar Park,Normal,Stage 4: Section 19 Declaration,43.44,326,276,185.11,66.43,34.88,31.55,0.525,5,0.312,0,0,6,0,6,1,0,0,150,370,77,0.98,81.8,0.498,1,0.793,1,149
LA-2026-2061,Uttar Pradesh,Prayagraj,High-Speed Rail / DFC,Cabinet Fast-Track,Stage 6: Land Possession & Handover,8.96,96,91,148.02,76.2,50.75,25.45,0.666,11,0.786,5,58,3,0,3,1,0,1,149,679,-67,0.98,99.0,0.396,6,0.724,1,206
LA-2026-2062,Maharashtra,Pune,Rural Road Connectivity (PMGSY),Normal,Stage 2: Section 11 Notification,44.67,296,226,126.31,62.55,2.38,60.17,0.038,2,0.118,1,88,3,0,3,0,1,0,92,72,139,0.98,33.1,0.332,6,0.712,1,113
LA-2026-2063,Odisha,Khurda,Rural Road Connectivity (PMGSY),Normal,Stage 2: Section 11 Notification,14.59,108,66,161.65,75.44,13.81,61.63,0.183,21,0.875,1,101,2,0,2,0,0,0,90,210,123,0.98,62.1,0.331,2,0.742,1,235
LA-2026-2064,Gujarat,Ahmedabad,Renewable Energy Solar Park,High,Stage 3: Section 15 Hearing & Objections,90.3,618,414,372.18,198.95,19.89,179.06,0.1,24,0.857,1,19,12,1,15,0,0,0,135,324,344,0.98,47.5,0.211,3,0.98,1,293
LA-2026-2065,Maharashtra,Aurangabad,Major Irrigation & Canal,Cabinet Fast-Track,Stage 4: Section 19 Declaration,8.95,100,93,41.17,20.83,5.69,15.14,0.273,16,0.485,3,48,1,0,1,0,0,0,10,55,170,0.98,23.5,0.336,4,0.431,0,0
LA-2026-2066,Tamil Nadu,Tiruchirappalli,High-Speed Rail / DFC,Cabinet Fast-Track,Stage 3: Section 15 Hearing & Objections,29.93,213,209,186.24,61.83,4.58,57.25,0.074,8,0.5,8,29,7,0,7,1,0,1,115,150,155,0.98,48.2,0.221,4,0.859,1,194
LA-2026-2067,Madhya Pradesh,Bhopal,Renewable Energy Solar Park,Normal,Stage 4: Section 19 Declaration,87.08,682,506,179.46,64.02,24.26,39.76,0.379,7,0.389,6,77,19,0,19,0,0,0,114,84,577,0.98,11.7,0.326,0,0.741,1,123
LA-2026-2068,Gujarat,Surat,National Highway Corridor,Normal,Stage 2: Section 11 Notification,246.57,952,594,378.87,181.76,19.27,162.49,0.106,16,0.8,1,113,16,0,16,1,0,1,110,92,136,0.98,39.4,0.223,6,0.929,1,280
LA-2026-2069,Gujarat,Bharuch,Major Irrigation & Canal,Cabinet Fast-Track,Stage 3: Section 15 Hearing & Objections,65.26,467,342,184.71,80.63,1.05,79.58,0.013,12,0.353,8,82,3,0,3,1,1,0,106,228,480,0.98,31.2,0.279,0,0.771,1,137
LA-2026-2070,Gujarat,Rajkot,Renewable Energy Solar Park,Critical,Stage 4: Section 19 Declaration,66.53,470,386,252.36,121.17,65.43,55.74,0.54,19,0.594,6,38,12,1,14,0,1,0,156,297,57,0.98,82.9,0.161,5,0.843,1,191
LA-2026-2071,Madhya Pradesh,Indore,National Highway Corridor,Critical,Stage 3: Section 15 Hearing & Objections,55.59,224,211,167.8,79.4,15.01,64.39,0.189,13,1.0,6,37,4,0,4,0,1,0,128,72,365,0.98,15.5,0.234,2,0.89,1,208
LA-2026-2072,Tamil Nadu,Kanchipuram,High-Speed Rail / DFC,Cabinet Fast-Track,Stage 5: Valuation & Compensation Award,13.91,108,75,57.0,24.94,10.1,14.84,0.405,17,0.773,2,37,1,0,1,0,0,0,104,399,15,0.98,95.4,0.357,3,0.658,1,122
LA-2026-2073,Madhya Pradesh,Jabalpur,Major Irrigation & Canal,Critical,Stage 4: Section 19 Declaration,183.32,620,400,387.9,159.36,60.24,99.12,0.378,0,0.0,3,93,16,1,18,0,1,0,145,619,86,0.98,86.8,0.302,2,0.888,1,372
LA-2026-2074,Odisha,Sundargarh,Major Irrigation & Canal,Normal,Stage 2: Section 11 Notification,109.51,787,730,348.09,121.75,5.11,116.64,0.042,3,0.091,4,30,13,1,15,0,0,0,84,68,460,0.98,11.9,0.408,6,0.785,1,173
LA-2026-2075,Tamil Nadu,Tiruchirappalli,Industrial Smart City Corridor,Normal,Stage 2: Section 11 Notification,158.12,719,736,459.5,129.38,13.58,115.8,0.105,2,0.133,1,91,11,0,11,0,0,0,46,443,-36,0.98,99.0,0.254,4,0.618,1,95
LA-2026-2076,Maharashtra,Aurangabad,High-Speed Rail / DFC,High,Stage 1: Preliminary Survey & SIA,77.4,475,306,118.86,48.02,9.6,38.42,0.2,6,0.222,2,51,7,0,7,1,0,1,60,353,-80,0.98,99.0,0.291,0,0.776,1,210
LA-2026-2077,Uttar Pradesh,Prayagraj,Rural Road Connectivity (PMGSY),Cabinet Fast-Track,Stage 5: Valuation & Compensation Award,274.08,1957,1239,377.65,189.21,146.64,42.57,0.775,16,0.615,6,99,27,0,27,0,1,0,34,428,87,0.98,82.1,0.433,1,0.768,1,140
LA-2026-2078,Karnataka,Bengaluru Rural,Rural Road Connectivity (PMGSY),Normal,Stage 2: Section 11 Notification,10.78,107,112,144.42,70.52,0.21,70.31,0.003,4,0.267,8,118,2,0,2,0,0,0,116,201,88,0.98,68.6,0.468,5,0.591,1,180
LA-2026-2079,Rajasthan,Kota,Urban Metro Transit Extension,Critical,Stage 4: Section 19 Declaration,39.55,133,82,96.28,31.39,8.91,22.48,0.284,9,0.75,3,50,1,0,1,0,1,0,116,401,-99,0.98,99.0,0.233,0,0.745,1,123
LA-2026-2080,Uttar Pradesh,Noida,Renewable Energy Solar Park,Normal,Stage 3: Section 15 Hearing & Objections,5.53,57,59,79.91,21.98,1.27,20.71,0.058,9,0.3,1,69,1,0,1,1,0,0,173,299,7,0.98,96.7,0.495,2,0.639,1,149
LA-2026-2081,Maharashtra,Aurangabad,High-Speed Rail / DFC,Cabinet Fast-Track,Stage 5: Valuation & Compensation Award,141.98,810,771,293.38,122.95,59.51,63.44,0.484,16,0.889,2,9,11,1,14,0,1,0,50,447,-93,0.98,99.0,0.274,5,0.89,1,139
LA-2026-2082,Tamil Nadu,Coimbatore,Renewable Energy Solar Park,Cabinet Fast-Track,Stage 2: Section 11 Notification,34.47,132,139,109.67,58.08,5.69,52.39,0.098,12,1.0,5,30,1,0,1,0,0,0,171,217,6,0.98,96.3,0.235,6,0.729,1,143
LA-2026-2083,Maharashtra,Aurangabad,Urban Metro Transit Extension,Normal,Stage 3: Section 15 Hearing & Objections,45.45,344,263,234.51,107.66,4.41,103.25,0.041,3,0.231,0,0,11,0,11,0,0,0,14,248,63,0.98,78.8,0.265,0,0.713,1,77
LA-2026-2084,Maharashtra,Nashik,High-Speed Rail / DFC,Cabinet Fast-Track,Stage 2: Section 11 Notification,36.86,307,333,168.0,57.39,3.9,53.49,0.068,6,0.353,4,114,3,0,3,1,0,0,35,247,261,0.98,47.6,0.239,3,0.764,1,104
LA-2026-2085,Uttar Pradesh,Agra,Urban Metro Transit Extension,Cabinet Fast-Track,Stage 6: Land Possession & Handover,41.94,257,206,79.36,40.93,36.84,4.09,0.9,26,0.929,4,37,2,0,2,1,0,0,63,348,-22,0.98,99.0,0.362,4,0.557,1,145
LA-2026-2086,Maharashtra,Aurangabad,Major Irrigation & Canal,High,Stage 1: Preliminary Survey & SIA,86.84,715,726,275.65,120.35,15.53,104.82,0.129,33,1.0,2,52,13,1,15,0,1,0,132,273,212,0.98,55.3,0.298,0,0.98,1,160
LA-2026-2087,Odisha,Angul,Urban Metro Transit Extension,Normal,Stage 1: Preliminary Survey & SIA,42.24,139,96,163.58,68.47,12.8,55.67,0.187,18,0.6,1,102,6,1,8,0,0,0,104,289,-61,0.98,99.0,0.456,2,0.98,1,145
LA-2026-2088,Gujarat,Rajkot,Rural Road Connectivity (PMGSY),Cabinet Fast-Track,Stage 4: Section 19 Declaration,74.21,458,397,163.54,65.7,11.37,54.33,0.173,29,0.906,1,113,5,0,5,0,0,0,151,333,231,0.98,58.1,0.157,5,0.819,1,178
LA-2026-2089,Karnataka,Mysuru,Industrial Smart City Corridor,Normal,Stage 3: Section 15 Hearing & Objections,134.63,372,340,324.22,162.38,3.57,158.81,0.022,19,0.633,3,22,7,0,7,0,0,0,89,286,-85,0.98,99.0,0.265,1,0.762,1,169
LA-2026-2090,Tamil Nadu,Coimbatore,Rural Road Connectivity (PMGSY),Cabinet Fast-Track,Stage 3: Section 15 Hearing & Objections,44.58,168,116,261.42,124.13,3.85,120.28,0.031,1,0.029,8,60,1,0,1,0,0,0,169,238,-2,0.98,99.0,0.246,3,0.655,1,152
LA-2026-2091,Maharashtra,Nashik,High-Speed Rail / DFC,High,Stage 6: Land Possession & Handover,53.29,340,297,230.29,74.39,64.2,10.19,0.863,10,0.526,5,83,8,1,10,0,1,0,165,296,117,0.98,70.7,0.19,2,0.762,1,148
LA-2026-2092,Maharashtra,Thane,Major Irrigation & Canal,Normal,Stage 5: Valuation & Compensation Award,5.1,67,60,95.61,38.51,24.07,14.44,0.625,25,0.862,2,51,1,0,1,0,0,0,17,379,245,0.98,59.8,0.459,3,0.471,0,0
LA-2026-2093,Tamil Nadu,Kanchipuram,Rural Road Connectivity (PMGSY),Cabinet Fast-Track,Stage 2: Section 11 Notification,46.34,130,79,222.74,92.43,10.35,82.08,0.112,4,0.125,3,1,3,0,3,0,1,0,114,382,185,0.98,66.4,0.346,6,0.761,1,133
LA-2026-2094,Gujarat,Surat,Rural Road Connectivity (PMGSY),Critical,Stage 3: Section 15 Hearing & Objections,6.2,86,81,114.78,49.23,1.48,47.75,0.03,8,0.444,6,69,1,0,1,0,0,0,74,153,371,0.98,28.2,0.204,6,0.529,1,126
LA-2026-2095,Tamil Nadu,Kanchipuram,Rural Road Connectivity (PMGSY),Normal,Stage 5: Valuation & Compensation Award,71.14,414,303,181.62,57.82,46.2,11.62,0.799,0,0.0,8,55,10,0,10,0,0,0,67,274,74,0.98,77.8,0.328,0,0.598,1,101
LA-2026-2096,Madhya Pradesh,Ujjain,High-Speed Rail / DFC,Normal,Stage 1: Preliminary Survey & SIA,148.51,716,462,282.99,93.48,7.01,86.47,0.075,0,0.0,0,0,12,0,12,1,0,1,166,446,-69,0.98,99.0,0.237,5,0.861,1,244
LA-2026-2097,Uttar Pradesh,Noida,National Highway Corridor,Cabinet Fast-Track,Stage 3: Section 15 Hearing & Objections,22.9,177,172,204.83,99.36,8.15,91.21,0.082,18,1.0,7,82,3,0,3,1,0,1,143,352,9,0.98,96.5,0.513,2,0.854,1,398
LA-2026-2098,Tamil Nadu,Kanchipuram,Major Irrigation & Canal,Cabinet Fast-Track,Stage 3: Section 15 Hearing & Objections,10.78,109,92,40.71,20.96,0.59,20.37,0.028,11,0.846,7,113,2,0,2,0,0,0,51,430,38,0.98,90.9,0.37,5,0.77,1,129
LA-2026-2099,Gujarat,Bharuch,High-Speed Rail / DFC,Critical,Stage 6: Land Possession & Handover,46.63,282,257,188.39,63.8,63.35,0.45,0.993,12,0.444,0,0,1,0,1,0,0,1,170,281,-7,0.98,99.0,0.238,6,0.501,1,128
LA-2026-2100,Tamil Nadu,Kanchipuram,Major Irrigation & Canal,Critical,Stage 3: Section 15 Hearing & Objections,471.94,2914,1867,1058.08,456.94,32.9,424.04,0.072,7,0.269,1,119,56,1,59,0,1,0,61,131,248,0.98,33.6,0.358,3,0.864,1,187
LA-2026-2101,Uttar Pradesh,Agra,Renewable Energy Solar Park,Normal,Stage 3: Section 15 Hearing & Objections,17.78,130,105,28.62,11.7,0.39,11.31,0.033,6,0.182,1,77,3,0,3,0,1,0,52,134,56,0.98,69.5,0.343,3,0.647,1,385
LA-2026-2102,Karnataka,Mangaluru,Urban Metro Transit Extension,Critical,Stage 1: Preliminary Survey & SIA,64.23,317,200,227.3,85.59,1.28,84.31,0.015,11,0.367,6,15,6,1,10,0,0,0,149,537,121,0.98,80.6,0.319,2,0.876,1,148
LA-2026-2103,Maharashtra,Nagpur,Rural Road Connectivity (PMGSY),Critical,Stage 3: Section 15 Hearing & Objections,104.66,364,380,312.36,159.41,7.49,151.92,0.047,1,0.036,1,55,5,1,6,1,0,0,85,232,92,0.98,70.6,0.296,0,0.863,1,286
LA-2026-2104,Madhya Pradesh,Gwalior,Renewable Energy Solar Park,Normal,Stage 2: Section 11 Notification,83.89,490,494,395.48,195.22,24.99,170.23,0.128,5,0.179,2,9,7,1,9,0,0,0,180,541,113,0.98,81.7,0.315,4,0.98,1,189
LA-2026-2105,Gujarat,Ahmedabad,Urban Metro Transit Extension,High,Stage 3: Section 15 Hearing & Objections,49.41,298,317,191.92,82.3,12.92,69.38,0.157,17,0.567,5,94,8,0,8,0,0,0,53,459,252,0.98,63.6,0.215,6,0.683,1,130
LA-2026-2106,Madhya Pradesh,Indore,Rural Road Connectivity (PMGSY),High,Stage 5: Valuation & Compensation Award,133.35,824,682,484.69,193.02,159.82,33.2,0.828,20,0.606,6,3,13,1,17,1,0,0,149,211,496,0.98,28.9,0.226,4,0.636,1,130
LA-2026-2107,Madhya Pradesh,Gwalior,Urban Metro Transit Extension,Normal,Stage 5: Valuation & Compensation Award,221.06,921,571,757.58,309.35,225.52,83.83,0.729,15,0.625,3,115,14,0,14,1,0,0,25,746,-77,0.98,99.0,0.4,2,0.617,1,208
LA-2026-2108,Maharashtra,Nashik,Renewable Energy Solar Park,High,Stage 1: Preliminary Survey & SIA,198.59,569,372,525.32,135.7,18.46,117.24,0.136,22,0.688,5,86,7,1,11,0,1,0,67,122,233,0.98,33.4,0.263,2,0.918,1,187
LA-2026-2109,Rajasthan,Jaipur,Urban Metro Transit Extension,Critical,Stage 3: Section 15 Hearing & Objections,92.19,402,341,349.52,90.48,2.53,87.95,0.028,20,0.714,2,9,7,0,7,0,0,0,28,405,-72,0.98,99.0,0.26,6,0.828,1,181
LA-2026-2110,Maharashtra,Aurangabad,Renewable Energy Solar Park,Critical,Stage 3: Section 15 Hearing & Objections,78.72,529,413,285.41,132.59,3.31,129.28,0.025,9,0.31,8,111,8,1,10,0,0,0,165,668,-48,0.98,99.0,0.306,6,0.917,1,198
LA-2026-2111,Maharashtra,Aurangabad,Urban Metro Transit Extension,High,Stage 2: Section 11 Notification,90.46,740,614,276.9,111.61,7.59,104.02,0.068,9,0.321,2,38,11,0,11,0,0,0,74,642,-19,0.98,99.0,0.315,5,0.929,1,125
LA-2026-2112,Uttar Pradesh,Lucknow,Industrial Smart City Corridor,Critical,Stage 5: Valuation & Compensation Award,77.76,286,186,393.06,107.52,46.13,61.39,0.429,28,0.824,1,45,5,0,5,0,0,0,19,498,201,0.98,70.3,0.373,3,0.721,1,93
LA-2026-2113,Karnataka,Mangaluru,Rural Road Connectivity (PMGSY),High,Stage 2: Section 11 Notification,218.56,679,475,733.86,372.11,72.56,299.55,0.195,9,0.643,1,92,14,0,14,0,0,0,107,311,331,0.98,47.5,0.294,3,0.836,1,263
LA-2026-2114,Gujarat,Bharuch,Renewable Energy Solar Park,Cabinet Fast-Track,Stage 5: Valuation & Compensation Award,102.04,627,579,386.61,165.07,121.33,43.74,0.735,10,0.625,8,73,12,1,13,0,0,0,49,765,-76,0.98,99.0,0.269,0,0.701,1,93
LA-2026-2115,Madhya Pradesh,Indore,Urban Metro Transit Extension,High,Stage 5: Valuation & Compensation Award,571.39,4728,4904,1693.62,617.02,298.02,319.0,0.483,23,0.697,6,48,69,0,69,0,1,0,17,167,66,0.98,70.7,0.226,5,0.76,1,169
LA-2026-2116,Uttar Pradesh,Varanasi,Industrial Smart City Corridor,High,Stage 1: Preliminary Survey & SIA,70.33,310,231,336.5,110.49,10.17,100.32,0.092,5,0.25,8,50,3,0,3,0,1,0,78,413,117,0.98,76.9,0.433,6,0.762,1,134
LA-2026-2117,Tamil Nadu,Coimbatore,Urban Metro Transit Extension,High,Stage 3: Section 15 Hearing & Objections,92.25,338,272,208.31,77.17,13.35,63.82,0.173,17,0.486,6,106,8,0,8,1,0,0,146,379,-63,0.98,99.0,0.264,4,0.864,1,296
LA-2026-2118,Uttar Pradesh,Noida,Major Irrigation & Canal,High,Stage 5: Valuation & Compensation Award,71.46,618,548,163.83,57.19,32.37,24.82,0.566,24,0.828,5,92,8,0,8,0,0,0,57,197,64,0.98,74.5,0.481,1,0.823,1,106
LA-2026-2119,Gujarat,Rajkot,Renewable Energy Solar Park,High,Stage 5: Valuation & Compensation Award,148.95,1023,838,408.8,170.36,139.18,31.18,0.817,23,0.742,1,28,12,0,12,1,0,0,145,205,202,0.98,49.4,0.14,2,0.813,1,166
LA-2026-2120,Odisha,Khurda,Urban Metro Transit Extension,Cabinet Fast-Track,Stage 2: Section 11 Notification,41.67,380,272,91.04,40.01,5.44,34.57,0.136,0,0.0,5,96,6,0,6,0,0,0,153,425,24,0.98,93.7,0.381,1,0.808,1,180
LA-2026-2121,Tamil Nadu,Tiruchirappalli,National Highway Corridor,Normal,Stage 2: Section 11 Notification,130.82,1100,806,328.65,127.38,14.78,112.6,0.116,5,0.185,0,0,19,1,22,1,1,0,163,276,19,0.98,92.6,0.218,1,0.98,1,183
LA-2026-2122,Madhya Pradesh,Jabalpur,National Highway Corridor,Critical,Stage 2: Section 11 Notification,84.37,315,287,303.02,150.06,21.91,128.15,0.146,6,0.273,1,27,4,0,4,0,0,0,93,140,504,0.98,20.8,0.328,3,0.682,1,118
LA-2026-2123,Uttar Pradesh,Varanasi,Rural Road Connectivity (PMGSY),Cabinet Fast-Track,Stage 4: Section 19 Declaration,27.66,148,90,161.13,50.12,26.66,23.46,0.532,17,0.548,2,89,1,0,1,0,0,0,14,76,428,0.98,14.1,0.447,6,0.263,0,0
LA-2026-2124,Uttar Pradesh,Lucknow,Rural Road Connectivity (PMGSY),Critical,Stage 3: Section 15 Hearing & Objections,77.33,667,730,190.62,67.89,8.21,59.68,0.121,3,0.107,8,60,10,0,10,0,0,0,167,422,225,0.98,64.2,0.336,0,0.823,1,517
LA-2026-2125,Tamil Nadu,Madurai,High-Speed Rail / DFC,High,Stage 1: Preliminary Survey & SIA,49.38,317,216,109.77,53.53,1.45,52.08,0.027,12,0.522,2,113,3,0,3,0,0,0,152,569,137,0.98,79.6,0.316,3,0.821,1,145
LA-2026-2126,Madhya Pradesh,Bhopal,Industrial Smart City Corridor,Cabinet Fast-Track,Stage 5: Valuation & Compensation Award,78.45,325,198,215.19,103.0,58.81,44.19,0.571,9,0.45,2,17,3,0,3,0,0,0,123,581,59,0.98,89.8,0.309,5,0.602,1,269
LA-2026-2127,Tamil Nadu,Tiruchirappalli,Urban Metro Transit Extension,Critical,Stage 2: Section 11 Notification,12.8,116,124,62.64,28.43,0.74,27.69,0.026,18,0.529,2,64,2,0,2,0,0,0,91,402,210,0.98,64.7,0.236,0,0.804,1,120
LA-2026-2128,Madhya Pradesh,Jabalpur,National Highway Corridor,High,Stage 2: Section 11 Notification,6.8,58,46,104.3,40.56,5.23,35.33,0.129,11,0.524,3,75,0,0,0,1,0,1,49,51,169,0.98,22.2,0.346,6,0.495,1,130
LA-2026-2129,Uttar Pradesh,Noida,Rural Road Connectivity (PMGSY),Critical,Stage 2: Section 11 Notification,145.6,619,406,273.76,132.08,16.77,115.31,0.127,15,0.682,0,0,7,0,7,0,0,0,92,32,361,0.98,7.2,0.489,5,0.674,1,152
LA-2026-2130,Uttar Pradesh,Noida,Industrial Smart City Corridor,Critical,Stage 3: Section 15 Hearing & Objections,110.23,775,714,295.36,124.83,21.22,103.61,0.17,18,0.75,7,18,9,0,9,0,0,0,108,661,56,0.98,91.2,0.522,3,0.94,1,192
LA-2026-2131,Rajasthan,Kota,Urban Metro Transit Extension,Cabinet Fast-Track,Stage 6: Land Possession & Handover,126.65,731,676,404.75,140.07,95.81,44.26,0.684,23,0.821,2,117,6,0,6,0,0,0,103,96,90,0.98,50.6,0.218,6,0.751,1,118
LA-2026-2132,Gujarat,Bharuch,Rural Road Connectivity (PMGSY),Normal,Stage 2: Section 11 Notification,9.33,63,62,94.86,35.95,6.04,29.91,0.168,6,0.375,2,112,0,0,0,1,0,0,26,127,189,0.98,39.2,0.242,0,0.417,0,0
LA-2026-2133,Maharashtra,Nashik,Urban Metro Transit Extension,Normal,Stage 1: Preliminary Survey & SIA,117.51,705,478,425.65,129.54,12.05,117.49,0.093,15,0.75,2,26,5,0,5,1,1,0,116,280,432,0.98,38.3,0.239,3,0.943,1,150
LA-2026-2134,Madhya Pradesh,Ujjain,Urban Metro Transit Extension,Normal,Stage 1: Preliminary Survey & SIA,20.85,66,62,70.0,35.79,1.86,33.93,0.052,15,0.652,7,41,2,0,2,0,0,0,56,211,435,0.98,31.7,0.236,2,0.651,1,180
LA-2026-2135,Rajasthan,Jodhpur,Major Irrigation & Canal,High,Stage 6: Land Possession & Handover,151.49,995,599,488.89,171.29,148.68,22.61,0.868,5,0.161,8,104,13,0,13,0,0,0,46,196,17,0.98,91.0,0.299,4,0.63,1,114
LA-2026-2136,Karnataka,Bengaluru Rural,Major Irrigation & Canal,Normal,Stage 1: Preliminary Survey & SIA,64.75,409,424,278.22,97.08,4.17,92.91,0.043,15,1.0,2,8,13,0,13,0,0,0,122,397,-31,0.98,99.0,0.526,1,0.964,1,252
LA-2026-2137,Gujarat,Ahmedabad,Industrial Smart City Corridor,High,Stage 5: Valuation & Compensation Award,107.64,778,679,415.19,111.41,78.32,33.09,0.703,13,0.419,6,112,13,1,14,0,0,0,155,325,13,0.98,95.2,0.199,4,0.839,1,155
LA-2026-2138,Uttar Pradesh,Noida,High-Speed Rail / DFC,High,Stage 2: Section 11 Notification,152.29,1077,677,295.96,134.76,24.12,110.64,0.179,22,0.957,3,101,13,0,13,1,0,0,177,196,154,0.98,55.0,0.507,3,0.94,1,180
LA-2026-2139,Uttar Pradesh,Agra,Urban Metro Transit Extension,Cabinet Fast-Track,Stage 5: Valuation & Compensation Award,118.56,897,882,515.83,193.45,85.89,107.56,0.444,9,0.375,3,120,19,1,22,1,0,0,51,254,430,0.98,36.2,0.354,6,0.834,1,123
LA-2026-2140,Rajasthan,Udaipur,Urban Metro Transit Extension,Normal,Stage 5: Valuation & Compensation Award,33.25,197,132,201.92,71.63,27.86,43.77,0.389,0,0.0,2,73,7,1,8,0,0,0,159,648,-11,0.98,99.0,0.223,4,0.799,1,186
LA-2026-2141,Rajasthan,Udaipur,Major Irrigation & Canal,Normal,Stage 3: Section 15 Hearing & Objections,62.65,276,171,211.52,59.98,1.8,58.18,0.03,16,1.0,3,16,3,0,3,0,0,0,93,754,-72,0.98,99.0,0.248,0,0.783,1,118
LA-2026-2142,Gujarat,Vadodara,Major Irrigation & Canal,Normal,Stage 4: Section 19 Declaration,13.52,83,85,61.91,26.3,10.6,15.7,0.403,4,0.308,8,62,0,0,0,0,0,0,19,118,254,0.98,30.7,0.147,4,0.359,0,0
LA-2026-2143,Rajasthan,Kota,Urban Metro Transit Extension,High,Stage 2: Section 11 Notification,66.92,274,275,279.72,131.28,24.29,106.99,0.185,7,0.412,8,50,2,0,2,0,0,0,101,556,5,0.98,98.1,0.249,6,0.708,1,115
LA-2026-2144,Maharashtra,Nagpur,National Highway Corridor,Critical,Stage 4: Section 19 Declaration,15.33,137,85,138.73,48.29,15.94,32.35,0.33,5,0.156,5,14,4,0,4,0,0,0,109,502,-81,0.98,99.0,0.274,6,0.666,1,135
LA-2026-2145,Uttar Pradesh,Lucknow,Rural Road Connectivity (PMGSY),High,Stage 4: Section 19 Declaration,6.12,73,68,140.64,68.21,9.96,58.25,0.146,22,0.629,0,0,2,0,2,1,0,0,160,428,-77,0.98,99.0,0.414,6,0.709,1,149
LA-2026-2146,Karnataka,Bengaluru Rural,Renewable Energy Solar Park,High,Stage 1: Preliminary Survey & SIA,224.88,834,679,797.86,374.66,8.62,366.04,0.023,18,1.0,7,11,5,0,5,0,0,0,31,511,94,0.98,83.5,0.501,5,0.761,1,377
LA-2026-2147,Gujarat,Ahmedabad,High-Speed Rail / DFC,High,Stage 2: Section 11 Notification,21.6,164,173,142.63,45.3,1.04,44.26,0.023,8,0.242,0,0,5,1,6,0,1,0,129,449,202,0.98,68.0,0.207,0,0.98,1,293
LA-2026-2148,Uttar Pradesh,Prayagraj,Urban Metro Transit Extension,Normal,Stage 4: Section 19 Declaration,113.65,680,504,164.9,69.59,8.28,61.31,0.119,33,1.0,7,119,8,1,10,0,0,0,97,400,-81,0.98,99.0,0.415,2,0.935,1,135
LA-2026-2149,Karnataka,Mangaluru,National Highway Corridor,High,Stage 2: Section 11 Notification,44.01,317,253,165.31,59.4,1.07,58.33,0.018,9,0.562,2,12,4,0,4,1,0,0,36,563,-75,0.98,99.0,0.306,4,0.714,1,161
LA-2026-2150,Gujarat,Vadodara,Rural Road Connectivity (PMGSY),Normal,Stage 1: Preliminary Survey & SIA,6.23,91,68,75.13,19.25,0.06,19.19,0.003,18,0.581,6,16,1,0,1,0,1,0,48,167,347,0.98,31.5,0.176,6,0.568,1,82
LA-2026-2151,Odisha,Jajpur,Urban Metro Transit Extension,Cabinet Fast-Track,Stage 5: Valuation & Compensation Award,25.21,102,98,125.37,57.06,38.91,18.15,0.682,22,0.647,2,99,1,0,1,0,1,0,64,30,217,0.98,11.2,0.37,0,0.47,0,0
LA-2026-2152,Karnataka,Dharwad,National Highway Corridor,High,Stage 4: Section 19 Declaration,428.86,2206,2359,1098.55,491.61,236.46,255.15,0.481,10,0.345,8,46,24,0,24,1,0,1,101,247,128,0.98,64.9,0.209,0,0.867,1,138
LA-2026-2153,Gujarat,Ahmedabad,High-Speed Rail / DFC,Cabinet Fast-Track,Stage 6: Land Possession & Handover,134.57,914,797,403.15,190.26,135.27,54.99,0.711,10,0.323,7,29,9,0,9,1,0,0,102,156,456,0.98,24.5,0.236,5,0.599,1,104
LA-2026-2154,Uttar Pradesh,Agra,Major Irrigation & Canal,Normal,Stage 6: Land Possession & Handover,78.16,325,284,148.54,59.87,43.59,16.28,0.728,16,0.762,1,43,2,0,2,0,1,0,42,96,317,0.98,22.3,0.374,5,0.486,1,130
LA-2026-2155,Maharashtra,Nagpur,Urban Metro Transit Extension,Critical,Stage 3: Section 15 Hearing & Objections,69.48,339,274,258.95,121.24,23.16,98.08,0.191,9,0.75,5,116,7,0,7,0,0,0,41,60,375,0.98,12.8,0.307,3,0.692,1,530
LA-2026-2156,Odisha,Angul,Rural Road Connectivity (PMGSY),Critical,Stage 2: Section 11 Notification,28.01,224,163,139.36,42.02,7.94,34.08,0.189,21,0.7,5,47,5,1,7,1,0,0,123,219,27,0.98,88.0,0.433,1,0.98,1,356
LA-2026-2157,Tamil Nadu,Salem,Major Irrigation & Canal,Normal,Stage 5: Valuation & Compensation Award,46.21,299,249,255.51,102.6,62.07,40.53,0.605,3,0.2,0,0,8,1,12,1,0,0,25,314,-89,0.98,99.0,0.186,6,0.729,1,147
LA-2026-2158,Uttar Pradesh,Agra,High-Speed Rail / DFC,Cabinet Fast-Track,Stage 2: Section 11 Notification,19.39,112,102,59.03,20.47,0.43,20.04,0.021,3,0.107,5,57,2,0,2,0,0,1,13,308,-85,0.98,99.0,0.35,2,0.468,0,0
LA-2026-2159,Maharashtra,Nashik,National Highway Corridor,High,Stage 4: Section 19 Declaration,110.27,708,774,428.07,192.08,63.58,128.5,0.331,7,0.467,0,0,4,0,4,1,1,1,125,239,-16,0.98,99.0,0.259,6,0.859,1,347
LA-2026-2160,Tamil Nadu,Madurai,Renewable Energy Solar Park,Critical,Stage 4: Section 19 Declaration,127.03,763,648,347.65,142.87,27.29,115.58,0.191,3,0.176,3,3,6,1,10,0,0,0,112,234,253,0.98,47.1,0.235,2,0.895,1,153
LA-2026-2161,Rajasthan,Alwar,Urban Metro Transit Extension,Cabinet Fast-Track,Stage 1: Preliminary Survey & SIA,76.57,400,354,357.64,95.35,11.54,83.81,0.121,3,0.167,8,0,15,1,17,1,0,0,17,284,155,0.98,63.7,0.402,3,0.727,1,138
LA-2026-2162,Tamil Nadu,Salem,Major Irrigation & Canal,Cabinet Fast-Track,Stage 2: Section 11 Notification,47.59,324,209,188.6,92.13,15.29,76.84,0.166,2,0.067,8,30,4,0,4,0,0,0,100,70,262,0.98,20.1,0.179,0,0.687,1,149
LA-2026-2163,Maharashtra,Thane,Major Irrigation & Canal,Cabinet Fast-Track,Stage 3: Section 15 Hearing & Objections,128.04,504,363,380.59,132.71,15.66,117.05,0.118,1,0.031,1,101,5,1,9,0,1,0,94,189,93,0.98,66.0,0.44,2,0.967,1,267
LA-2026-2164,Maharashtra,Pune,Urban Metro Transit Extension,Critical,Stage 2: Section 11 Notification,97.04,534,505,366.21,197.55,26.47,171.08,0.134,13,0.929,4,73,12,1,14,0,0,0,151,308,113,0.98,72.2,0.309,1,0.979,1,222
LA-2026-2165,Maharashtra,Thane,Renewable Energy Solar Park,Normal,Stage 2: Section 11 Notification,108.12,945,942,218.02,74.13,8.75,65.38,0.118,31,1.0,3,82,9,1,13,0,0,0,111,538,-54,0.98,99.0,0.406,3,0.884,1,525
LA-2026-2166,Tamil Nadu,Kanchipuram,Major Irrigation & Canal,Cabinet Fast-Track,Stage 4: Section 19 Declaration,24.32,151,165,55.26,15.98,6.17,9.81,0.386,1,0.048,7,61,3,0,3,1,0,0,134,140,192,0.98,41.2,0.326,6,0.721,1,221
LA-2026-2167,Odisha,Angul,High-Speed Rail / DFC,High,Stage 6: Land Possession & Handover,12.85,89,89,150.0,56.69,44.1,12.59,0.778,18,0.581,1,78,1,0,1,1,0,0,161,715,-8,0.98,99.0,0.487,1,0.742,1,171
LA-2026-2168,Madhya Pradesh,Indore,National Highway Corridor,High,Stage 4: Section 19 Declaration,57.39,390,295,227.79,70.0,10.15,59.85,0.145,27,0.931,2,13,4,0,4,1,1,0,127,293,-61,0.98,99.0,0.233,0,0.93,1,224
LA-2026-2169,Tamil Nadu,Kanchipuram,Rural Road Connectivity (PMGSY),Normal,Stage 5: Valuation & Compensation Award,196.14,858,650,677.83,280.87,232.84,48.03,0.829,28,0.903,2,114,15,1,19,0,0,0,141,615,-57,0.98,99.0,0.325,5,0.846,1,150
LA-2026-2170,Tamil Nadu,Tiruchirappalli,National Highway Corridor,Normal,Stage 4: Section 19 Declaration,116.51,384,299,431.52,184.29,66.53,117.76,0.361,4,0.138,2,97,5,1,8,0,0,0,87,296,292,0.98,49.4,0.238,4,0.788,1,252
LA-2026-2171,Odisha,Angul,National Highway Corridor,High,Stage 2: Section 11 Notification,94.78,551,569,329.32,85.39,1.62,83.77,0.019,6,0.462,7,40,10,0,10,0,0,0,148,162,44,0.98,77.7,0.467,0,0.93,1,183
LA-2026-2172,Tamil Nadu,Tiruchirappalli,Major Irrigation & Canal,Normal,Stage 1: Preliminary Survey & SIA,58.43,518,405,285.26,150.51,4.97,145.54,0.033,21,0.778,4,101,4,0,4,0,0,0,140,110,156,0.98,40.4,0.239,4,0.849,1,147
LA-2026-2173,Gujarat,Rajkot,Urban Metro Transit Extension,Cabinet Fast-Track,Stage 4: Section 19 Declaration,90.14,692,552,304.84,144.78,31.13,113.65,0.215,4,0.308,0,0,8,0,8,1,0,0,172,710,-42,0.98,99.0,0.122,0,0.877,1,197
LA-2026-2174,Madhya Pradesh,Bhopal,Industrial Smart City Corridor,Cabinet Fast-Track,Stage 6: Land Possession & Handover,256.84,1490,1347,709.69,281.03,259.39,21.64,0.923,5,0.263,7,36,26,0,26,0,0,0,174,595,91,0.98,85.8,0.281,5,0.659,1,150
LA-2026-2175,Madhya Pradesh,Jabalpur,National Highway Corridor,Cabinet Fast-Track,Stage 4: Section 19 Declaration,120.11,849,641,453.1,183.66,95.14,88.52,0.518,2,0.062,6,89,13,0,13,0,0,0,84,216,371,0.98,35.8,0.325,4,0.709,1,108
LA-2026-2176,Madhya Pradesh,Bhopal,Industrial Smart City Corridor,Cabinet Fast-Track,Stage 2: Section 11 Notification,212.78,618,527,358.55,125.77,3.52,122.25,0.028,0,0.0,2,71,18,1,22,0,0,0,26,185,314,0.98,36.1,0.318,6,0.706,1,389
LA-2026-2177,Karnataka,Dharwad,Industrial Smart City Corridor,High,Stage 3: Section 15 Hearing & Objections,25.72,164,160,180.89,85.32,3.92,81.4,0.046,17,0.85,6,68,5,0,5,1,0,0,66,617,77,0.98,87.9,0.223,2,0.867,1,133
LA-2026-2178,Madhya Pradesh,Gwalior,High-Speed Rail / DFC,Cabinet Fast-Track,Stage 2: Section 11 Notification,7.48,49,40,144.69,50.53,0.76,49.77,0.015,4,0.129,1,38,1,0,1,0,1,0,15,247,2,0.98,98.2,0.376,5,0.539,1,181
LA-2026-2179,Karnataka,Belagavi,Urban Metro Transit Extension,High,Stage 1: Preliminary Survey & SIA,8.92,58,42,48.61,24.34,3.5,20.84,0.144,7,0.467,3,60,0,0,0,0,0,0,114,395,-6,0.98,99.0,0.244,1,0.556,1,130
LA-2026-2180,Maharashtra,Thane,Industrial Smart City Corridor,Normal,Stage 1: Preliminary Survey & SIA,42.0,227,241,271.64,133.64,3.88,129.76,0.029,8,0.348,4,63,1,0,1,1,1,0,52,52,468,0.98,9.0,0.441,2,0.512,1,78
LA-2026-2181,Maharashtra,Nagpur,Urban Metro Transit Extension,Critical,Stage 2: Section 11 Notification,164.87,1291,1373,488.96,188.85,28.33,160.52,0.15,7,0.5,7,114,27,0,27,0,1,0,112,243,-35,0.98,99.0,0.28,2,0.779,1,168
LA-2026-2182,Maharashtra,Aurangabad,Renewable Energy Solar Park,Normal,Stage 2: Section 11 Notification,455.89,1237,1306,1022.95,398.6,62.58,336.02,0.157,8,0.533,1,56,20,1,21,0,0,0,47,594,58,0.98,90.1,0.324,3,0.766,1,222
LA-2026-2183,Madhya Pradesh,Jabalpur,Renewable Energy Solar Park,Cabinet Fast-Track,Stage 6: Land Possession & Handover,16.52,164,158,68.76,22.71,16.46,6.25,0.725,22,0.917,8,56,2,0,2,0,0,0,158,387,47,0.98,88.2,0.361,5,0.652,1,142
LA-2026-2184,Uttar Pradesh,Noida,Industrial Smart City Corridor,Critical,Stage 1: Preliminary Survey & SIA,137.65,1153,738,491.71,250.66,39.1,211.56,0.156,8,0.258,2,7,22,0,22,0,0,0,41,86,144,0.98,36.4,0.522,3,0.677,1,110
LA-2026-2185,Maharashtra,Thane,National Highway Corridor,Normal,Stage 6: Land Possession & Handover,131.29,556,454,434.7,204.71,188.95,15.76,0.923,19,1.0,8,96,13,0,13,1,0,0,25,246,14,0.98,93.6,0.476,5,0.663,1,80
LA-2026-2186,Gujarat,Ahmedabad,Renewable Energy Solar Park,Critical,Stage 2: Section 11 Notification,277.97,1128,1174,610.41,182.11,29.32,152.79,0.161,15,0.625,0,0,24,1,27,0,0,0,24,643,-82,0.98,99.0,0.209,2,0.865,1,321
LA-2026-2187,Gujarat,Ahmedabad,Industrial Smart City Corridor,Cabinet Fast-Track,Stage 6: Land Possession & Handover,21.31,160,152,197.61,87.5,63.96,23.54,0.731,13,0.481,0,0,3,0,3,0,1,0,120,475,-15,0.98,99.0,0.138,6,0.654,1,267
LA-2026-2188,Tamil Nadu,Madurai,Major Irrigation & Canal,Critical,Stage 5: Valuation & Compensation Award,255.99,1043,1123,903.42,401.19,289.66,111.53,0.722,9,0.75,7,100,19,0,19,0,1,0,147,378,255,0.98,58.7,0.278,4,0.762,1,397
LA-2026-2189,Maharashtra,Nashik,High-Speed Rail / DFC,High,Stage 1: Preliminary Survey & SIA,134.76,511,387,312.34,132.37,18.53,113.84,0.14,4,0.167,2,98,5,0,5,1,0,0,113,294,264,0.98,51.7,0.207,4,0.761,1,158
LA-2026-2190,Odisha,Sundargarh,National Highway Corridor,Normal,Stage 4: Section 19 Declaration,191.34,1566,1418,601.02,189.97,59.65,130.32,0.314,5,0.333,2,37,31,1,35,0,0,0,57,194,421,0.98,30.6,0.409,3,0.811,1,119
LA-2026-2191,Gujarat,Vadodara,Renewable Energy Solar Park,Normal,Stage 4: Section 19 Declaration,29.88,123,79,123.46,49.31,14.1,35.21,0.286,8,0.471,1,11,2,0,2,0,0,0,30,83,125,0.98,38.9,0.167,2,0.549,1,122
LA-2026-2192,Madhya Pradesh,Bhopal,National Highway Corridor,Normal,Stage 2: Section 11 Notification,42.43,255,216,73.01,39.03,1.01,38.02,0.026,15,0.625,7,71,4,0,4,0,1,0,142,632,33,0.98,94.1,0.289,2,0.803,1,223
LA-2026-2193,Rajasthan,Jaipur,Rural Road Connectivity (PMGSY),Critical,Stage 4: Section 19 Declaration,75.93,254,215,338.66,91.57,15.93,75.64,0.174,5,0.25,6,9,1,0,1,1,1,0,114,397,-79,0.98,99.0,0.309,1,0.76,1,150
LA-2026-2194,Tamil Nadu,Coimbatore,Urban Metro Transit Extension,Cabinet Fast-Track,Stage 5: Valuation & Compensation Award,7.47,92,55,81.85,27.74,13.68,14.06,0.493,24,0.706,8,6,5,0,5,0,1,0,98,250,163,0.98,59.6,0.239,2,0.93,1,171
LA-2026-2195,Gujarat,Vadodara,High-Speed Rail / DFC,Normal,Stage 2: Section 11 Notification,224.32,876,840,611.43,330.94,16.88,314.06,0.051,11,0.55,4,6,12,1,16,0,0,0,93,287,131,0.98,67.7,0.18,5,0.961,1,165
LA-2026-2196,Gujarat,Surat,Rural Road Connectivity (PMGSY),Normal,Stage 6: Land Possession & Handover,17.92,163,123,92.3,23.75,19.36,4.39,0.815,28,0.824,4,98,3,0,3,0,0,0,49,129,194,0.98,39.0,0.228,3,0.609,1,150
LA-2026-2197,Uttar Pradesh,Agra,Major Irrigation & Canal,Cabinet Fast-Track,Stage 3: Section 15 Hearing & Objections,30.2,288,172,219.86,63.09,10.98,52.11,0.174,20,0.952,2,62,5,1,7,0,0,0,180,154,237,0.98,38.4,0.332,1,0.958,1,199
LA-2026-2198,Uttar Pradesh,Agra,Industrial Smart City Corridor,Normal,Stage 1: Preliminary Survey & SIA,10.25,53,42,94.54,29.44,1.5,27.94,0.051,7,0.292,0,0,0,0,0,0,1,0,165,64,178,0.98,25.5,0.374,3,0.589,1,217
LA-2026-2199,Karnataka,Belagavi,Urban Metro Transit Extension,High,Stage 1: Preliminary Survey & SIA,102.46,375,366,344.43,94.11,16.19,77.92,0.172,0,0.0,0,0,1,0,1,0,0,0,68,199,215,0.98,47.1,0.254,5,0.519,1,96
LA-2026-2200,Uttar Pradesh,Prayagraj,National Highway Corridor,Cabinet Fast-Track,Stage 4: Section 19 Declaration,14.36,155,101,167.09,42.53,13.27,29.26,0.312,28,1.0,1,107,2,0,2,0,0,1,83,547,118,0.98,81.3,0.38,5,0.735,1,295
LA-2026-2201,Odisha,Jajpur,Industrial Smart City Corridor,Cabinet Fast-Track,Stage 5: Valuation & Compensation Award,93.29,510,495,207.56,110.94,46.59,64.35,0.42,22,0.957,1,60,10,0,10,0,0,0,146,245,479,0.98,32.9,0.422,0,0.819,1,219
LA-2026-2202,Odisha,Sundargarh,Urban Metro Transit Extension,Normal,Stage 1: Preliminary Survey & SIA,29.83,151,138,227.53,87.46,9.45,78.01,0.108,21,0.75,4,111,1,0,1,0,0,0,138,497,232,0.98,67.2,0.453,4,0.765,1,145
LA-2026-2203,Madhya Pradesh,Ujjain,Renewable Energy Solar Park,High,Stage 6: Land Possession & Handover,20.5,130,84,144.9,53.31,42.22,11.09,0.792,18,0.667,2,107,3,0,3,1,0,0,90,186,56,0.98,75.9,0.241,1,0.633,1,406
LA-2026-2204,Tamil Nadu,Salem,High-Speed Rail / DFC,Normal,Stage 5: Valuation & Compensation Award,219.28,1291,1352,759.74,198.31,150.12,48.19,0.757,24,0.686,4,22,14,1,16,0,0,1,148,336,-65,0.98,99.0,0.154,1,0.792,1,194
LA-2026-2205,Karnataka,Mangaluru,Rural Road Connectivity (PMGSY),Normal,Stage 4: Section 19 Declaration,84.62,291,233,314.41,165.95,49.12,116.83,0.296,15,0.517,0,0,4,0,4,0,0,0,178,360,-65,0.98,99.0,0.317,4,0.673,1,485
LA-2026-2206,Karnataka,Mysuru,Renewable Energy Solar Park,Normal,Stage 1: Preliminary Survey & SIA,153.82,916,890,512.86,135.16,24.06,111.1,0.178,1,0.067,1,1,9,1,11,1,0,0,47,115,282,0.98,28.0,0.239,3,0.825,1,141
LA-2026-2207,Rajasthan,Alwar,Major Irrigation & Canal,Normal,Stage 6: Land Possession & Handover,212.01,1072,974,344.59,180.44,167.27,13.17,0.927,30,0.968,6,15,18,1,19,1,0,0,171,290,-80,0.98,99.0,0.401,0,0.84,1,161
LA-2026-2208,Tamil Nadu,Kanchipuram,Urban Metro Transit Extension,High,Stage 4: Section 19 Declaration,192.74,705,673,429.08,175.08,41.67,133.41,0.238,2,0.105,8,96,14,1,18,0,0,0,176,356,120,0.98,73.8,0.338,4,0.823,1,214
LA-2026-2209,Gujarat,Surat,Industrial Smart City Corridor,Critical,Stage 1: Preliminary Survey & SIA,81.9,332,332,251.93,91.97,13.8,78.17,0.15,3,0.25,0,0,6,0,6,0,1,0,18,130,373,0.98,24.9,0.21,6,0.624,1,117
LA-2026-2210,Tamil Nadu,Madurai,Urban Metro Transit Extension,Cabinet Fast-Track,Stage 5: Valuation & Compensation Award,71.62,561,589,389.12,188.09,125.64,62.45,0.668,2,0.059,6,55,11,0,11,0,1,0,15,199,57,0.98,76.8,0.282,0,0.54,1,72
LA-2026-2211,Madhya Pradesh,Jabalpur,Industrial Smart City Corridor,Normal,Stage 3: Section 15 Hearing & Objections,265.23,2279,1995,753.74,345.56,42.5,303.06,0.123,12,1.0,7,69,40,1,44,0,0,0,82,145,127,0.98,52.3,0.36,6,0.98,1,157
LA-2026-2212,Rajasthan,Jaipur,Renewable Energy Solar Park,Normal,Stage 2: Section 11 Notification,56.26,311,340,304.08,103.01,3.3,99.71,0.032,6,0.207,4,70,5,1,9,0,0,0,117,250,129,0.98,65.0,0.314,4,0.884,1,161
LA-2026-2213,Karnataka,Mangaluru,Major Irrigation & Canal,Normal,Stage 4: Section 19 Declaration,60.89,390,412,307.08,78.39,14.89,63.5,0.19,31,0.969,1,46,9,1,13,0,1,0,179,728,-7,0.98,99.0,0.333,3,0.98,1,210
LA-2026-2214,Madhya Pradesh,Bhopal,Urban Metro Transit Extension,High,Stage 4: Section 19 Declaration,170.69,483,446,539.4,245.43,128.85,116.58,0.525,22,0.88,5,58,4,0,4,0,0,0,43,74,128,0.98,35.7,0.282,6,0.616,1,96
LA-2026-2215,Gujarat,Rajkot,National Highway Corridor,Critical,Stage 3: Section 15 Hearing & Objections,158.09,807,855,381.82,142.17,27.58,114.59,0.194,12,0.857,7,46,21,1,24,1,0,1,45,218,-33,0.98,99.0,0.131,0,0.854,1,169
LA-2026-2216,Gujarat,Rajkot,Industrial Smart City Corridor,Cabinet Fast-Track,Stage 2: Section 11 Notification,90.68,391,389,277.26,99.52,11.74,87.78,0.118,4,0.267,4,11,7,0,7,0,0,0,29,431,-62,0.98,99.0,0.169,1,0.715,1,117
LA-2026-2217,Gujarat,Surat,Renewable Energy Solar Park,Cabinet Fast-Track,Stage 4: Section 19 Declaration,43.07,351,238,232.0,115.42,53.79,61.63,0.466,1,0.038,4,92,4,0,4,1,1,0,29,631,73,0.98,88.7,0.236,6,0.476,0,0
LA-2026-2218,Odisha,Jajpur,Industrial Smart City Corridor,Cabinet Fast-Track,Stage 3: Section 15 Hearing & Objections,287.11,1415,909,773.81,394.51,11.05,383.46,0.028,4,0.143,0,0,21,0,21,0,0,0,121,193,33,0.98,84.4,0.39,6,0.827,1,152
LA-2026-2219,Maharashtra,Aurangabad,National Highway Corridor,Normal,Stage 5: Valuation & Compensation Award,28.64,205,175,162.99,64.43,26.8,37.63,0.416,8,0.32,0,0,5,0,5,1,0,0,97,254,334,0.98,42.2,0.323,1,0.84,1,179
LA-2026-2220,Gujarat,Bharuch,Renewable Energy Solar Park,Critical,Stage 3: Section 15 Hearing & Objections,151.51,1169,1239,527.51,142.04,23.15,118.89,0.163,7,0.5,8,83,18,0,18,1,0,0,24,35,431,0.98,6.5,0.257,5,0.536,1,71
LA-2026-2221,Rajasthan,Jodhpur,National Highway Corridor,High,Stage 2: Section 11 Notification,6.28,91,64,37.83,14.72,0.18,14.54,0.012,0,0.0,7,8,1,0,1,0,0,0,148,229,25,0.98,89.2,0.248,0,0.576,1,132
LA-2026-2222,Uttar Pradesh,Lucknow,Renewable Energy Solar Park,Critical,Stage 3: Section 15 Hearing & Objections,141.34,853,896,452.91,233.17,34.98,198.19,0.15,2,0.133,5,23,13,0,13,1,0,0,128,462,-100,0.98,99.0,0.367,6,0.825,1,172
LA-2026-2223,Rajasthan,Jaipur,Rural Road Connectivity (PMGSY),High,Stage 3: Section 15 Hearing & Objections,16.5,134,118,36.61,16.29,1.03,15.26,0.063,12,0.857,6,75,1,0,1,1,0,0,128,46,178,0.98,19.6,0.304,2,0.673,1,186
LA-2026-2224,Uttar Pradesh,Prayagraj,Renewable Energy Solar Park,Critical,Stage 1: Preliminary Survey & SIA,60.37,232,173,188.92,79.44,6.59,72.85,0.083,9,0.281,8,59,4,0,4,0,1,0,68,330,185,0.98,63.1,0.395,6,0.653,1,244
LA-2026-2225,Madhya Pradesh,Jabalpur,High-Speed Rail / DFC,Critical,Stage 5: Valuation & Compensation Award,224.77,1302,870,778.59,377.94,155.33,222.61,0.411,5,0.143,8,118,16,1,20,0,0,1,115,148,515,0.98,21.3,0.341,6,0.721,1,158
LA-2026-2226,Uttar Pradesh,Lucknow,Industrial Smart City Corridor,Critical,Stage 4: Section 19 Declaration,30.43,184,112,216.56,87.53,16.81,70.72,0.192,25,0.758,3,87,1,0,1,0,0,0,153,210,127,0.98,61.3,0.359,6,0.714,1,150
LA-2026-2227,Odisha,Angul,Industrial Smart City Corridor,High,Stage 4: Section 19 Declaration,67.7,258,204,239.69,88.14,28.03,60.11,0.318,6,0.462,4,69,1,0,1,0,0,0,145,245,90,0.98,72.2,0.465,4,0.633,1,122
LA-2026-2228,Karnataka,Belagavi,Industrial Smart City Corridor,High,Stage 3: Section 15 Hearing & Objections,39.85,332,300,173.09,89.23,16.33,72.9,0.183,12,0.632,4,51,4,0,4,0,0,0,91,211,279,0.98,42.1,0.213,0,0.782,1,141
LA-2026-2229,Rajasthan,Alwar,Industrial Smart City Corridor,Normal,Stage 6: Land Possession & Handover,19.04,93,92,130.38,58.89,57.95,0.94,0.984,11,0.5,1,46,0,0,0,1,0,0,168,489,59,0.98,88.3,0.37,5,0.468,0,0
LA-2026-2230,Maharashtra,Aurangabad,National Highway Corridor,Critical,Stage 3: Section 15 Hearing & Objections,80.59,283,203,414.76,205.06,36.5,168.56,0.178,20,0.741,4,93,6,1,7,1,1,1,20,139,373,0.98,26.2,0.292,6,0.804,1,125
LA-2026-2231,Madhya Pradesh,Bhopal,Renewable Energy Solar Park,Normal,Stage 2: Section 11 Notification,42.62,122,92,101.26,38.51,5.28,33.23,0.137,24,0.727,0,0,1,0,1,1,0,0,123,332,184,0.98,63.4,0.263,3,0.794,1,193
LA-2026-2232,Odisha,Sundargarh,Industrial Smart City Corridor,Critical,Stage 4: Section 19 Declaration,249.47,1267,899,703.96,187.38,48.16,139.22,0.257,10,0.714,2,23,19,0,19,0,0,0,10,120,145,0.98,44.3,0.396,6,0.725,1,172
LA-2026-2233,Maharashtra,Pune,High-Speed Rail / DFC,Cabinet Fast-Track,Stage 2: Section 11 Notification,13.62,87,64,158.61,66.86,9.63,57.23,0.144,10,0.667,3,110,0,0,0,1,0,0,91,70,161,0.98,29.3,0.347,5,0.701,1,545
LA-2026-2234,Tamil Nadu,Salem,Urban Metro Transit Extension,Critical,Stage 4: Section 19 Declaration,51.32,435,416,172.76,87.51,29.05,58.46,0.332,3,0.111,7,90,9,1,11,0,0,0,21,319,309,0.98,49.8,0.209,5,0.63,1,91
LA-2026-2235,Odisha,Khurda,High-Speed Rail / DFC,Normal,Stage 5: Valuation & Compensation Award,114.07,986,829,520.93,201.31,82.94,118.37,0.412,13,0.394,4,98,11,0,11,0,1,1,83,231,-42,0.98,99.0,0.339,1,0.73,1,111
LA-2026-2236,Maharashtra,Nagpur,Major Irrigation & Canal,Normal,Stage 5: Valuation & Compensation Award,112.87,661,475,417.42,128.37,62.26,66.11,0.485,9,0.31,1,28,11,0,11,0,0,0,28,95,376,0.98,19.2,0.256,4,0.503,1,102
LA-2026-2237,Odisha,Jajpur,Rural Road Connectivity (PMGSY),High,Stage 1: Preliminary Survey & SIA,29.54,213,168,172.37,45.83,0.55,45.28,0.012,12,0.522,1,4,0,0,0,0,0,0,21,180,348,0.98,33.1,0.392,4,0.601,1,98
LA-2026-2238,Maharashtra,Pune,Major Irrigation & Canal,Cabinet Fast-Track,Stage 2: Section 11 Notification,84.14,385,380,236.38,116.5,23.18,93.32,0.199,22,0.917,7,61,6,1,8,0,0,0,149,67,173,0.98,26.9,0.306,1,0.98,1,314
LA-2026-2239,Karnataka,Mysuru,Renewable Energy Solar Park,Critical,Stage 4: Section 19 Declaration,80.54,337,270,158.04,81.83,42.88,38.95,0.524,6,0.5,7,58,6,0,6,1,0,0,15,260,303,0.98,45.2,0.198,1,0.621,1,91
LA-2026-2240,Gujarat,Vadodara,Rural Road Connectivity (PMGSY),Normal,Stage 5: Valuation & Compensation Award,28.62,194,141,134.89,48.78,25.12,23.66,0.515,8,0.364,2,115,3,0,3,0,0,0,107,247,438,0.98,35.1,0.219,2,0.596,1,242
LA-2026-2241,Gujarat,Bharuch,National Highway Corridor,High,Stage 2: Section 11 Notification,76.4,235,242,303.12,130.13,0.39,129.74,0.003,10,0.476,1,8,3,0,3,0,0,0,66,142,191,0.98,41.7,0.231,3,0.753,1,301
LA-2026-2242,Maharashtra,Thane,High-Speed Rail / DFC,Normal,Stage 3: Section 15 Hearing & Objections,86.46,742,631,243.1,121.71,2.19,119.52,0.018,0,0.0,2,113,5,0,5,0,1,1,74,552,51,0.98,90.6,0.44,0,0.852,1,117
LA-2026-2243,Tamil Nadu,Madurai,Major Irrigation & Canal,Critical,Stage 3: Section 15 Hearing & Objections,24.36,188,136,164.87,64.3,9.45,54.85,0.147,2,0.118,2,75,4,0,4,0,0,0,154,361,280,0.98,55.3,0.312,3,0.707,1,137
LA-2026-2244,Maharashtra,Nagpur,Rural Road Connectivity (PMGSY),High,Stage 3: Section 15 Hearing & Objections,16.0,124,135,115.46,44.7,3.17,41.53,0.071,9,0.265,7,47,3,0,3,1,0,0,12,438,-75,0.98,99.0,0.241,3,0.606,1,99
LA-2026-2245,Maharashtra,Aurangabad,High-Speed Rail / DFC,Normal,Stage 2: Section 11 Notification,288.6,1043,867,964.66,291.66,40.83,250.83,0.14,7,0.412,8,0,16,1,20,1,0,0,98,76,221,0.98,24.6,0.292,5,0.956,1,170
LA-2026-2246,Gujarat,Ahmedabad,Industrial Smart City Corridor,Normal,Stage 4: Section 19 Declaration,29.57,124,97,139.96,72.34,25.46,46.88,0.352,23,0.697,1,55,5,1,6,1,0,0,11,770,-90,0.98,99.0,0.251,4,0.764,1,84
LA-2026-2247,Uttar Pradesh,Prayagraj,Industrial Smart City Corridor,Cabinet Fast-Track,Stage 4: Section 19 Declaration,50.95,213,167,154.51,54.47,24.73,29.74,0.454,17,0.708,8,5,3,0,3,0,0,0,34,201,460,0.98,29.4,0.406,1,0.582,1,115
LA-2026-2248,Rajasthan,Udaipur,Rural Road Connectivity (PMGSY),High,Stage 3: Section 15 Hearing & Objections,52.2,423,403,179.64,72.85,2.48,70.37,0.034,18,0.643,7,115,4,0,4,0,0,0,49,653,-89,0.98,99.0,0.265,2,0.767,1,148
LA-2026-2249,Maharashtra,Pune,Renewable Energy Solar Park,High,Stage 4: Section 19 Declaration,11.38,137,135,46.12,18.79,7.67,11.12,0.408,2,0.154,8,27,3,0,3,0,0,0,10,196,472,0.98,28.4,0.286,6,0.533,1,70
LA-2026-2250,Karnataka,Mysuru,Urban Metro Transit Extension,High,Stage 2: Section 11 Notification,28.12,175,159,119.04,47.31,1.99,45.32,0.042,15,0.75,4,83,4,0,4,1,0,0,81,75,363,0.98,16.1,0.251,4,0.875,1,216
LA-2026-2251,Uttar Pradesh,Lucknow,Major Irrigation & Canal,Critical,Stage 2: Section 11 Notification,144.21,808,863,389.54,175.97,34.49,141.48,0.196,8,0.242,0,0,10,1,12,1,0,0,12,388,-8,0.98,99.0,0.376,1,0.811,1,316
LA-2026-2252,Karnataka,Mysuru,High-Speed Rail / DFC,Cabinet Fast-Track,Stage 5: Valuation & Compensation Award,65.79,333,347,318.22,153.51,121.89,31.62,0.794,11,0.579,3,5,2,0,2,0,0,0,36,160,387,0.98,28.3,0.232,0,0.413,0,0
LA-2026-2253,Madhya Pradesh,Jabalpur,Major Irrigation & Canal,High,Stage 4: Section 19 Declaration,28.44,98,68,89.86,38.07,10.58,27.49,0.278,14,0.737,7,58,1,0,1,0,1,0,162,206,32,0.98,85.6,0.313,4,0.611,1,185
LA-2026-2254,Karnataka,Mysuru,Rural Road Connectivity (PMGSY),Normal,Stage 5: Valuation & Compensation Award,211.57,1521,1187,582.57,254.06,196.39,57.67,0.773,6,0.429,1,60,15,1,16,1,0,0,163,112,91,0.98,54.2,0.267,4,0.789,1,181
LA-2026-2255,Karnataka,Bengaluru Rural,Rural Road Connectivity (PMGSY),Normal,Stage 2: Section 11 Notification,17.71,113,71,176.56,82.85,2.65,80.2,0.032,2,0.1,6,50,4,0,4,0,0,0,148,461,-28,0.98,99.0,0.465,1,0.723,1,255
LA-2026-2256,Uttar Pradesh,Agra,Major Irrigation & Canal,Normal,Stage 4: Section 19 Declaration,15.43,128,84,81.35,35.13,10.86,24.27,0.309,28,0.966,5,107,0,0,0,0,0,0,113,217,20,0.98,90.6,0.338,6,0.686,1,201
LA-2026-2257,Maharashtra,Nashik,High-Speed Rail / DFC,Cabinet Fast-Track,Stage 1: Preliminary Survey & SIA,23.15,113,97,134.29,48.19,2.94,45.25,0.061,11,0.458,5,7,2,0,2,0,0,1,141,322,-56,0.98,99.0,0.217,5,0.657,1,255
LA-2026-2258,Maharashtra,Nashik,Major Irrigation & Canal,Cabinet Fast-Track,Stage 3: Section 15 Hearing & Objections,42.25,284,301,172.74,89.07,5.34,83.73,0.06,13,0.433,5,1,4,0,4,0,1,0,67,223,270,0.98,44.3,0.244,1,0.823,1,130
LA-2026-2259,Gujarat,Surat,Major Irrigation & Canal,High,Stage 4: Section 19 Declaration,67.92,439,389,358.92,136.66,23.1,113.56,0.169,8,0.5,3,100,8,0,8,0,0,0,85,75,225,0.98,24.0,0.207,5,0.78,1,479
LA-2026-2260,Odisha,Jajpur,Urban Metro Transit Extension,High,Stage 6: Land Possession & Handover,50.47,300,283,67.36,22.51,22.06,0.45,0.98,8,0.615,7,76,4,0,4,0,0,0,172,555,152,0.98,77.5,0.399,3,0.686,1,161
LA-2026-2261,Gujarat,Surat,Urban Metro Transit Extension,Critical,Stage 6: Land Possession & Handover,20.7,149,90,52.77,20.19,13.89,6.3,0.688,21,0.7,6,33,3,0,3,0,0,0,163,366,-100,0.98,99.0,0.226,1,0.736,1,285
LA-2026-2262,Tamil Nadu,Salem,High-Speed Rail / DFC,Critical,Stage 1: Preliminary Survey & SIA,27.95,254,254,165.36,44.21,8.4,35.81,0.19,7,0.368,3,33,3,0,3,0,1,0,146,216,22,0.98,89.8,0.228,0,0.729,1,512
LA-2026-2263,Uttar Pradesh,Noida,Rural Road Connectivity (PMGSY),Cabinet Fast-Track,Stage 2: Section 11 Notification,25.35,113,109,112.39,52.02,7.18,44.84,0.138,14,0.609,6,117,1,0,1,0,0,0,78,221,-13,0.98,99.0,0.514,6,0.69,1,109
LA-2026-2264,Rajasthan,Alwar,Renewable Energy Solar Park,Critical,Stage 3: Section 15 Hearing & Objections,200.37,1407,1265,346.93,120.02,20.52,99.5,0.171,13,0.684,5,72,23,0,23,0,0,0,102,234,289,0.98,43.8,0.357,4,0.774,1,149
LA-2026-2265,Madhya Pradesh,Bhopal,Major Irrigation & Canal,High,Stage 2: Section 11 Notification,135.83,442,390,270.38,125.35,22.81,102.54,0.182,9,0.409,5,2,5,0,5,0,0,0,55,70,239,0.98,21.7,0.284,4,0.672,1,135
LA-2026-2266,Tamil Nadu,Tiruchirappalli,National Highway Corridor,Critical,Stage 3: Section 15 Hearing & Objections,30.68,260,274,145.36,61.3,2.21,59.09,0.036,11,0.5,6,50,5,1,9,0,0,0,46,640,-52,0.98,99.0,0.241,2,0.917,1,147
LA-2026-2267,Gujarat,Surat,Industrial Smart City Corridor,Normal,Stage 4: Section 19 Declaration,131.05,1096,1048,332.04,138.93,27.51,111.42,0.198,1,0.048,4,83,22,0,22,0,1,0,41,227,138,0.98,61.2,0.251,3,0.707,1,109
LA-2026-2268,Uttar Pradesh,Noida,Rural Road Connectivity (PMGSY),Critical,Stage 2: Section 11 Notification,99.06,459,496,348.02,136.33,18.0,118.33,0.132,18,0.692,6,28,3,0,3,0,1,0,24,397,1,0.98,98.8,0.488,5,0.636,1,260
LA-2026-2269,Maharashtra,Pune,Renewable Energy Solar Park,Normal,Stage 3: Section 15 Hearing & Objections,93.77,328,352,260.66,69.35,6.17,63.18,0.089,3,0.188,1,47,6,0,6,0,0,0,52,394,329,0.98,53.5,0.311,2,0.719,1,268
LA-2026-2270,Gujarat,Surat,Industrial Smart City Corridor,Critical,Stage 3: Section 15 Hearing & Objections,107.87,660,416,455.28,181.97,32.39,149.58,0.178,8,0.308,4,108,17,0,17,0,1,0,139,251,109,0.98,68.7,0.22,1,0.893,1,281
LA-2026-2271,Gujarat,Ahmedabad,Urban Metro Transit Extension,Cabinet Fast-Track,Stage 3: Section 15 Hearing & Objections,12.33,101,66,139.14,44.95,5.17,39.78,0.115,14,0.538,7,16,2,0,2,0,0,0,66,181,348,0.98,33.2,0.219,1,0.672,1,347
LA-2026-2272,Karnataka,Dharwad,National Highway Corridor,Normal,Stage 2: Section 11 Notification,111.01,931,998,410.65,147.85,15.82,132.03,0.107,22,0.647,2,104,13,0,13,1,0,0,171,53,190,0.98,20.8,0.229,4,0.757,1,183
LA-2026-2273,Maharashtra,Pune,National Highway Corridor,High,Stage 6: Land Possession & Handover,16.94,147,111,162.42,73.23,57.49,15.74,0.785,4,0.286,2,40,3,0,3,0,1,0,42,403,-41,0.98,99.0,0.313,4,0.461,0,0
LA-2026-2274,Tamil Nadu,Coimbatore,Renewable Energy Solar Park,Normal,Stage 5: Valuation & Compensation Award,8.51,49,30,59.39,22.21,18.79,3.42,0.846,25,0.893,1,63,1,0,1,0,1,0,111,420,-18,0.98,99.0,0.255,1,0.525,1,369
LA-2026-2275,Madhya Pradesh,Ujjain,Industrial Smart City Corridor,Critical,Stage 4: Section 19 Declaration,69.2,563,582,228.07,102.93,47.66,55.27,0.463,0,0.0,2,73,4,0,4,0,0,0,110,295,42,0.98,86.6,0.261,2,0.705,1,230
LA-2026-2276,Gujarat,Vadodara,Renewable Energy Solar Park,Critical,Stage 6: Land Possession & Handover,54.2,426,281,182.19,49.9,46.21,3.69,0.926,5,0.312,2,81,6,0,6,1,0,0,70,495,-97,0.98,99.0,0.206,4,0.569,1,203
LA-2026-2277,Gujarat,Ahmedabad,Industrial Smart City Corridor,Critical,Stage 5: Valuation & Compensation Award,36.22,287,298,162.12,54.4,31.5,22.9,0.579,4,0.211,3,54,5,0,5,0,0,0,100,430,-23,0.98,99.0,0.193,0,0.753,1,222
LA-2026-2278,Maharashtra,Aurangabad,Major Irrigation & Canal,Normal,Stage 4: Section 19 Declaration,45.85,386,396,160.58,81.65,14.62,67.03,0.179,25,0.926,1,97,10,0,10,0,0,0,165,229,142,0.98,60.7,0.322,0,0.884,1,171
LA-2026-2279,Maharashtra,Nashik,National Highway Corridor,High,Stage 1: Preliminary Survey & SIA,20.48,150,110,88.03,44.28,4.96,39.32,0.112,7,0.241,8,86,3,0,3,0,0,0,175,211,71,0.98,73.8,0.264,3,0.788,1,164
LA-2026-2280,Madhya Pradesh,Jabalpur,Renewable Energy Solar Park,Critical,Stage 6: Land Possession & Handover,157.95,1157,1044,324.19,145.98,144.96,1.02,0.993,14,0.636,4,16,16,1,18,0,1,0,61,519,73,0.98,86.7,0.32,1,0.648,1,109
LA-2026-2281,Maharashtra,Pune,Rural Road Connectivity (PMGSY),Critical,Stage 6: Land Possession & Handover,382.63,2867,2610,952.15,365.77,271.04,94.73,0.741,9,0.273,2,22,48,0,48,1,1,0,153,207,130,0.98,60.4,0.32,4,0.688,1,175
LA-2026-2282,Odisha,Sundargarh,Industrial Smart City Corridor,Normal,Stage 4: Section 19 Declaration,42.51,373,275,172.54,64.68,10.15,54.53,0.157,30,0.857,3,8,5,0,5,1,0,0,172,456,-28,0.98,99.0,0.4,6,0.905,1,185
LA-2026-2283,Rajasthan,Kota,National Highway Corridor,High,Stage 4: Section 19 Declaration,117.58,806,806,320.93,83.48,14.53,68.95,0.174,17,0.895,4,98,10,1,13,0,1,0,90,715,-38,0.98,99.0,0.27,1,0.98,1,138
LA-2026-2284,Madhya Pradesh,Bhopal,Renewable Energy Solar Park,Critical,Stage 4: Section 19 Declaration,46.34,174,104,280.89,76.75,10.13,66.62,0.132,30,0.857,5,49,1,0,1,0,0,0,156,264,324,0.98,43.9,0.294,0,0.763,1,273
LA-2026-2285,Odisha,Jajpur,Industrial Smart City Corridor,Normal,Stage 5: Valuation & Compensation Award,48.6,226,169,229.92,66.72,55.91,10.81,0.838,5,0.357,1,54,2,0,2,1,1,0,178,350,8,0.98,96.8,0.395,6,0.549,1,156
LA-2026-2286,Odisha,Jajpur,Major Irrigation & Canal,Critical,Stage 3: Section 15 Hearing & Objections,137.67,733,605,426.39,114.5,8.24,106.26,0.072,6,0.2,5,57,9,0,9,1,0,0,106,325,-52,0.98,99.0,0.386,0,0.795,1,124
LA-2026-2287,Gujarat,Ahmedabad,Industrial Smart City Corridor,High,Stage 1: Preliminary Survey & SIA,94.19,726,559,129.27,65.75,1.97,63.78,0.03,9,0.643,7,12,10,1,11,1,1,0,13,371,-29,0.98,99.0,0.185,1,0.828,1,123
LA-2026-2288,Madhya Pradesh,Ujjain,Major Irrigation & Canal,Cabinet Fast-Track,Stage 2: Section 11 Notification,118.45,570,613,383.01,159.92,13.59,146.33,0.085,30,1.0,8,60,9,1,11,0,0,0,19,445,199,0.98,68.1,0.268,6,0.953,1,143
LA-2026-2289,Gujarat,Surat,Major Irrigation & Canal,Cabinet Fast-Track,Stage 1: Preliminary Survey & SIA,55.02,484,514,205.74,54.03,5.89,48.14,0.109,33,0.971,8,79,5,0,5,0,0,0,96,265,-57,0.98,99.0,0.187,1,0.797,1,179
LA-2026-2290,Tamil Nadu,Coimbatore,National Highway Corridor,Normal,Stage 4: Section 19 Declaration,20.41,85,62,135.76,42.81,19.82,22.99,0.463,0,0.0,8,86,0,0,0,0,0,1,89,366,205,0.98,63.1,0.257,1,0.445,0,0
LA-2026-2291,Maharashtra,Nagpur,National Highway Corridor,Normal,Stage 5: Valuation & Compensation Award,221.73,1710,1057,467.63,238.16,176.24,61.92,0.74,8,0.333,4,72,25,0,25,0,1,1,134,208,-4,0.98,99.0,0.281,1,0.649,1,257
LA-2026-2292,Madhya Pradesh,Ujjain,Major Irrigation & Canal,Cabinet Fast-Track,Stage 4: Section 19 Declaration,57.88,479,445,176.29,76.05,30.19,45.86,0.397,15,0.6,6,38,8,0,8,0,0,0,180,587,-91,0.98,99.0,0.234,0,0.863,1,260
LA-2026-2293,Madhya Pradesh,Indore,Major Irrigation & Canal,Critical,Stage 5: Valuation & Compensation Award,55.98,204,207,150.29,71.46,35.3,36.16,0.494,0,0.0,6,31,2,0,2,0,0,0,94,161,53,0.98,74.3,0.241,0,0.523,1,94
LA-2026-2294,Madhya Pradesh,Jabalpur,Renewable Energy Solar Park,Cabinet Fast-Track,Stage 1: Preliminary Survey & SIA,280.51,1408,1269,514.43,203.99,15.5,188.49,0.076,1,0.071,5,17,21,0,21,0,1,0,122,267,103,0.98,71.2,0.361,2,0.843,1,214
LA-2026-2295,Rajasthan,Jaipur,High-Speed Rail / DFC,Critical,Stage 5: Valuation & Compensation Award,24.62,144,123,103.98,53.26,22.05,31.21,0.414,14,0.824,6,86,2,0,2,0,0,0,145,112,180,0.98,37.4,0.278,4,0.733,1,371
LA-2026-2296,Tamil Nadu,Tiruchirappalli,Renewable Energy Solar Park,Critical,Stage 6: Land Possession & Handover,469.78,2679,2704,681.01,371.6,334.81,36.79,0.901,21,0.84,6,31,40,1,43,0,0,0,82,387,195,0.98,65.5,0.227,2,0.82,1,171
LA-2026-2297,Karnataka,Belagavi,Urban Metro Transit Extension,Critical,Stage 3: Section 15 Hearing & Objections,51.84,378,313,238.48,123.24,14.91,108.33,0.121,12,0.8,3,96,2,0,2,0,0,0,166,186,68,0.98,72.2,0.193,2,0.732,1,195
LA-2026-2298,Tamil Nadu,Tiruchirappalli,Major Irrigation & Canal,Critical,Stage 6: Land Possession & Handover,97.1,836,604,237.86,84.67,70.87,13.8,0.837,8,0.667,8,21,15,1,16,0,1,0,77,449,7,0.98,97.5,0.233,5,0.924,1,133
LA-2026-2299,Rajasthan,Jodhpur,Renewable Energy Solar Park,Critical,Stage 4: Section 19 Declaration,205.54,1099,832,592.25,150.38,23.76,126.62,0.158,12,1.0,7,16,25,1,27,0,1,0,36,110,325,0.98,24.3,0.247,2,0.889,1,202
LA-2026-2300,Tamil Nadu,Tiruchirappalli,Industrial Smart City Corridor,High,Stage 2: Section 11 Notification,112.72,877,828,294.16,140.82,0.99,139.83,0.007,25,0.926,2,109,16,0,16,1,0,0,96,409,193,0.98,67.0,0.249,4,0.98,1,179
LA-2026-2301,Madhya Pradesh,Jabalpur,Major Irrigation & Canal,Normal,Stage 6: Land Possession & Handover,130.26,490,314,233.65,93.1,63.49,29.61,0.682,2,0.167,5,13,8,1,9,0,0,0,23,320,88,0.98,77.5,0.314,3,0.694,1,193
LA-2026-2302,Odisha,Sambalpur,Urban Metro Transit Extension,Cabinet Fast-Track,Stage 2: Section 11 Notification,64.03,518,546,192.46,66.67,5.73,60.94,0.086,30,0.909,0,0,7,0,7,0,0,0,170,375,143,0.98,71.4,0.284,4,0.98,1,196
LA-2026-2303,Karnataka,Bengaluru Rural,Industrial Smart City Corridor,Critical,Stage 6: Land Possession & Handover,111.0,372,380,297.6,109.33,75.33,34.0,0.689,20,0.588,6,49,4,0,4,1,0,0,76,223,262,0.98,45.0,0.475,4,0.754,1,109
LA-2026-2304,Odisha,Khurda,High-Speed Rail / DFC,Critical,Stage 5: Valuation & Compensation Award,159.62,483,369,525.32,197.05,80.2,116.85,0.407,4,0.235,0,0,5,0,5,0,1,0,114,454,-79,0.98,99.0,0.336,5,0.774,1,213
LA-2026-2305,Uttar Pradesh,Lucknow,Industrial Smart City Corridor,High,Stage 4: Section 19 Declaration,319.28,1958,1785,601.1,222.6,114.86,107.74,0.516,23,0.821,6,100,26,0,26,1,0,0,116,623,18,0.98,96.2,0.382,5,0.764,1,133
LA-2026-2306,Odisha,Sundargarh,Renewable Energy Solar Park,Critical,Stage 4: Section 19 Declaration,49.11,168,148,205.14,110.14,60.03,50.11,0.545,10,0.714,7,56,3,0,3,1,0,0,177,108,123,0.98,45.8,0.402,0,0.703,1,165
LA-2026-2307,Tamil Nadu,Coimbatore,Rural Road Connectivity (PMGSY),Critical,Stage 3: Section 15 Hearing & Objections,374.2,2356,2080,1278.93,379.16,46.26,332.9,0.122,1,0.043,2,20,41,0,41,0,0,0,147,146,192,0.98,42.2,0.258,1,0.801,1,198
LA-2026-2308,Rajasthan,Kota,Urban Metro Transit Extension,High,Stage 4: Section 19 Declaration,292.36,1120,1176,715.1,272.23,72.14,200.09,0.265,7,0.438,0,0,11,1,13,0,1,0,143,98,287,0.98,24.5,0.246,1,0.811,1,244
LA-2026-2309,Maharashtra,Nagpur,National Highway Corridor,High,Stage 4: Section 19 Declaration,40.56,382,230,171.22,70.04,34.46,35.58,0.492,2,0.077,1,85,5,0,5,0,0,0,129,239,200,0.98,53.5,0.304,3,0.703,1,206
LA-2026-2310,Gujarat,Rajkot,Renewable Energy Solar Park,Critical,Stage 4: Section 19 Declaration,34.29,182,188,199.79,107.3,13.73,93.57,0.128,8,0.471,5,26,2,0,2,0,1,0,24,285,217,0.98,55.8,0.159,1,0.424,0,0
LA-2026-2311,Tamil Nadu,Salem,High-Speed Rail / DFC,High,Stage 6: Land Possession & Handover,196.87,1163,1129,459.07,194.21,190.13,4.08,0.979,2,0.154,8,37,22,0,22,0,0,0,43,168,233,0.98,40.9,0.185,6,0.38,0,0
LA-2026-2312,Maharashtra,Pune,Major Irrigation & Canal,High,Stage 3: Section 15 Hearing & Objections,58.91,425,280,330.27,136.16,11.3,124.86,0.083,1,0.043,7,104,5,0,5,0,0,0,23,179,136,0.98,55.8,0.305,4,0.644,1,122
LA-2026-2313,Rajasthan,Jaipur,Rural Road Connectivity (PMGSY),Cabinet Fast-Track,Stage 5: Valuation & Compensation Award,205.69,1042,1018,575.79,230.67,114.87,115.8,0.498,3,0.12,2,118,12,1,16,0,0,0,76,358,329,0.98,51.1,0.267,3,0.8,1,113
LA-2026-2314,Gujarat,Rajkot,Urban Metro Transit Extension,High,Stage 4: Section 19 Declaration,37.18,298,251,178.53,80.69,40.43,40.26,0.501,10,0.625,0,0,4,0,4,0,0,0,56,95,602,0.98,12.6,0.161,3,0.644,1,131
LA-2026-2315,Madhya Pradesh,Ujjain,Industrial Smart City Corridor,Critical,Stage 4: Section 19 Declaration,137.39,451,396,172.13,50.2,6.93,43.27,0.138,6,0.316,7,73,5,0,5,1,1,0,134,156,174,0.98,46.3,0.216,0,0.836,1,267
LA-2026-2316,Maharashtra,Pune,Renewable Energy Solar Park,Cabinet Fast-Track,Stage 3: Section 15 Hearing & Objections,35.63,313,320,54.79,23.7,4.22,19.48,0.178,26,0.765,0,0,6,0,6,0,0,0,98,150,72,0.98,66.6,0.368,0,0.877,1,141
LA-2026-2317,Rajasthan,Kota,Urban Metro Transit Extension,Normal,Stage 4: Section 19 Declaration,88.41,721,481,222.03,119.24,47.58,71.66,0.399,3,0.13,4,88,10,0,10,0,0,0,48,336,74,0.98,81.0,0.255,0,0.694,1,105
LA-2026-2318,Rajasthan,Jaipur,High-Speed Rail / DFC,High,Stage 6: Land Possession & Handover,228.81,1061,979,626.04,245.57,182.7,62.87,0.744,7,0.368,8,58,13,1,14,0,1,0,75,427,257,0.98,61.4,0.298,3,0.85,1,188
LA-2026-2319,Odisha,Jajpur,Renewable Energy Solar Park,Cabinet Fast-Track,Stage 2: Section 11 Notification,52.42,198,150,226.45,120.46,7.11,113.35,0.059,34,1.0,3,25,5,0,5,0,0,0,10,129,247,0.98,33.3,0.375,0,0.682,1,238
LA-2026-2320,Tamil Nadu,Tiruchirappalli,Rural Road Connectivity (PMGSY),Cabinet Fast-Track,Stage 1: Preliminary Survey & SIA,48.54,402,255,74.91,26.28,3.23,23.05,0.123,0,0.0,2,1,5,0,5,0,0,0,79,42,476,0.98,7.1,0.255,2,0.585,1,99
LA-2026-2321,Uttar Pradesh,Prayagraj,Rural Road Connectivity (PMGSY),Critical,Stage 2: Section 11 Notification,189.13,1190,1110,317.78,127.83,5.37,122.46,0.042,11,0.355,6,54,18,0,18,0,0,0,75,538,100,0.98,83.3,0.419,2,0.759,1,143
LA-2026-2322,Madhya Pradesh,Indore,Industrial Smart City Corridor,High,Stage 1: Preliminary Survey & SIA,14.28,113,86,181.22,67.33,2.09,65.24,0.031,5,0.294,5,72,0,0,0,0,0,0,91,515,174,0.98,73.8,0.218,2,0.627,1,120
LA-2026-2323,Uttar Pradesh,Varanasi,Rural Road Connectivity (PMGSY),High,Stage 4: Section 19 Declaration,90.4,640,417,191.74,52.27,10.92,41.35,0.209,9,0.562,1,9,18,1,22,1,0,0,50,616,-59,0.98,99.0,0.444,6,0.98,1,144
LA-2026-2324,Madhya Pradesh,Indore,Major Irrigation & Canal,High,Stage 2: Section 11 Notification,252.98,1449,1573,897.35,434.02,6.51,427.51,0.015,9,0.529,2,5,24,0,24,0,0,0,114,360,-23,0.98,99.0,0.218,0,0.872,1,142
LA-2026-2325,Odisha,Khurda,High-Speed Rail / DFC,High,Stage 5: Valuation & Compensation Award,110.55,590,446,102.37,35.75,24.56,11.19,0.687,24,0.828,0,0,9,1,11,1,0,1,177,144,145,0.98,48.8,0.35,6,0.98,1,227
LA-2026-2326,Gujarat,Ahmedabad,Rural Road Connectivity (PMGSY),High,Stage 1: Preliminary Survey & SIA,110.14,825,574,394.72,107.53,3.33,104.2,0.031,21,0.75,1,91,8,0,8,0,0,0,85,220,38,0.98,84.3,0.193,3,0.915,1,158
LA-2026-2327,Madhya Pradesh,Jabalpur,National Highway Corridor,Normal,Stage 1: Preliminary Survey & SIA,88.76,635,674,388.95,103.13,20.42,82.71,0.198,17,0.85,8,7,13,0,13,0,0,0,93,301,-9,0.98,99.0,0.318,0,0.829,1,436
LA-2026-2328,Madhya Pradesh,Indore,Renewable Energy Solar Park,Cabinet Fast-Track,Stage 5: Valuation & Compensation Award,182.55,506,394,343.73,174.43,122.97,51.46,0.705,16,0.727,5,99,3,0,3,0,0,0,72,521,196,0.98,71.7,0.265,6,0.597,1,151
LA-2026-2329,Madhya Pradesh,Jabalpur,Rural Road Connectivity (PMGSY),Normal,Stage 2: Section 11 Notification,77.26,423,432,199.86,78.17,11.18,66.99,0.143,21,1.0,2,14,7,0,7,0,1,0,65,162,463,0.98,24.9,0.349,0,0.834,1,128
LA-2026-2330,Karnataka,Mysuru,National Highway Corridor,Critical,Stage 5: Valuation & Compensation Award,10.36,89,88,129.12,42.31,31.22,11.09,0.738,8,0.471,8,27,0,0,0,1,0,0,82,53,192,0.98,20.7,0.265,4,0.357,0,0
LA-2026-2331,Uttar Pradesh,Lucknow,Major Irrigation & Canal,Cabinet Fast-Track,Stage 1: Preliminary Survey & SIA,78.68,288,240,267.99,129.91,16.89,113.02,0.13,17,0.548,8,12,3,0,3,0,1,0,166,632,-36,0.98,99.0,0.366,5,0.809,1,182
LA-2026-2332,Maharashtra,Pune,High-Speed Rail / DFC,Cabinet Fast-Track,Stage 1: Preliminary Survey & SIA,17.34,147,127,68.78,30.46,0.03,30.43,0.001,0,0.0,0,0,0,0,0,0,0,0,53,51,548,0.98,7.5,0.306,1,0.399,0,0
LA-2026-2333,Madhya Pradesh,Indore,Rural Road Connectivity (PMGSY),Normal,Stage 5: Valuation & Compensation Award,142.8,614,494,286.58,140.21,60.15,80.06,0.429,8,0.471,3,113,9,0,9,0,0,0,93,77,432,0.98,14.1,0.215,4,0.581,1,107
LA-2026-2334,Gujarat,Rajkot,Rural Road Connectivity (PMGSY),High,Stage 3: Section 15 Hearing & Objections,20.26,80,53,142.14,64.83,10.7,54.13,0.165,17,0.708,6,20,2,0,2,0,0,0,125,60,183,0.98,23.7,0.152,6,0.653,1,194
LA-2026-2335,Karnataka,Mysuru,Rural Road Connectivity (PMGSY),High,Stage 3: Section 15 Hearing & Objections,102.15,437,408,121.31,38.58,6.83,31.75,0.177,13,0.481,1,64,6,1,7,0,0,0,64,238,336,0.98,40.5,0.254,6,0.879,1,138
LA-2026-2336,Madhya Pradesh,Indore,Major Irrigation & Canal,Cabinet Fast-Track,Stage 3: Section 15 Hearing & Objections,22.94,116,126,80.19,36.98,7.21,29.77,0.195,3,0.143,0,0,1,0,1,1,0,0,151,252,181,0.98,57.2,0.227,6,0.652,1,244
LA-2026-2337,Gujarat,Surat,High-Speed Rail / DFC,High,Stage 2: Section 11 Notification,36.1,142,116,255.3,122.95,14.75,108.2,0.12,5,0.217,7,94,4,0,4,0,0,0,67,778,-78,0.98,99.0,0.217,6,0.695,1,106
LA-2026-2338,Maharashtra,Nashik,Major Irrigation & Canal,Cabinet Fast-Track,Stage 4: Section 19 Declaration,97.7,395,407,272.18,75.44,29.5,45.94,0.391,24,0.96,5,105,3,0,3,1,0,0,21,363,-86,0.98,99.0,0.237,4,0.663,1,131
LA-2026-2339,Uttar Pradesh,Noida,High-Speed Rail / DFC,Normal,Stage 2: Section 11 Notification,85.15,281,303,262.92,101.47,18.67,82.8,0.184,13,0.5,1,58,3,0,3,0,0,0,165,269,41,0.98,85.8,0.518,4,0.818,1,157
LA-2026-2340,Karnataka,Mangaluru,Urban Metro Transit Extension,Critical,Stage 4: Section 19 Declaration,36.8,183,177,220.42,68.48,19.45,49.03,0.284,9,0.265,6,48,0,0,0,0,0,0,14,212,477,0.98,29.8,0.309,3,0.318,0,0
LA-2026-2341,Gujarat,Bharuch,Rural Road Connectivity (PMGSY),Critical,Stage 2: Section 11 Notification,158.28,815,677,635.75,221.56,25.04,196.52,0.113,6,0.231,4,78,12,0,12,0,0,0,92,100,176,0.98,35.3,0.243,1,0.662,1,243
LA-2026-2342,Tamil Nadu,Salem,Urban Metro Transit Extension,Normal,Stage 2: Section 11 Notification,81.77,475,370,207.51,112.84,14.11,98.73,0.125,27,0.9,0,0,10,0,10,1,0,0,44,335,300,0.98,51.8,0.217,3,0.726,1,155
LA-2026-2343,Tamil Nadu,Kanchipuram,Rural Road Connectivity (PMGSY),Cabinet Fast-Track,Stage 4: Section 19 Declaration,7.25,76,53,58.55,27.14,10.8,16.34,0.398,0,0.0,8,100,1,0,1,0,0,0,15,526,59,0.98,88.9,0.385,2,0.438,0,0
LA-2026-2344,Odisha,Sambalpur,Rural Road Connectivity (PMGSY),Critical,Stage 5: Valuation & Compensation Award,47.72,185,199,134.35,41.23,21.69,19.54,0.526,16,0.889,4,14,2,0,2,1,0,0,140,107,355,0.98,22.2,0.314,4,0.648,1,157
LA-2026-2345,Odisha,Sundargarh,Major Irrigation & Canal,Normal,Stage 6: Land Possession & Handover,148.21,1140,741,465.41,133.77,89.22,44.55,0.667,9,0.45,5,1,21,0,21,0,0,0,17,576,-97,0.98,99.0,0.422,0,0.446,0,0
LA-2026-2346,Odisha,Sundargarh,National Highway Corridor,Normal,Stage 3: Section 15 Hearing & Objections,124.35,511,500,244.19,84.11,15.14,68.97,0.18,6,0.462,6,37,14,0,14,1,0,1,127,172,416,0.98,28.3,0.451,6,0.918,1,146
LA-2026-2347,Tamil Nadu,Madurai,Renewable Energy Solar Park,Normal,Stage 1: Preliminary Survey & SIA,90.1,562,464,397.93,106.85,17.2,89.65,0.161,18,0.621,8,24,9,0,9,0,0,0,152,30,376,0.98,6.4,0.253,6,0.714,1,147
LA-2026-2348,Karnataka,Mangaluru,Renewable Energy Solar Park,Cabinet Fast-Track,Stage 4: Section 19 Declaration,38.19,325,284,214.74,72.65,12.71,59.94,0.175,7,0.28,0,0,2,0,2,0,0,0,98,313,-25,0.98,99.0,0.306,0,0.791,1,171
LA-2026-2349,Maharashtra,Pune,High-Speed Rail / DFC,Normal,Stage 5: Valuation & Compensation Award,121.23,818,846,251.19,106.58,87.72,18.86,0.823,11,0.733,3,2,15,0,15,0,1,1,113,429,104,0.98,79.5,0.296,4,0.81,1,181
LA-2026-2350,Karnataka,Dharwad,Renewable Energy Solar Park,Critical,Stage 4: Section 19 Declaration,12.64,94,101,165.81,42.57,19.62,22.95,0.461,24,0.857,7,116,1,0,1,1,1,0,23,613,26,0.98,95.0,0.2,3,0.519,1,195
LA-2026-2351,Gujarat,Rajkot,Urban Metro Transit Extension,Normal,Stage 3: Section 15 Hearing & Objections,262.08,1582,1529,928.96,483.3,29.48,453.82,0.061,11,0.44,1,6,27,1,30,0,1,0,62,353,-58,0.98,99.0,0.153,4,0.926,1,118
LA-2026-2352,Maharashtra,Nashik,Major Irrigation & Canal,Critical,Stage 5: Valuation & Compensation Award,24.1,142,100,172.21,52.95,43.26,9.69,0.817,11,0.458,2,38,0,0,0,0,0,0,153,462,69,0.98,86.0,0.279,1,0.497,1,243
LA-2026-2353,Uttar Pradesh,Noida,Industrial Smart City Corridor,Cabinet Fast-Track,Stage 2: Section 11 Notification,176.7,1114,817,523.86,179.8,11.87,167.93,0.066,5,0.294,2,15,16,0,16,1,0,0,118,191,129,0.98,58.7,0.522,5,0.891,1,214
LA-2026-2354,Tamil Nadu,Salem,Rural Road Connectivity (PMGSY),Normal,Stage 2: Section 11 Notification,35.37,318,271,115.68,47.57,6.52,41.05,0.137,9,0.375,8,36,3,0,3,0,0,0,132,344,346,0.98,48.9,0.186,4,0.912,1,160
LA-2026-2355,Madhya Pradesh,Jabalpur,High-Speed Rail / DFC,Normal,Stage 1: Preliminary Survey & SIA,223.39,967,950,572.09,299.61,17.08,282.53,0.057,0,0.0,7,106,13,1,15,0,1,1,67,303,114,0.98,71.7,0.315,6,0.875,1,150
LA-2026-2356,Maharashtra,Pune,Urban Metro Transit Extension,High,Stage 6: Land Possession & Handover,73.23,441,454,157.78,48.02,37.89,10.13,0.789,14,1.0,1,118,11,0,11,0,0,0,57,367,-57,0.98,99.0,0.326,5,0.738,1,181
LA-2026-2357,Rajasthan,Alwar,High-Speed Rail / DFC,Cabinet Fast-Track,Stage 1: Preliminary Survey & SIA,192.56,549,577,344.83,171.73,19.06,152.67,0.111,17,0.739,5,91,9,0,9,1,0,0,168,282,175,0.98,60.7,0.372,5,0.838,1,210
LA-2026-2358,Odisha,Sundargarh,Urban Metro Transit Extension,Critical,Stage 4: Section 19 Declaration,17.88,87,53,99.26,28.1,3.99,24.11,0.142,15,0.682,5,78,0,0,0,1,0,0,138,148,447,0.98,23.9,0.392,0,0.627,1,177
LA-2026-2359,Maharashtra,Thane,Industrial Smart City Corridor,Normal,Stage 3: Section 15 Hearing & Objections,19.77,103,67,148.28,38.81,2.83,35.98,0.073,15,0.75,3,97,4,0,4,1,0,0,88,495,143,0.98,76.6,0.441,2,0.958,1,287
LA-2026-2360,Rajasthan,Udaipur,Urban Metro Transit Extension,Critical,Stage 3: Section 15 Hearing & Objections,149.77,897,697,395.9,151.27,1.06,150.21,0.007,9,0.3,7,25,8,1,10,1,0,0,101,151,501,0.98,22.2,0.28,0,0.949,1,259
LA-2026-2361,Karnataka,Mysuru,National Highway Corridor,High,Stage 4: Section 19 Declaration,21.37,148,138,50.45,17.75,10.08,7.67,0.568,16,0.842,2,54,1,0,1,0,0,0,61,65,200,0.98,23.5,0.278,6,0.47,0,0
LA-2026-2362,Uttar Pradesh,Noida,Rural Road Connectivity (PMGSY),High,Stage 1: Preliminary Survey & SIA,55.34,491,444,184.76,77.95,4.91,73.04,0.063,17,0.81,6,23,5,1,6,1,0,0,12,231,435,0.98,33.7,0.488,3,0.865,1,156
LA-2026-2363,Odisha,Sundargarh,Industrial Smart City Corridor,High,Stage 3: Section 15 Hearing & Objections,22.23,154,99,162.44,72.59,6.17,66.42,0.085,18,0.643,1,45,4,0,4,0,0,0,35,81,623,0.98,10.5,0.44,6,0.731,1,164
LA-2026-2364,Madhya Pradesh,Gwalior,National Highway Corridor,Cabinet Fast-Track,Stage 6: Land Possession & Handover,75.22,616,620,189.4,87.13,57.07,30.06,0.655,18,0.75,1,39,6,1,10,0,0,0,161,196,371,0.98,33.6,0.345,6,0.765,1,183
LA-2026-2365,Madhya Pradesh,Jabalpur,Industrial Smart City Corridor,Normal,Stage 4: Section 19 Declaration,90.35,361,338,171.85,84.74,32.96,51.78,0.389,8,0.615,8,43,7,0,7,0,0,0,38,48,161,0.98,22.0,0.335,5,0.707,1,101
LA-2026-2366,Odisha,Sundargarh,National Highway Corridor,Normal,Stage 3: Section 15 Hearing & Objections,19.72,210,167,120.18,51.55,6.39,45.16,0.124,5,0.238,4,49,5,1,8,0,0,0,84,564,35,0.98,93.2,0.432,3,0.926,1,141
LA-2026-2367,Odisha,Angul,High-Speed Rail / DFC,Critical,Stage 4: Section 19 Declaration,14.38,134,131,141.45,75.34,43.17,32.17,0.573,22,0.647,8,16,1,0,1,0,0,1,172,366,316,0.98,52.7,0.471,1,0.593,1,170
LA-2026-2368,Uttar Pradesh,Agra,Urban Metro Transit Extension,Cabinet Fast-Track,Stage 5: Valuation & Compensation Award,73.67,381,244,270.26,72.5,46.04,26.46,0.635,17,0.607,3,81,3,0,3,0,0,0,86,100,155,0.98,38.2,0.383,3,0.736,1,135
LA-2026-2369,Maharashtra,Thane,Rural Road Connectivity (PMGSY),Critical,Stage 6: Land Possession & Handover,230.67,1626,1283,454.69,184.24,149.05,35.19,0.809,13,0.722,7,97,22,0,22,0,0,0,78,131,385,0.98,24.4,0.424,0,0.709,1,105
LA-2026-2370,Gujarat,Surat,Urban Metro Transit Extension,Normal,Stage 1: Preliminary Survey & SIA,123.61,1026,863,361.16,133.79,16.32,117.47,0.122,17,0.68,1,99,13,1,15,0,0,0,97,544,176,0.98,74.6,0.245,0,0.937,1,370
LA-2026-2371,Tamil Nadu,Madurai,Renewable Energy Solar Park,Normal,Stage 3: Section 15 Hearing & Objections,114.2,956,834,228.12,109.62,3.29,106.33,0.03,14,0.538,0,0,14,0,14,0,0,0,36,115,88,0.98,55.7,0.278,4,0.747,1,245
LA-2026-2372,Karnataka,Mysuru,Rural Road Connectivity (PMGSY),Critical,Stage 4: Section 19 Declaration,160.01,1362,1238,196.77,91.6,18.14,73.46,0.198,12,1.0,7,95,20,1,23,0,1,0,147,546,-46,0.98,99.0,0.249,5,0.98,1,189
LA-2026-2373,Uttar Pradesh,Lucknow,Renewable Energy Solar Park,High,Stage 2: Section 11 Notification,202.55,1557,1700,393.33,110.52,7.74,102.78,0.07,4,0.138,7,39,27,1,30,1,0,0,73,35,226,0.98,12.4,0.379,4,0.753,1,134
LA-2026-2374,Maharashtra,Aurangabad,Industrial Smart City Corridor,Normal,Stage 2: Section 11 Notification,47.3,313,296,178.79,81.79,3.35,78.44,0.041,1,0.045,2,38,6,1,10,1,0,0,82,51,254,0.98,15.7,0.309,5,0.8,1,139
LA-2026-2375,Rajasthan,Jodhpur,Major Irrigation & Canal,Cabinet Fast-Track,Stage 4: Section 19 Declaration,29.78,203,215,246.3,115.47,44.34,71.13,0.384,22,0.647,8,92,5,0,5,1,0,0,65,110,520,0.98,16.5,0.295,4,0.743,1,120
LA-2026-2376,Maharashtra,Pune,Urban Metro Transit Extension,Critical,Stage 3: Section 15 Hearing & Objections,227.44,1568,1140,455.13,217.72,3.7,214.02,0.017,20,0.87,4,57,25,0,25,0,0,0,33,470,39,0.98,91.4,0.31,3,0.82,1,238
LA-2026-2377,Karnataka,Mangaluru,Major Irrigation & Canal,High,Stage 6: Land Possession & Handover,44.46,318,287,127.43,54.6,53.67,0.93,0.983,9,0.375,3,50,1,0,1,0,0,0,35,148,387,0.98,26.7,0.326,6,0.274,0,0
LA-2026-2378,Karnataka,Dharwad,Major Irrigation & Canal,High,Stage 4: Section 19 Declaration,10.59,85,60,83.23,31.2,3.18,28.02,0.102,26,0.839,6,52,1,0,1,0,0,0,149,111,97,0.98,52.4,0.189,4,0.786,1,161
LA-2026-2379,Uttar Pradesh,Agra,Rural Road Connectivity (PMGSY),Critical,Stage 5: Valuation & Compensation Award,11.17,101,102,52.94,25.83,16.76,9.07,0.649,1,0.077,7,41,2,0,2,1,0,0,29,241,9,0.98,95.4,0.389,6,0.502,1,83
LA-2026-2380,Tamil Nadu,Salem,Rural Road Connectivity (PMGSY),Critical,Stage 2: Section 11 Notification,61.81,231,209,214.03,111.04,3.0,108.04,0.027,17,0.944,8,0,3,0,3,0,1,0,19,157,405,0.98,27.0,0.203,1,0.636,1,132
LA-2026-2381,Rajasthan,Alwar,High-Speed Rail / DFC,Cabinet Fast-Track,Stage 4: Section 19 Declaration,67.58,593,482,187.87,61.58,24.39,37.19,0.396,16,0.5,4,58,13,1,15,0,0,0,77,134,567,0.98,18.1,0.396,4,0.807,1,135
LA-2026-2382,Maharashtra,Nashik,Major Irrigation & Canal,Cabinet Fast-Track,Stage 1: Preliminary Survey & SIA,22.57,144,157,172.77,81.29,13.98,67.31,0.172,16,0.941,8,97,0,0,0,0,0,0,54,175,8,0.98,94.6,0.248,6,0.643,1,92
LA-2026-2383,Tamil Nadu,Madurai,Rural Road Connectivity (PMGSY),Critical,Stage 2: Section 11 Notification,25.62,244,200,125.75,38.19,0.95,37.24,0.025,23,0.793,7,17,5,0,5,1,1,0,94,455,-33,0.98,99.0,0.282,5,0.879,1,128
LA-2026-2384,Madhya Pradesh,Ujjain,Renewable Energy Solar Park,Normal,Stage 5: Valuation & Compensation Award,161.97,963,1038,566.11,301.99,188.74,113.25,0.625,2,0.057,3,39,18,0,18,0,0,0,79,226,62,0.98,77.5,0.238,4,0.632,1,107
LA-2026-2385,Rajasthan,Jodhpur,Renewable Energy Solar Park,Cabinet Fast-Track,Stage 5: Valuation & Compensation Award,212.91,1187,836,474.29,224.83,122.98,101.85,0.547,14,0.4,3,51,12,1,16,0,1,0,66,554,-7,0.98,99.0,0.271,5,0.735,1,195
LA-2026-2386,Maharashtra,Aurangabad,National Highway Corridor,Normal,Stage 4: Section 19 Declaration,5.0,55,50,101.56,51.49,8.44,43.05,0.164,0,0.0,2,69,2,0,2,1,0,1,173,292,85,0.98,76.5,0.326,0,0.595,1,287
LA-2026-2387,Tamil Nadu,Kanchipuram,Urban Metro Transit Extension,High,Stage 6: Land Possession & Handover,364.75,1121,1211,824.42,234.92,212.13,22.79,0.903,22,0.629,7,59,18,1,21,1,1,0,18,342,-75,0.98,99.0,0.373,5,0.794,1,96
LA-2026-2388,Rajasthan,Udaipur,Rural Road Connectivity (PMGSY),Critical,Stage 3: Section 15 Hearing & Objections,31.3,205,142,153.12,66.02,9.44,56.58,0.143,7,0.304,8,82,6,1,10,0,0,0,79,111,289,0.98,26.8,0.247,1,0.923,1,158
LA-2026-2389,Gujarat,Vadodara,Renewable Energy Solar Park,Cabinet Fast-Track,Stage 5: Valuation & Compensation Award,57.08,401,315,174.42,68.57,23.52,45.05,0.343,18,0.9,6,26,9,1,12,0,0,0,109,184,482,0.98,26.6,0.156,1,0.833,1,157
LA-2026-2390,Gujarat,Vadodara,National Highway Corridor,Critical,Stage 3: Section 15 Hearing & Objections,54.0,479,465,182.33,89.48,0.63,88.85,0.007,3,0.2,8,106,6,0,6,0,0,1,117,118,281,0.98,28.6,0.208,3,0.789,1,200
LA-2026-2391,Karnataka,Bengaluru Rural,Major Irrigation & Canal,Normal,Stage 5: Valuation & Compensation Award,19.97,138,122,215.06,61.92,19.75,42.17,0.319,1,0.059,2,99,3,0,3,0,0,0,177,489,99,0.98,82.2,0.484,1,0.79,1,166
LA-2026-2392,Madhya Pradesh,Gwalior,Urban Metro Transit Extension,High,Stage 4: Section 19 Declaration,40.38,177,124,202.14,76.44,8.03,68.41,0.105,18,0.621,0,0,2,0,2,0,0,0,114,231,318,0.98,41.1,0.354,0,0.803,1,201
LA-2026-2393,Maharashtra,Pune,Major Irrigation & Canal,High,Stage 5: Valuation & Compensation Award,137.26,1074,807,466.45,117.1,40.87,76.23,0.349,12,1.0,7,27,14,0,14,0,1,0,13,606,-85,0.98,99.0,0.3,3,0.808,1,124
LA-2026-2394,Gujarat,Surat,National Highway Corridor,Normal,Stage 5: Valuation & Compensation Award,194.4,1224,798,372.15,129.75,74.35,55.4,0.573,32,0.914,7,113,13,1,17,1,1,0,20,609,-40,0.98,99.0,0.211,2,0.872,1,260
LA-2026-2395,Tamil Nadu,Salem,Rural Road Connectivity (PMGSY),Normal,Stage 5: Valuation & Compensation Award,50.36,416,376,191.86,49.91,37.88,12.03,0.759,25,0.862,1,60,4,0,4,0,0,0,52,321,-28,0.98,99.0,0.198,3,0.625,1,131
LA-2026-2396,Maharashtra,Nagpur,Rural Road Connectivity (PMGSY),High,Stage 3: Section 15 Hearing & Objections,44.49,392,272,228.09,119.62,0.36,119.26,0.003,11,0.647,2,11,6,0,6,0,1,0,43,330,158,0.98,66.6,0.259,4,0.821,1,152
LA-2026-2397,Tamil Nadu,Kanchipuram,High-Speed Rail / DFC,Normal,Stage 3: Section 15 Hearing & Objections,53.73,308,205,208.5,74.07,0.37,73.7,0.005,5,0.185,6,78,3,0,3,0,0,0,124,342,116,0.98,73.7,0.342,2,0.725,1,205
LA-2026-2398,Uttar Pradesh,Varanasi,High-Speed Rail / DFC,Cabinet Fast-Track,Stage 3: Section 15 Hearing & Objections,16.48,111,85,120.34,58.08,11.27,46.81,0.194,17,0.81,0,0,3,0,3,0,0,0,164,268,-8,0.98,99.0,0.407,5,0.912,1,543
LA-2026-2399,Odisha,Sambalpur,Renewable Energy Solar Park,Critical,Stage 3: Section 15 Hearing & Objections,77.22,462,499,226.17,64.47,6.9,57.57,0.107,3,0.2,1,40,7,0,7,0,1,0,43,67,504,0.98,10.8,0.34,6,0.566,1,88
LA-2026-2400,Madhya Pradesh,Ujjain,Major Irrigation & Canal,Critical,Stage 3: Section 15 Hearing & Objections,61.41,245,253,217.59,85.64,16.79,68.85,0.196,17,0.63,6,101,7,0,7,0,1,0,75,453,275,0.98,61.2,0.298,3,0.848,1,128
LA-2026-2401,Madhya Pradesh,Bhopal,National Highway Corridor,Critical,Stage 4: Section 19 Declaration,27.24,187,149,123.89,63.26,32.26,31.0,0.51,23,0.821,3,56,0,0,0,0,1,0,16,295,352,0.98,44.6,0.275,4,0.418,0,0
LA-2026-2402,Maharashtra,Nashik,Industrial Smart City Corridor,High,Stage 3: Section 15 Hearing & Objections,9.94,87,64,106.66,42.06,6.94,35.12,0.165,6,0.462,8,119,0,0,0,0,0,0,21,337,290,0.98,52.8,0.282,3,0.474,0,0
LA-2026-2403,Gujarat,Surat,Rural Road Connectivity (PMGSY),Critical,Stage 3: Section 15 Hearing & Objections,250.23,738,515,767.86,249.91,25.24,224.67,0.101,8,0.32,7,120,10,0,10,1,0,0,140,305,160,0.98,64.6,0.231,4,0.835,1,250
LA-2026-2404,Madhya Pradesh,Jabalpur,Industrial Smart City Corridor,Cabinet Fast-Track,Stage 2: Section 11 Notification,65.36,445,426,219.81,66.02,6.47,59.55,0.098,2,0.118,2,25,12,0,12,0,1,0,12,395,-64,0.98,99.0,0.301,0,0.629,1,103
LA-2026-2405,Odisha,Jajpur,National Highway Corridor,High,Stage 2: Section 11 Notification,67.23,220,143,321.11,136.86,10.26,126.6,0.075,0,0.0,8,66,0,0,0,0,0,0,25,31,372,0.98,6.7,0.373,3,0.325,0,0
LA-2026-2406,Karnataka,Mangaluru,National Highway Corridor,Normal,Stage 6: Land Possession & Handover,94.43,723,773,310.71,164.68,100.29,64.39,0.609,2,0.067,1,32,12,1,13,0,0,0,156,563,145,0.98,78.5,0.309,6,0.895,1,531
LA-2026-2407,Gujarat,Surat,High-Speed Rail / DFC,Cabinet Fast-Track,Stage 3: Section 15 Hearing & Objections,74.75,417,315,322.02,159.07,22.75,136.32,0.143,23,0.767,7,94,4,0,4,1,1,0,146,625,22,0.98,95.6,0.203,2,0.98,1,316
LA-2026-2408,Tamil Nadu,Tiruchirappalli,Rural Road Connectivity (PMGSY),Normal,Stage 3: Section 15 Hearing & Objections,38.44,284,195,190.85,66.57,0.67,65.9,0.01,7,0.292,0,0,2,0,2,0,0,0,76,521,94,0.98,83.7,0.272,4,0.702,1,206
LA-2026-2409,Tamil Nadu,Coimbatore,High-Speed Rail / DFC,Cabinet Fast-Track,Stage 3: Section 15 Hearing & Objections,93.37,677,733,242.37,90.81,5.81,85.0,0.064,14,1.0,1,66,13,0,13,0,0,0,124,155,124,0.98,54.6,0.222,2,0.798,1,155
LA-2026-2410,Odisha,Sambalpur,High-Speed Rail / DFC,Critical,Stage 6: Land Possession & Handover,112.28,753,664,356.62,90.97,64.68,26.29,0.711,0,0.0,1,46,15,1,17,0,0,0,172,126,72,0.98,62.7,0.306,4,0.743,1,177
LA-2026-2411,Tamil Nadu,Madurai,Renewable Energy Solar Park,Critical,Stage 2: Section 11 Notification,47.65,286,222,154.22,81.03,8.91,72.12,0.11,3,0.088,1,7,3,0,3,1,0,0,47,482,140,0.98,76.5,0.274,0,0.669,1,241
LA-2026-2412,Gujarat,Bharuch,National Highway Corridor,High,Stage 6: Land Possession & Handover,11.04,82,89,110.71,53.56,35.35,18.21,0.66,18,0.581,0,0,2,0,2,0,1,0,124,292,115,0.98,70.8,0.275,4,0.553,1,165
LA-2026-2413,Uttar Pradesh,Agra,Industrial Smart City Corridor,Critical,Stage 5: Valuation & Compensation Award,219.58,1216,1250,677.89,219.72,107.44,112.28,0.489,12,0.375,6,39,25,1,27,0,1,0,101,262,396,0.98,38.8,0.339,0,0.877,1,165
LA-2026-2414,Gujarat,Bharuch,National Highway Corridor,High,Stage 3: Section 15 Hearing & Objections,96.88,395,383,233.4,72.96,2.55,70.41,0.035,13,0.867,1,80,3,0,3,0,0,0,150,139,380,0.98,25.8,0.248,2,0.738,1,144
LA-2026-2415,Madhya Pradesh,Bhopal,National Highway Corridor,Normal,Stage 4: Section 19 Declaration,33.66,260,208,79.91,37.63,4.78,32.85,0.127,13,0.65,6,3,1,0,1,1,0,1,24,142,215,0.98,38.8,0.283,0,0.551,1,155
LA-2026-2416,Maharashtra,Pune,Urban Metro Transit Extension,High,Stage 2: Section 11 Notification,77.97,441,448,146.9,55.81,10.55,45.26,0.189,2,0.08,5,11,11,1,14,0,1,0,170,320,-10,0.98,99.0,0.339,5,0.907,1,184
LA-2026-2417,Madhya Pradesh,Gwalior,Rural Road Connectivity (PMGSY),Critical,Stage 5: Valuation & Compensation Award,24.18,227,235,132.15,41.86,16.66,25.2,0.398,2,0.057,4,83,3,0,3,1,0,0,107,349,95,0.98,77.6,0.385,1,0.747,1,362
LA-2026-2418,Tamil Nadu,Salem,Rural Road Connectivity (PMGSY),Normal,Stage 1: Preliminary Survey & SIA,51.3,290,226,202.69,56.17,8.37,47.8,0.149,5,0.417,7,92,2,0,2,0,1,0,70,200,70,0.98,73.1,0.183,5,0.7,1,119
LA-2026-2419,Tamil Nadu,Salem,Rural Road Connectivity (PMGSY),High,Stage 3: Section 15 Hearing & Objections,8.94,82,88,170.11,85.85,9.19,76.66,0.107,2,0.08,7,52,3,0,3,1,0,0,152,209,211,0.98,48.8,0.175,0,0.746,1,176
LA-2026-2420,Gujarat,Rajkot,Urban Metro Transit Extension,High,Stage 4: Section 19 Declaration,102.02,897,960,399.6,208.34,93.54,114.8,0.449,13,0.542,6,119,11,0,11,0,1,0,140,33,610,0.98,4.2,0.158,1,0.627,1,208
LA-2026-2421,Tamil Nadu,Kanchipuram,Renewable Energy Solar Park,Cabinet Fast-Track,Stage 5: Valuation & Compensation Award,176.92,1522,1003,539.63,175.85,116.76,59.09,0.664,18,0.581,7,59,26,0,26,0,0,0,79,552,80,0.98,86.4,0.384,2,0.682,1,283
LA-2026-2422,Maharashtra,Pune,Major Irrigation & Canal,Normal,Stage 5: Valuation & Compensation Award,16.87,100,101,168.44,59.68,22.02,37.66,0.369,15,0.5,4,18,1,0,1,0,0,0,138,340,362,0.98,47.5,0.307,1,0.715,1,166
LA-2026-2423,Tamil Nadu,Kanchipuram,Industrial Smart City Corridor,Cabinet Fast-Track,Stage 4: Section 19 Declaration,48.74,363,245,88.49,37.04,11.7,25.34,0.316,4,0.267,1,43,13,0,13,1,0,0,49,590,-23,0.98,99.0,0.344,2,0.683,1,198
LA-2026-2424,Gujarat,Vadodara,Industrial Smart City Corridor,High,Stage 6: Land Possession & Handover,140.66,740,811,360.0,177.26,149.78,27.48,0.845,5,0.156,1,12,16,0,16,0,0,0,82,313,276,0.98,52.2,0.154,0,0.666,1,150
LA-2026-2425,Gujarat,Rajkot,High-Speed Rail / DFC,Normal,Stage 1: Preliminary Survey & SIA,254.43,1783,1705,698.96,182.78,18.46,164.32,0.101,10,0.526,4,64,18,0,18,1,1,0,88,269,350,0.98,42.5,0.144,4,0.783,1,130
LA-2026-2426,Madhya Pradesh,Ujjain,National Highway Corridor,Cabinet Fast-Track,Stage 4: Section 19 Declaration,97.3,418,320,337.72,136.88,69.54,67.34,0.508,3,0.2,0,0,7,1,9,0,1,0,98,48,397,0.98,9.8,0.261,0,0.75,1,366
LA-2026-2427,Gujarat,Surat,Rural Road Connectivity (PMGSY),Normal,Stage 4: Section 19 Declaration,62.2,270,167,326.3,152.63,33.58,119.05,0.22,27,0.871,0,0,9,0,9,1,0,0,89,82,509,0.98,12.9,0.224,5,0.769,1,158
LA-2026-2428,Madhya Pradesh,Bhopal,National Highway Corridor,High,Stage 4: Section 19 Declaration,5.04,39,40,62.18,27.28,10.8,16.48,0.396,28,0.903,8,105,0,0,0,0,0,1,36,133,110,0.98,53.8,0.309,6,0.57,1,73
LA-2026-2429,Tamil Nadu,Kanchipuram,National Highway Corridor,High,Stage 6: Land Possession & Handover,22.25,128,80,193.62,105.65,98.15,7.5,0.929,15,1.0,1,75,1,0,1,0,0,1,71,149,517,0.98,21.4,0.353,5,0.446,0,0
LA-2026-2430,Uttar Pradesh,Agra,High-Speed Rail / DFC,Critical,Stage 1: Preliminary Survey & SIA,37.04,130,113,64.48,30.04,3.15,26.89,0.105,9,0.6,7,105,3,0,3,0,0,0,76,289,-57,0.98,99.0,0.338,0,0.787,1,113
LA-2026-2431,Karnataka,Dharwad,Industrial Smart City Corridor,High,Stage 2: Section 11 Notification,168.95,1175,794,340.22,107.86,18.66,89.2,0.173,7,0.583,2,71,19,0,19,0,0,0,40,199,523,0.98,26.6,0.234,3,0.516,1,122
LA-2026-2432,Gujarat,Rajkot,Renewable Energy Solar Park,Normal,Stage 1: Preliminary Survey & SIA,18.93,163,98,166.07,66.27,7.36,58.91,0.111,3,0.12,6,3,3,0,3,0,0,0,38,269,143,0.98,64.3,0.161,3,0.603,1,103
LA-2026-2433,Gujarat,Surat,High-Speed Rail / DFC,Cabinet Fast-Track,Stage 2: Section 11 Notification,35.78,306,248,189.34,58.53,0.47,58.06,0.008,6,0.207,7,43,9,0,9,0,0,1,40,532,140,0.98,78.2,0.182,0,0.795,1,260
LA-2026-2434,Gujarat,Vadodara,Renewable Energy Solar Park,Normal,Stage 2: Section 11 Notification,118.1,1050,941,365.83,104.3,13.98,90.32,0.134,1,0.036,0,0,20,1,23,0,0,0,129,390,165,0.98,69.3,0.184,1,0.817,1,212
LA-2026-2435,Karnataka,Dharwad,High-Speed Rail / DFC,High,Stage 4: Section 19 Declaration,140.21,423,307,212.47,90.58,26.36,64.22,0.291,12,0.923,6,77,6,0,6,0,0,0,159,230,74,0.98,74.7,0.19,3,0.878,1,160
LA-2026-2436,Maharashtra,Nashik,Rural Road Connectivity (PMGSY),Cabinet Fast-Track,Stage 5: Valuation & Compensation Award,57.82,243,216,230.06,70.1,56.29,13.81,0.803,7,0.226,3,73,5,0,5,0,0,0,121,97,448,0.98,16.8,0.226,1,0.542,1,137
LA-2026-2437,Uttar Pradesh,Noida,National Highway Corridor,Normal,Stage 5: Valuation & Compensation Award,194.09,1642,1682,721.45,331.25,101.03,230.22,0.305,2,0.083,0,0,47,0,47,1,1,0,47,335,261,0.98,55.2,0.49,6,0.692,1,153
LA-2026-2438,Tamil Nadu,Coimbatore,Industrial Smart City Corridor,High,Stage 3: Section 15 Hearing & Objections,187.99,1433,1244,165.45,68.4,4.04,64.36,0.059,18,0.947,2,36,21,0,21,1,1,0,147,347,-52,0.98,99.0,0.247,2,0.974,1,318
LA-2026-2439,Uttar Pradesh,Agra,Renewable Energy Solar Park,Normal,Stage 3: Section 15 Hearing & Objections,203.19,1161,1237,458.54,240.88,18.07,222.81,0.075,2,0.154,1,47,16,0,16,0,0,0,68,191,4,0.98,97.0,0.369,5,0.726,1,135
LA-2026-2440,Madhya Pradesh,Jabalpur,Major Irrigation & Canal,High,Stage 2: Section 11 Notification,38.31,294,206,234.02,75.44,4.9,70.54,0.065,2,0.069,1,0,4,0,4,0,0,0,89,268,249,0.98,50.9,0.316,2,0.866,1,219
LA-2026-2441,Rajasthan,Alwar,Industrial Smart City Corridor,High,Stage 2: Section 11 Notification,77.68,531,362,194.18,69.45,4.44,65.01,0.064,10,0.667,7,31,8,0,8,0,0,0,118,629,68,0.98,89.3,0.403,1,0.881,1,136
LA-2026-2442,Uttar Pradesh,Agra,Major Irrigation & Canal,Critical,Stage 4: Section 19 Declaration,56.2,363,235,213.5,57.79,8.61,49.18,0.149,11,0.367,7,64,4,0,4,0,1,0,69,98,182,0.98,34.0,0.336,6,0.804,1,148
LA-2026-2443,Maharashtra,Aurangabad,Major Irrigation & Canal,High,Stage 3: Section 15 Hearing & Objections,24.58,161,104,158.42,47.06,6.96,40.1,0.148,9,0.429,6,97,0,0,0,0,0,0,49,49,523,0.98,7.6,0.291,3,0.386,0,0
LA-2026-2444,Rajasthan,Alwar,High-Speed Rail / DFC,Normal,Stage 4: Section 19 Declaration,14.29,78,78,43.49,17.6,9.03,8.57,0.513,7,0.583,3,7,0,0,0,0,0,0,36,256,-10,0.98,99.0,0.344,6,0.523,1,88
LA-2026-2445,Rajasthan,Udaipur,Urban Metro Transit Extension,High,Stage 4: Section 19 Declaration,37.24,146,159,154.09,69.4,25.33,44.07,0.365,10,0.37,4,29,3,0,3,0,0,0,35,140,102,0.98,56.9,0.254,2,0.547,1,103
LA-2026-2446,Uttar Pradesh,Noida,Renewable Energy Solar Park,Critical,Stage 4: Section 19 Declaration,82.85,718,615,409.99,198.32,96.19,102.13,0.485,1,0.042,2,72,6,1,9,0,0,0,56,717,-67,0.98,99.0,0.497,1,0.622,1,107
LA-2026-2447,Rajasthan,Jodhpur,Renewable Energy Solar Park,Critical,Stage 6: Land Possession & Handover,102.92,450,412,216.11,114.04,109.14,4.9,0.957,4,0.2,0,0,7,0,7,0,1,0,119,456,183,0.98,70.4,0.264,0,0.681,1,215
LA-2026-2448,Karnataka,Belagavi,High-Speed Rail / DFC,Cabinet Fast-Track,Stage 4: Section 19 Declaration,83.4,735,534,190.65,63.72,29.37,34.35,0.461,8,0.258,3,114,5,0,5,0,0,0,101,171,436,0.98,27.2,0.254,5,0.649,1,155
LA-2026-2449,Maharashtra,Thane,Renewable Energy Solar Park,Cabinet Fast-Track,Stage 4: Section 19 Declaration,154.19,577,538,283.65,150.82,41.17,109.65,0.273,21,0.618,5,99,8,1,9,1,0,0,24,120,299,0.98,27.7,0.415,6,0.779,1,117
LA-2026-2450,Gujarat,Rajkot,High-Speed Rail / DFC,Cabinet Fast-Track,Stage 6: Land Possession & Handover,25.61,142,99,131.22,42.55,25.7,16.85,0.604,13,0.5,4,99,3,0,3,1,0,0,162,197,68,0.98,73.4,0.157,3,0.737,1,144
LA-2026-2451,Maharashtra,Nashik,Renewable Energy Solar Park,Cabinet Fast-Track,Stage 2: Section 11 Notification,34.67,130,80,161.74,70.69,9.97,60.72,0.141,13,0.765,1,75,3,0,3,1,0,0,75,382,145,0.98,71.5,0.261,4,0.802,1,169
LA-2026-2452,Tamil Nadu,Coimbatore,Rural Road Connectivity (PMGSY),High,Stage 6: Land Possession & Handover,110.1,792,807,245.46,89.57,79.0,10.57,0.882,8,0.229,7,93,6,1,7,1,0,0,113,470,-75,0.98,99.0,0.228,3,0.795,1,192
LA-2026-2453,Uttar Pradesh,Lucknow,Rural Road Connectivity (PMGSY),Normal,Stage 5: Valuation & Compensation Award,244.96,676,689,419.27,219.88,72.78,147.1,0.331,13,0.481,1,62,5,1,7,0,0,0,176,409,246,0.98,61.5,0.375,4,0.849,1,218
LA-2026-2454,Odisha,Khurda,Industrial Smart City Corridor,Critical,Stage 6: Land Possession & Handover,262.3,1354,1013,936.16,497.72,464.87,32.85,0.934,1,0.053,5,22,21,0,21,0,1,0,151,620,-27,0.98,99.0,0.343,4,0.479,0,0
LA-2026-2455,Gujarat,Surat,National Highway Corridor,High,Stage 4: Section 19 Declaration,29.69,254,250,52.59,16.3,7.16,9.14,0.439,1,0.083,4,23,2,0,2,1,0,1,150,612,-9,0.98,99.0,0.21,4,0.628,1,149
LA-2026-2456,Maharashtra,Pune,Major Irrigation & Canal,Cabinet Fast-Track,Stage 4: Section 19 Declaration,109.77,826,665,225.1,109.47,59.55,49.92,0.544,6,0.25,7,113,7,0,7,0,0,0,30,140,59,0.98,69.4,0.334,2,0.721,1,303
LA-2026-2457,Karnataka,Mysuru,High-Speed Rail / DFC,Cabinet Fast-Track,Stage 6: Land Possession & Handover,161.81,975,988,457.02,227.17,150.84,76.33,0.664,12,0.6,3,109,6,1,10,1,0,0,74,217,432,0.98,32.5,0.263,4,0.766,1,129
LA-2026-2458,Maharashtra,Aurangabad,High-Speed Rail / DFC,Normal,Stage 5: Valuation & Compensation Award,141.37,1185,981,398.34,147.75,110.81,36.94,0.75,2,0.154,5,78,23,0,23,0,1,0,76,362,225,0.98,60.7,0.299,5,0.607,1,354
LA-2026-2459,Karnataka,Mysuru,Major Irrigation & Canal,High,Stage 4: Section 19 Declaration,19.55,146,140,135.31,64.71,19.02,45.69,0.294,2,0.143,1,105,4,0,4,0,1,0,148,214,471,0.98,30.3,0.232,6,0.678,1,132
LA-2026-2460,Madhya Pradesh,Bhopal,High-Speed Rail / DFC,Cabinet Fast-Track,Stage 1: Preliminary Survey & SIA,158.28,908,565,505.74,166.77,18.51,148.26,0.111,21,0.656,2,58,14,0,14,0,0,0,111,493,116,0.98,80.0,0.268,2,0.771,1,149
LA-2026-2461,Odisha,Khurda,Major Irrigation & Canal,Normal,Stage 5: Valuation & Compensation Award,182.7,1093,872,595.73,290.39,222.44,67.95,0.766,23,0.92,7,46,15,0,15,1,1,0,10,338,287,0.98,53.1,0.347,0,0.66,1,85
LA-2026-2462,Uttar Pradesh,Prayagraj,Rural Road Connectivity (PMGSY),High,Stage 3: Section 15 Hearing & Objections,110.41,739,576,180.46,45.76,2.75,43.01,0.06,14,1.0,5,99,6,0,6,0,0,0,57,114,113,0.98,49.2,0.442,2,0.891,1,176
LA-2026-2463,Tamil Nadu,Tiruchirappalli,Renewable Energy Solar Park,Normal,Stage 2: Section 11 Notification,23.23,209,152,173.08,91.93,3.22,88.71,0.035,6,0.261,3,26,2,0,2,0,0,0,50,118,292,0.98,27.8,0.238,0,0.519,1,80
LA-2026-2464,Maharashtra,Nagpur,Rural Road Connectivity (PMGSY),Critical,Stage 3: Section 15 Hearing & Objections,9.26,80,72,99.92,40.93,2.7,38.23,0.066,7,0.467,5,36,3,0,3,0,0,0,25,382,137,0.98,72.6,0.302,1,0.71,1,108
LA-2026-2465,Madhya Pradesh,Ujjain,Renewable Energy Solar Park,Critical,Stage 1: Preliminary Survey & SIA,111.8,839,723,273.62,123.65,9.77,113.88,0.079,6,0.316,2,37,8,0,8,1,0,0,59,349,44,0.98,87.8,0.28,0,0.73,1,112
LA-2026-2466,Maharashtra,Thane,Renewable Energy Solar Park,High,Stage 1: Preliminary Survey & SIA,53.65,399,358,135.83,41.21,3.67,37.54,0.089,2,0.143,0,0,3,0,3,0,0,0,79,167,142,0.98,53.1,0.462,2,0.703,1,141
LA-2026-2467,Gujarat,Ahmedabad,National Highway Corridor,High,Stage 2: Section 11 Notification,31.94,166,176,129.8,45.83,5.41,40.42,0.118,7,0.5,7,39,0,0,0,1,1,1,60,441,247,0.98,63.1,0.186,1,0.631,1,116
LA-2026-2468,Tamil Nadu,Kanchipuram,Renewable Energy Solar Park,High,Stage 3: Section 15 Hearing & Objections,150.53,571,416,413.3,165.28,3.31,161.97,0.02,5,0.312,6,57,5,1,7,0,0,0,160,130,400,0.98,23.5,0.355,1,0.795,1,149
LA-2026-2469,Madhya Pradesh,Jabalpur,Major Irrigation & Canal,Critical,Stage 4: Section 19 Declaration,237.82,1235,1012,673.67,298.24,134.51,163.73,0.451,12,0.6,1,114,22,0,22,0,0,0,112,674,26,0.98,95.3,0.316,3,0.761,1,296
LA-2026-2470,Karnataka,Bengaluru Rural,National Highway Corridor,High,Stage 2: Section 11 Notification,10.08,124,105,137.01,71.45,2.72,68.73,0.038,8,0.5,0,0,2,0,2,0,1,0,90,305,420,0.98,41.1,0.443,6,0.872,1,346
LA-2026-2471,Odisha,Jajpur,National Highway Corridor,Critical,Stage 2: Section 11 Notification,184.88,777,722,661.61,257.09,2.57,254.52,0.01,3,0.2,4,30,14,0,14,0,0,0,45,244,213,0.98,52.4,0.375,5,0.737,1,109
LA-2026-2472,Gujarat,Vadodara,Major Irrigation & Canal,High,Stage 2: Section 11 Notification,180.53,1045,921,561.66,152.67,19.24,133.43,0.126,2,0.125,8,69,19,1,22,0,0,0,43,470,-33,0.98,99.0,0.185,4,0.704,1,138
LA-2026-2473,Uttar Pradesh,Prayagraj,High-Speed Rail / DFC,Normal,Stage 5: Valuation & Compensation Award,292.13,1164,797,768.14,344.65,285.71,58.94,0.829,15,0.6,6,106,19,0,19,0,0,0,20,534,140,0.98,78.2,0.384,4,0.529,1,162
LA-2026-2474,Madhya Pradesh,Jabalpur,National Highway Corridor,Critical,Stage 4: Section 19 Declaration,106.94,545,352,221.27,119.63,28.35,91.28,0.237,22,0.846,8,85,7,1,11,0,0,0,97,114,124,0.98,46.9,0.335,6,0.98,1,146
LA-2026-2475,Odisha,Sambalpur,Renewable Energy Solar Park,High,Stage 2: Section 11 Notification,73.92,359,303,216.76,89.48,3.04,86.44,0.034,27,0.794,7,17,6,0,6,0,0,0,92,426,-71,0.98,99.0,0.332,3,0.97,1,140
LA-2026-2476,Gujarat,Bharuch,Rural Road Connectivity (PMGSY),High,Stage 5: Valuation & Compensation Award,55.61,210,179,143.1,74.44,46.3,28.14,0.622,11,0.5,1,100,3,0,3,1,1,0,173,251,241,0.98,50.0,0.27,1,0.711,1,164
LA-2026-2477,Odisha,Khurda,Rural Road Connectivity (PMGSY),Normal,Stage 5: Valuation & Compensation Award,74.92,396,256,251.93,63.11,49.6,13.51,0.786,25,0.781,2,96,3,0,3,0,1,0,179,210,157,0.98,56.2,0.303,3,0.733,1,376
LA-2026-2478,Karnataka,Mangaluru,Rural Road Connectivity (PMGSY),Critical,Stage 5: Valuation & Compensation Award,27.98,115,104,173.14,52.81,24.19,28.62,0.458,7,0.412,4,11,0,0,0,0,0,0,53,76,117,0.98,38.4,0.306,6,0.521,1,123
LA-2026-2479,Maharashtra,Aurangabad,Urban Metro Transit Extension,Cabinet Fast-Track,Stage 2: Section 11 Notification,79.74,269,205,352.44,156.49,25.98,130.51,0.166,2,0.154,6,51,10,1,13,1,0,0,123,385,-31,0.98,99.0,0.302,3,0.91,1,190
LA-2026-2480,Karnataka,Mysuru,National Highway Corridor,Cabinet Fast-Track,Stage 5: Valuation & Compensation Award,173.71,617,623,423.92,190.31,65.85,124.46,0.346,14,0.412,1,6,13,0,13,1,0,1,14,70,401,0.98,13.9,0.259,4,0.574,1,98
LA-2026-2481,Gujarat,Surat,High-Speed Rail / DFC,Critical,Stage 6: Land Possession & Handover,194.48,590,447,637.81,285.29,219.1,66.19,0.768,7,0.233,6,109,10,1,11,1,0,0,32,125,529,0.98,18.1,0.232,5,0.639,1,108
LA-2026-2482,Maharashtra,Thane,Major Irrigation & Canal,Critical,Stage 4: Section 19 Declaration,14.09,106,77,69.42,24.64,4.07,20.57,0.165,7,0.538,6,111,3,0,3,0,0,0,117,380,-87,0.98,99.0,0.463,5,0.858,1,183
LA-2026-2483,Odisha,Khurda,National Highway Corridor,Critical,Stage 6: Land Possession & Handover,69.74,479,304,293.41,114.1,98.58,15.52,0.864,13,0.65,1,56,14,0,14,0,0,1,61,207,447,0.98,30.7,0.327,6,0.607,1,166
LA-2026-2484,Karnataka,Dharwad,National Highway Corridor,Normal,Stage 5: Valuation & Compensation Award,12.06,122,133,126.68,51.96,26.71,25.25,0.514,9,0.36,2,120,5,1,6,1,0,1,33,319,126,0.98,70.7,0.191,5,0.844,1,112
LA-2026-2485,Karnataka,Dharwad,High-Speed Rail / DFC,Cabinet Fast-Track,Stage 3: Section 15 Hearing & Objections,8.86,51,38,145.07,53.71,4.51,49.2,0.084,13,0.481,0,0,2,0,2,0,0,0,102,565,12,0.98,96.9,0.16,1,0.768,1,184
LA-2026-2486,Maharashtra,Thane,Major Irrigation & Canal,Normal,Stage 6: Land Possession & Handover,92.96,557,452,256.04,64.17,59.93,4.24,0.934,17,0.607,7,2,6,0,6,0,0,0,35,378,137,0.98,72.4,0.468,1,0.771,1,157
LA-2026-2487,Gujarat,Vadodara,Urban Metro Transit Extension,High,Stage 3: Section 15 Hearing & Objections,43.3,401,361,191.92,58.55,9.02,49.53,0.154,14,0.737,4,34,3,0,3,1,0,0,153,176,176,0.98,49.0,0.188,1,0.855,1,216
LA-2026-2488,Tamil Nadu,Madurai,Major Irrigation & Canal,Critical,Stage 6: Land Possession & Handover,32.11,158,124,240.79,88.22,79.75,8.47,0.904,8,0.267,7,72,3,0,3,1,0,0,109,286,95,0.98,74.1,0.266,2,0.632,1,180
LA-2026-2489,Odisha,Sundargarh,Major Irrigation & Canal,High,Stage 4: Section 19 Declaration,77.56,693,740,299.05,110.81,25.82,84.99,0.233,6,0.353,8,55,11,0,11,0,0,0,129,173,49,0.98,76.9,0.399,0,0.765,1,457
LA-2026-2490,Odisha,Sundargarh,Renewable Energy Solar Park,Critical,Stage 3: Section 15 Hearing & Objections,86.84,286,262,385.67,160.22,8.97,151.25,0.056,2,0.118,6,92,2,0,2,0,0,0,78,523,-23,0.98,99.0,0.412,0,0.734,1,209
LA-2026-2491,Maharashtra,Aurangabad,Rural Road Connectivity (PMGSY),High,Stage 2: Section 11 Notification,62.08,281,244,147.58,75.38,11.08,64.3,0.147,27,0.818,0,0,5,1,9,0,0,0,77,109,617,0.98,14.0,0.264,4,0.861,1,184
LA-2026-2492,Tamil Nadu,Madurai,High-Speed Rail / DFC,Cabinet Fast-Track,Stage 5: Valuation & Compensation Award,57.72,471,328,216.88,67.54,52.07,15.47,0.771,24,0.828,7,107,8,0,8,0,0,0,31,414,171,0.98,69.8,0.263,3,0.671,1,143
LA-2026-2493,Gujarat,Rajkot,Rural Road Connectivity (PMGSY),High,Stage 1: Preliminary Survey & SIA,14.53,155,111,48.98,18.9,3.08,15.82,0.163,2,0.095,8,47,4,0,4,0,0,0,178,218,30,0.98,86.9,0.144,0,0.693,1,182
LA-2026-2494,Gujarat,Rajkot,Major Irrigation & Canal,High,Stage 3: Section 15 Hearing & Objections,22.0,156,149,53.5,26.1,3.65,22.45,0.14,10,0.476,0,0,1,0,1,0,0,0,142,35,257,0.98,11.0,0.162,3,0.524,1,253
LA-2026-2495,Maharashtra,Thane,High-Speed Rail / DFC,Critical,Stage 5: Valuation & Compensation Award,109.35,391,279,193.22,76.89,48.13,28.76,0.626,3,0.231,3,56,7,1,11,1,1,0,96,64,554,0.98,9.4,0.466,3,0.761,1,362
LA-2026-2496,Karnataka,Bengaluru Rural,Rural Road Connectivity (PMGSY),Cabinet Fast-Track,Stage 4: Section 19 Declaration,32.51,132,82,151.14,46.82,15.83,30.99,0.338,5,0.294,6,52,6,0,6,0,0,0,44,310,-7,0.98,99.0,0.458,0,0.633,1,208
LA-2026-2497,Maharashtra,Aurangabad,Major Irrigation & Canal,Cabinet Fast-Track,Stage 6: Land Possession & Handover,33.05,278,204,144.43,62.85,52.1,10.75,0.829,2,0.061,6,60,5,0,5,1,0,0,94,287,116,0.98,70.2,0.307,1,0.66,1,128
LA-2026-2498,Rajasthan,Alwar,National Highway Corridor,Critical,Stage 3: Section 15 Hearing & Objections,35.53,200,152,148.44,40.41,6.71,33.7,0.166,18,0.857,2,17,3,0,3,0,1,0,173,52,458,0.98,9.2,0.359,4,0.72,1,240
LA-2026-2499,Madhya Pradesh,Bhopal,Renewable Energy Solar Park,Cabinet Fast-Track,Stage 4: Section 19 Declaration,266.3,1949,2095,762.74,300.14,90.34,209.8,0.301,6,0.25,2,107,35,1,36,1,0,0,114,60,573,0.98,8.5,0.305,5,0.798,1,287
LA-2026-2500,Maharashtra,Nashik,High-Speed Rail / DFC,High,Stage 4: Section 19 Declaration,281.55,2324,1771,412.97,191.04,59.03,132.01,0.309,10,0.303,7,15,36,0,36,0,0,1,30,660,41,0.98,93.2,0.257,6,0.545,1,109
LA-2026-2501,Karnataka,Dharwad,National Highway Corridor,Cabinet Fast-Track,Stage 3: Section 15 Hearing & Objections,7.53,70,66,87.68,44.95,5.26,39.69,0.117,16,0.516,2,51,0,0,0,1,1,0,88,246,-60,0.98,99.0,0.216,4,0.672,1,128
LA-2026-2502,Karnataka,Bengaluru Rural,Urban Metro Transit Extension,High,Stage 2: Section 11 Notification,99.98,429,331,291.13,132.72,15.93,116.79,0.12,11,0.524,6,57,8,1,12,1,0,0,38,49,440,0.98,9.0,0.448,4,0.858,1,137
LA-2026-2503,Rajasthan,Jodhpur,National Highway Corridor,Critical,Stage 3: Section 15 Hearing & Objections,23.16,210,172,164.38,56.28,8.72,47.56,0.155,17,0.895,8,95,4,0,4,0,0,1,79,196,527,0.98,26.1,0.312,1,0.743,1,116
LA-2026-2504,Uttar Pradesh,Agra,Urban Metro Transit Extension,Normal,Stage 4: Section 19 Declaration,47.06,284,197,215.91,73.43,32.24,41.19,0.439,20,0.833,6,82,5,1,7,0,0,0,11,544,118,0.98,81.2,0.329,4,0.744,1,192
LA-2026-2505,Maharashtra,Pune,Major Irrigation & Canal,Critical,Stage 2: Section 11 Notification,126.31,1079,817,487.24,228.42,35.41,193.01,0.155,5,0.357,0,0,13,1,17,1,1,0,140,364,-39,0.98,99.0,0.334,4,0.98,1,229
LA-2026-2506,Gujarat,Rajkot,Urban Metro Transit Extension,Critical,Stage 5: Valuation & Compensation Award,109.96,928,941,235.39,80.39,63.83,16.56,0.794,8,0.667,8,4,18,0,18,0,1,0,62,79,557,0.98,11.4,0.128,1,0.482,1,131
LA-2026-2507,Madhya Pradesh,Indore,Renewable Energy Solar Park,High,Stage 4: Section 19 Declaration,576.16,2029,1900,669.21,216.73,103.16,113.57,0.476,18,0.562,4,107,28,0,28,1,0,0,54,593,11,0.98,97.2,0.218,3,0.639,1,188
LA-2026-2508,Gujarat,Bharuch,Renewable Energy Solar Park,Critical,Stage 5: Valuation & Compensation Award,158.94,791,621,613.68,234.93,125.22,109.71,0.533,20,0.769,4,11,13,1,14,0,1,0,175,358,10,0.98,96.3,0.263,4,0.867,1,240
LA-2026-2509,Madhya Pradesh,Bhopal,High-Speed Rail / DFC,Cabinet Fast-Track,Stage 2: Section 11 Notification,86.79,616,637,241.21,85.07,4.08,80.99,0.048,1,0.034,8,17,14,0,14,1,1,0,13,165,416,0.98,27.4,0.31,1,0.741,1,83
LA-2026-2510,Madhya Pradesh,Indore,Urban Metro Transit Extension,Critical,Stage 6: Land Possession & Handover,68.43,420,288,136.31,40.67,28.51,12.16,0.701,24,0.774,2,82,2,0,2,0,0,0,93,253,202,0.98,54.6,0.204,3,0.611,1,124
LA-2026-2511,Maharashtra,Pune,High-Speed Rail / DFC,Normal,Stage 2: Section 11 Notification,64.88,231,241,201.72,65.78,7.83,57.95,0.119,11,0.647,3,52,2,0,2,0,0,1,86,176,306,0.98,35.5,0.32,1,0.698,1,126
LA-2026-2512,Rajasthan,Kota,High-Speed Rail / DFC,Normal,Stage 5: Valuation & Compensation Award,77.39,430,328,127.85,33.66,24.2,9.46,0.719,3,0.088,3,78,5,0,5,1,0,1,113,492,-40,0.98,99.0,0.249,3,0.688,1,141
LA-2026-2513,Odisha,Sundargarh,Rural Road Connectivity (PMGSY),Critical,Stage 6: Land Possession & Handover,55.19,311,300,262.07,99.93,87.94,11.99,0.88,27,0.794,4,64,6,0,6,0,0,0,66,393,147,0.98,71.8,0.381,6,0.616,1,206
LA-2026-2514,Tamil Nadu,Kanchipuram,High-Speed Rail / DFC,Cabinet Fast-Track,Stage 5: Valuation & Compensation Award,185.7,1507,1522,451.46,194.82,106.76,88.06,0.548,3,0.188,5,111,14,0,14,0,0,1,149,552,-94,0.98,99.0,0.404,5,0.806,1,227
LA-2026-2515,Madhya Pradesh,Gwalior,High-Speed Rail / DFC,High,Stage 5: Valuation & Compensation Award,42.43,183,165,173.53,62.72,45.6,17.12,0.727,12,0.5,7,77,1,0,1,0,0,0,19,249,167,0.98,58.9,0.348,1,0.457,0,0
LA-2026-2516,Odisha,Sambalpur,Industrial Smart City Corridor,Cabinet Fast-Track,Stage 4: Section 19 Declaration,120.72,963,943,352.62,191.18,73.03,118.15,0.382,5,0.25,8,49,20,1,24,1,0,0,22,99,259,0.98,26.7,0.311,3,0.689,1,104
LA-2026-2517,Uttar Pradesh,Agra,Renewable Energy Solar Park,Cabinet Fast-Track,Stage 2: Section 11 Notification,109.95,701,426,394.08,124.24,21.49,102.75,0.173,9,0.29,8,31,13,1,17,0,0,0,106,206,167,0.98,54.2,0.302,5,0.961,1,152
LA-2026-2518,Rajasthan,Alwar,Renewable Energy Solar Park,High,Stage 3: Section 15 Hearing & Objections,181.14,1157,882,397.74,179.48,32.13,147.35,0.179,7,0.467,4,67,12,1,15,0,1,0,87,42,582,0.98,5.8,0.352,1,0.711,1,131
LA-2026-2519,Karnataka,Mangaluru,National Highway Corridor,High,Stage 4: Section 19 Declaration,271.43,1842,1987,589.83,324.04,183.08,140.96,0.565,1,0.083,4,38,26,1,30,1,0,0,17,40,552,0.98,5.8,0.286,0,0.513,1,72
LA-2026-2520,Tamil Nadu,Coimbatore,Rural Road Connectivity (PMGSY),Normal,Stage 3: Section 15 Hearing & Objections,31.84,156,157,117.84,36.89,5.98,30.91,0.162,0,0.0,3,66,2,0,2,0,1,0,86,141,111,0.98,55.0,0.183,5,0.643,1,205
LA-2026-2521,Rajasthan,Jodhpur,National Highway Corridor,Cabinet Fast-Track,Stage 1: Preliminary Survey & SIA,180.83,916,774,577.29,145.65,1.6,144.05,0.011,4,0.235,4,116,16,1,18,1,0,1,86,422,93,0.98,81.0,0.282,4,0.918,1,226
LA-2026-2522,Rajasthan,Alwar,Major Irrigation & Canal,Normal,Stage 1: Preliminary Survey & SIA,201.9,579,564,379.43,109.87,17.91,91.96,0.163,30,1.0,8,117,7,0,7,0,0,0,42,440,7,0.98,97.5,0.4,3,0.944,1,151
LA-2026-2523,Gujarat,Ahmedabad,National Highway Corridor,Cabinet Fast-Track,Stage 4: Section 19 Declaration,129.59,950,863,452.64,189.18,73.02,116.16,0.386,7,0.583,6,52,12,1,16,0,1,0,170,281,272,0.98,49.8,0.193,5,0.817,1,224
LA-2026-2524,Tamil Nadu,Kanchipuram,Industrial Smart City Corridor,High,Stage 2: Section 11 Notification,32.83,161,114,158.41,67.99,13.12,54.87,0.193,5,0.333,5,28,2,0,2,0,0,0,75,532,-38,0.98,99.0,0.362,4,0.535,1,115
LA-2026-2525,Odisha,Angul,National Highway Corridor,Normal,Stage 4: Section 19 Declaration,9.2,80,54,93.35,23.86,14.2,9.66,0.595,5,0.278,1,63,3,0,3,0,0,1,136,531,157,0.98,76.2,0.44,4,0.678,1,207
LA-2026-2526,Gujarat,Ahmedabad,High-Speed Rail / DFC,Critical,Stage 3: Section 15 Hearing & Objections,76.9,503,535,288.32,73.17,2.78,70.39,0.038,15,0.536,3,26,10,0,10,0,0,0,60,332,-80,0.98,99.0,0.193,2,0.771,1,145
LA-2026-2527,Tamil Nadu,Salem,Industrial Smart City Corridor,Normal,Stage 6: Land Possession & Handover,75.72,568,561,150.77,41.62,37.87,3.75,0.91,7,0.583,8,53,16,0,16,0,1,0,120,535,-78,0.98,99.0,0.189,0,0.776,1,156
LA-2026-2528,Rajasthan,Alwar,Industrial Smart City Corridor,Normal,Stage 2: Section 11 Notification,93.93,573,424,384.29,136.88,9.72,127.16,0.071,11,0.846,8,109,15,0,15,0,0,0,171,271,-18,0.98,99.0,0.397,5,0.945,1,191
LA-2026-2529,Gujarat,Bharuch,Renewable Energy Solar Park,Critical,Stage 3: Section 15 Hearing & Objections,11.04,135,138,155.08,82.54,9.99,72.55,0.121,8,0.444,0,0,2,0,2,1,0,0,108,390,64,0.98,84.9,0.254,4,0.669,1,181
LA-2026-2530,Maharashtra,Thane,Industrial Smart City Corridor,Normal,Stage 2: Section 11 Notification,7.37,45,30,134.6,63.28,4.62,58.66,0.073,8,0.4,6,85,0,0,0,0,1,0,125,194,83,0.98,69.1,0.427,3,0.715,1,309
LA-2026-2531,Maharashtra,Nashik,Rural Road Connectivity (PMGSY),Cabinet Fast-Track,Stage 5: Valuation & Compensation Award,67.74,493,353,208.81,85.28,40.51,44.77,0.475,7,0.233,0,0,11,0,11,0,0,0,12,175,56,0.98,74.8,0.252,0,0.498,1,108
LA-2026-2532,Karnataka,Mangaluru,Rural Road Connectivity (PMGSY),High,Stage 5: Valuation & Compensation Award,85.08,687,751,236.72,72.67,52.47,20.2,0.722,13,0.394,6,50,6,0,6,0,1,0,16,306,-43,0.98,99.0,0.285,4,0.449,0,0
LA-2026-2533,Odisha,Sambalpur,Renewable Energy Solar Park,Cabinet Fast-Track,Stage 3: Section 15 Hearing & Objections,20.17,121,105,152.34,44.87,1.35,43.52,0.03,17,0.654,8,1,1,0,1,0,0,0,178,51,414,0.98,10.0,0.305,2,0.678,1,142
LA-2026-2534,Uttar Pradesh,Agra,Industrial Smart City Corridor,Cabinet Fast-Track,Stage 4: Section 19 Declaration,49.8,320,291,160.53,75.17,15.03,60.14,0.2,15,0.429,5,92,6,0,6,0,0,0,62,473,-82,0.98,99.0,0.334,3,0.825,1,156
LA-2026-2535,Tamil Nadu,Madurai,Rural Road Connectivity (PMGSY),Normal,Stage 3: Section 15 Hearing & Objections,69.53,522,488,218.75,73.74,8.26,65.48,0.112,1,0.037,8,92,6,0,6,0,1,0,120,84,615,0.98,11.0,0.277,1,0.661,1,124
LA-2026-2536,Maharashtra,Pune,Renewable Energy Solar Park,Normal,Stage 6: Land Possession & Handover,192.33,1316,872,230.27,98.2,62.85,35.35,0.64,3,0.214,2,103,22,0,22,0,0,0,30,257,211,0.98,53.9,0.347,2,0.541,1,247
LA-2026-2537,Maharashtra,Thane,High-Speed Rail / DFC,Cabinet Fast-Track,Stage 4: Section 19 Declaration,82.65,407,330,165.99,52.47,26.18,26.29,0.499,12,0.8,0,0,8,1,12,0,1,1,40,366,4,0.98,97.9,0.463,1,0.916,1,165
LA-2026-2538,Rajasthan,Jaipur,Major Irrigation & Canal,Cabinet Fast-Track,Stage 5: Valuation & Compensation Award,105.76,465,367,207.35,109.67,84.99,24.68,0.775,23,0.852,0,0,4,0,4,0,0,0,85,315,237,0.98,56.1,0.278,1,0.684,1,229
LA-2026-2539,Karnataka,Bengaluru Rural,Major Irrigation & Canal,Normal,Stage 5: Valuation & Compensation Award,124.18,927,886,206.56,52.89,39.24,13.65,0.742,10,0.333,3,73,19,1,23,0,1,0,168,105,474,0.98,17.2,0.522,3,0.63,1,131
LA-2026-2540,Gujarat,Surat,Industrial Smart City Corridor,Cabinet Fast-Track,Stage 3: Section 15 Hearing & Objections,80.29,456,487,116.84,41.76,0.13,41.63,0.003,12,0.75,1,94,10,0,10,0,0,0,13,267,285,0.98,47.4,0.214,3,0.652,1,139
LA-2026-2541,Maharashtra,Nagpur,Major Irrigation & Canal,Cabinet Fast-Track,Stage 3: Section 15 Hearing & Objections,17.06,126,130,86.9,37.76,1.81,35.95,0.048,1,0.053,6,50,1,0,1,0,0,0,110,83,435,0.98,15.0,0.305,1,0.487,1,114
LA-2026-2542,Uttar Pradesh,Agra,Industrial Smart City Corridor,Normal,Stage 2: Section 11 Notification,80.81,249,181,98.93,28.86,0.35,28.51,0.012,1,0.033,1,21,3,0,3,0,0,0,65,35,268,0.98,10.6,0.349,1,0.496,1,98
LA-2026-2543,Odisha,Sundargarh,National Highway Corridor,Critical,Stage 4: Section 19 Declaration,19.81,139,85,114.73,29.02,9.69,19.33,0.334,24,0.923,5,72,3,0,3,0,0,1,61,382,-41,0.98,99.0,0.409,5,0.806,1,136
LA-2026-2544,Gujarat,Rajkot,National Highway Corridor,Normal,Stage 5: Valuation & Compensation Award,12.25,107,94,137.49,49.99,37.39,12.6,0.748,14,0.875,5,117,1,0,1,0,0,0,21,470,256,0.98,63.8,0.164,6,0.548,1,64
LA-2026-2545,Tamil Nadu,Tiruchirappalli,High-Speed Rail / DFC,Normal,Stage 2: Section 11 Notification,71.51,541,394,257.35,136.82,17.24,119.58,0.126,7,0.318,8,11,5,1,6,1,0,0,83,318,154,0.98,66.4,0.262,5,0.98,1,141
LA-2026-2546,Odisha,Sambalpur,High-Speed Rail / DFC,Critical,Stage 4: Section 19 Declaration,26.42,267,169,128.02,41.57,11.85,29.72,0.285,5,0.208,2,76,6,0,6,1,0,1,111,368,101,0.98,77.5,0.321,5,0.767,1,340
LA-2026-2547,Madhya Pradesh,Gwalior,National Highway Corridor,High,Stage 6: Land Possession & Handover,123.98,548,549,341.62,179.99,129.41,50.58,0.719,9,0.562,8,54,7,1,8,0,1,0,117,135,463,0.98,21.6,0.342,3,0.867,1,203
LA-2026-2548,Maharashtra,Nagpur,High-Speed Rail / DFC,Critical,Stage 5: Valuation & Compensation Award,20.99,173,174,127.51,43.1,35.56,7.54,0.825,0,0.0,1,47,3,0,3,0,1,1,139,217,27,0.98,88.0,0.32,5,0.521,1,108
LA-2026-2549,Uttar Pradesh,Agra,Major Irrigation & Canal,Normal,Stage 4: Section 19 Declaration,34.47,214,148,193.85,76.36,21.92,54.44,0.287,14,0.5,0,0,4,0,4,1,0,0,98,85,528,0.98,12.9,0.363,1,0.778,1,145
LA-2026-2550,Karnataka,Mangaluru,Industrial Smart City Corridor,Critical,Stage 6: Land Possession & Handover,54.44,379,377,169.42,61.8,53.89,7.91,0.872,11,0.55,3,12,3,0,3,0,0,0,106,87,364,0.98,18.3,0.286,3,0.437,0,0
LA-2026-2551,Maharashtra,Thane,Urban Metro Transit Extension,Cabinet Fast-Track,Stage 5: Valuation & Compensation Award,420.03,2974,3025,896.82,466.35,357.22,109.13,0.766,25,0.781,6,95,38,0,38,0,1,0,144,359,-98,0.98,99.0,0.501,2,0.74,1,176
LA-2026-2552,Madhya Pradesh,Bhopal,Renewable Energy Solar Park,High,Stage 1: Preliminary Survey & SIA,16.64,120,91,104.66,36.81,7.03,29.78,0.191,29,0.906,6,70,0,0,0,0,0,0,77,536,-26,0.98,99.0,0.289,6,0.727,1,111
LA-2026-2553,Gujarat,Surat,Urban Metro Transit Extension,Cabinet Fast-Track,Stage 4: Section 19 Declaration,34.54,202,146,192.06,97.38,14.61,82.77,0.15,7,0.35,0,0,5,0,5,1,1,0,148,120,545,0.98,17.1,0.192,2,0.755,1,260
LA-2026-2554,Madhya Pradesh,Gwalior,High-Speed Rail / DFC,High,Stage 3: Section 15 Hearing & Objections,190.25,1641,1323,692.07,192.35,8.08,184.27,0.042,30,0.882,3,100,25,0,25,0,0,1,164,383,-56,0.98,99.0,0.405,1,0.975,1,203
LA-2026-2555,Gujarat,Vadodara,High-Speed Rail / DFC,High,Stage 2: Section 11 Notification,43.07,372,387,205.06,101.06,18.6,82.46,0.184,11,0.355,4,21,7,0,7,0,0,1,106,501,83,0.98,84.8,0.193,4,0.716,1,162
LA-2026-2556,Odisha,Sundargarh,National Highway Corridor,High,Stage 5: Valuation & Compensation Award,46.52,353,288,207.66,74.82,25.14,49.68,0.336,8,0.533,0,0,3,0,3,0,0,0,157,41,325,0.98,10.2,0.437,4,0.646,1,148
LA-2026-2557,Tamil Nadu,Madurai,High-Speed Rail / DFC,High,Stage 2: Section 11 Notification,103.71,780,601,491.64,161.26,15.64,145.62,0.097,9,0.29,0,0,10,0,10,0,0,0,28,705,-19,0.98,99.0,0.268,2,0.54,1,188
LA-2026-2558,Odisha,Sundargarh,Major Irrigation & Canal,Normal,Stage 5: Valuation & Compensation Award,31.98,234,249,150.49,63.22,23.26,39.96,0.368,4,0.118,3,70,7,0,7,1,0,0,155,476,35,0.98,92.2,0.43,6,0.809,1,261
LA-2026-2559,Tamil Nadu,Coimbatore,High-Speed Rail / DFC,High,Stage 1: Preliminary Survey & SIA,137.92,809,565,338.16,169.79,6.96,162.83,0.041,15,0.938,7,59,17,0,17,1,0,0,48,670,-48,0.98,99.0,0.273,0,0.894,1,148
LA-2026-2560,Madhya Pradesh,Gwalior,Industrial Smart City Corridor,Cabinet Fast-Track,Stage 1: Preliminary Survey & SIA,47.32,302,309,195.28,79.95,3.84,76.11,0.048,11,0.379,0,0,3,0,3,0,0,0,63,33,600,0.98,4.2,0.372,2,0.591,1,131
LA-2026-2561,Gujarat,Bharuch,Renewable Energy Solar Park,Critical,Stage 3: Section 15 Hearing & Objections,95.45,422,313,352.29,193.09,10.43,182.66,0.054,30,0.938,4,93,8,1,12,0,0,0,19,116,358,0.98,23.5,0.27,3,0.8,1,107
LA-2026-2562,Odisha,Sambalpur,High-Speed Rail / DFC,Cabinet Fast-Track,Stage 6: Land Possession & Handover,21.78,131,119,131.98,54.15,50.74,3.41,0.937,29,0.967,0,0,1,0,1,0,1,0,105,171,439,0.98,27.1,0.317,1,0.548,1,177
LA-2026-2563,Madhya Pradesh,Indore,Rural Road Connectivity (PMGSY),Critical,Stage 2: Section 11 Notification,25.36,213,221,116.83,58.38,5.25,53.13,0.09,4,0.114,4,73,4,0,4,0,0,0,115,298,295,0.98,49.3,0.211,4,0.801,1,128
LA-2026-2564,Karnataka,Bengaluru Rural,Renewable Energy Solar Park,High,Stage 6: Land Possession & Handover,58.29,253,254,192.81,63.98,53.68,10.3,0.839,17,0.5,1,32,1,0,1,0,0,0,148,618,58,0.98,90.4,0.5,4,0.5,1,174
LA-2026-2565,Odisha,Jajpur,National Highway Corridor,Critical,Stage 1: Preliminary Survey & SIA,79.05,476,414,178.21,92.35,18.01,74.34,0.195,9,0.36,3,16,9,1,11,1,0,1,116,103,289,0.98,25.3,0.408,1,0.945,1,147
LA-2026-2566,Uttar Pradesh,Lucknow,Industrial Smart City Corridor,Critical,Stage 5: Valuation & Compensation Award,96.9,462,380,305.76,108.77,58.74,50.03,0.54,0,0.0,1,23,5,0,5,0,0,0,74,263,264,0.98,48.9,0.343,1,0.68,1,117
LA-2026-2567,Gujarat,Surat,Rural Road Connectivity (PMGSY),Critical,Stage 3: Section 15 Hearing & Objections,64.56,288,223,215.01,53.96,5.45,48.51,0.101,10,0.588,6,91,7,0,7,0,0,0,173,206,281,0.98,41.3,0.215,6,0.748,1,187
LA-2026-2568,Gujarat,Surat,High-Speed Rail / DFC,Cabinet Fast-Track,Stage 1: Preliminary Survey & SIA,67.32,429,319,247.22,87.69,6.75,80.94,0.077,18,0.545,1,49,5,0,5,1,0,0,94,89,585,0.98,12.2,0.204,2,0.797,1,138
LA-2026-2569,Odisha,Angul,Industrial Smart City Corridor,Cabinet Fast-Track,Stage 5: Valuation & Compensation Award,27.1,123,117,64.25,22.56,12.09,10.47,0.536,12,1.0,5,65,0,0,0,0,0,0,110,307,422,0.98,41.1,0.492,6,0.648,1,125
LA-2026-2570,Madhya Pradesh,Indore,Urban Metro Transit Extension,High,Stage 3: Section 15 Hearing & Objections,94.57,351,369,273.62,102.85,17.28,85.57,0.168,3,0.125,0,0,3,0,3,1,0,0,61,187,448,0.98,28.5,0.252,3,0.658,1,132
LA-2026-2571,Uttar Pradesh,Agra,Major Irrigation & Canal,High,Stage 2: Section 11 Notification,111.64,768,648,257.78,73.37,13.94,59.43,0.19,10,0.435,7,87,11,0,11,0,0,0,92,244,37,0.98,85.9,0.367,4,0.667,1,240
LA-2026-2572,Madhya Pradesh,Jabalpur,Industrial Smart City Corridor,Critical,Stage 4: Section 19 Declaration,358.4,1912,1973,816.02,259.9,76.15,183.75,0.293,15,0.75,6,35,20,1,21,0,0,0,54,132,408,0.98,23.5,0.325,6,0.915,1,113
LA-2026-2573,Madhya Pradesh,Ujjain,Rural Road Connectivity (PMGSY),High,Stage 2: Section 11 Notification,58.84,474,456,219.28,59.66,2.09,57.57,0.035,12,0.48,5,32,7,1,9,1,0,0,28,212,26,0.98,88.1,0.278,0,0.861,1,255
LA-2026-2574,Rajasthan,Kota,National Highway Corridor,High,Stage 3: Section 15 Hearing & Objections,62.39,333,300,193.77,84.94,3.99,80.95,0.047,17,0.68,6,2,5,0,5,0,0,1,145,133,253,0.98,33.5,0.237,0,0.799,1,161
LA-2026-2575,Rajasthan,Jaipur,High-Speed Rail / DFC,Cabinet Fast-Track,Stage 5: Valuation & Compensation Award,64.33,376,350,195.59,97.39,38.47,58.92,0.395,6,0.375,8,82,7,0,7,0,0,1,78,182,44,0.98,79.6,0.302,4,0.717,1,128
LA-2026-2576,Karnataka,Bengaluru Rural,Renewable Energy Solar Park,Critical,Stage 6: Land Possession & Handover,91.2,783,540,345.75,168.24,141.15,27.09,0.839,0,0.0,6,81,13,1,17,0,0,0,78,138,112,0.98,54.2,0.487,4,0.718,1,188
LA-2026-2577,Rajasthan,Jodhpur,Rural Road Connectivity (PMGSY),Critical,Stage 4: Section 19 Declaration,40.92,216,136,130.82,67.53,27.35,40.18,0.405,6,0.4,5,49,3,0,3,0,0,0,78,314,22,0.98,92.5,0.274,0,0.624,1,163
LA-2026-2578,Rajasthan,Jodhpur,Industrial Smart City Corridor,Cabinet Fast-Track,Stage 5: Valuation & Compensation Award,51.1,286,218,199.08,69.75,45.48,24.27,0.652,9,0.75,5,63,3,0,3,0,0,0,140,336,347,0.98,48.2,0.245,5,0.65,1,129
LA-2026-2579,Maharashtra,Thane,Renewable Energy Solar Park,Normal,Stage 4: Section 19 Declaration,30.19,190,144,128.59,36.48,15.5,20.98,0.425,16,0.471,4,18,2,0,2,0,1,0,53,31,591,0.98,4.0,0.449,1,0.499,1,162
LA-2026-2580,Uttar Pradesh,Noida,Renewable Energy Solar Park,High,Stage 1: Preliminary Survey & SIA,10.27,112,119,98.62,27.88,1.73,26.15,0.062,7,0.583,3,108,2,0,2,1,1,0,166,317,396,0.98,43.5,0.515,5,0.764,1,196
LA-2026-2581,Rajasthan,Alwar,Major Irrigation & Canal,Critical,Stage 1: Preliminary Survey & SIA,206.38,1594,1184,485.85,243.6,36.05,207.55,0.148,23,0.742,1,84,24,1,28,0,0,0,102,501,126,0.98,78.9,0.365,5,0.901,1,155
LA-2026-2582,Gujarat,Surat,National Highway Corridor,High,Stage 4: Section 19 Declaration,231.1,629,647,584.97,240.54,43.3,197.24,0.18,32,0.941,4,13,12,0,12,0,1,0,111,562,-55,0.98,99.0,0.198,3,0.877,1,197
LA-2026-2583,Maharashtra,Thane,Urban Metro Transit Extension,Cabinet Fast-Track,Stage 2: Section 11 Notification,5.83,71,65,158.7,58.55,6.03,52.52,0.103,15,0.6,4,118,0,0,0,1,0,0,127,199,267,0.98,41.7,0.466,1,0.706,1,133
LA-2026-2584,Maharashtra,Nashik,Major Irrigation & Canal,High,Stage 3: Section 15 Hearing & Objections,53.98,356,369,253.11,133.2,14.12,119.08,0.106,5,0.152,5,11,5,0,5,0,0,0,174,366,32,0.98,91.0,0.267,3,0.779,1,155
LA-2026-2585,Gujarat,Vadodara,Rural Road Connectivity (PMGSY),High,Stage 3: Section 15 Hearing & Objections,261.82,1245,984,815.35,244.99,45.81,199.18,0.187,13,0.619,8,75,19,0,19,0,0,0,154,378,172,0.98,67.7,0.178,3,0.743,1,337
LA-2026-2586,Gujarat,Surat,Urban Metro Transit Extension,Cabinet Fast-Track,Stage 4: Section 19 Declaration,248.53,683,727,732.47,387.13,170.34,216.79,0.44,0,0.0,2,113,9,1,13,0,1,0,138,669,-28,0.98,99.0,0.227,6,0.954,1,183
LA-2026-2587,Madhya Pradesh,Jabalpur,Rural Road Connectivity (PMGSY),Critical,Stage 4: Section 19 Declaration,152.71,1075,729,271.13,129.01,17.42,111.59,0.135,14,0.7,7,74,23,1,26,0,0,0,151,86,552,0.98,12.5,0.337,2,0.814,1,150
LA-2026-2588,Odisha,Sundargarh,Renewable Energy Solar Park,Normal,Stage 3: Section 15 Hearing & Objections,36.25,186,190,194.45,76.77,8.98,67.79,0.117,16,0.615,1,45,4,0,4,0,0,0,63,261,-41,0.98,99.0,0.416,4,0.749,1,256
LA-2026-2589,Tamil Nadu,Madurai,Renewable Energy Solar Park,Cabinet Fast-Track,Stage 5: Valuation & Compensation Award,50.53,154,108,242.64,115.22,62.68,52.54,0.544,8,0.286,8,65,1,0,1,1,1,0,63,593,1,0.98,98.9,0.292,1,0.466,0,0
LA-2026-2590,Maharashtra,Nashik,Major Irrigation & Canal,Normal,Stage 4: Section 19 Declaration,307.97,2497,2295,574.07,186.96,92.17,94.79,0.493,6,0.182,2,14,26,0,26,0,0,0,112,333,90,0.98,77.7,0.241,2,0.663,1,178
LA-2026-2591,Uttar Pradesh,Prayagraj,Rural Road Connectivity (PMGSY),Normal,Stage 3: Section 15 Hearing & Objections,62.18,544,500,225.27,78.41,10.19,68.22,0.13,6,0.188,8,98,10,1,11,0,0,0,109,689,26,0.98,95.4,0.384,3,0.951,1,224
LA-2026-2592,Maharashtra,Pune,National Highway Corridor,Cabinet Fast-Track,Stage 5: Valuation & Compensation Award,13.76,158,124,73.37,23.35,14.8,8.55,0.634,4,0.25,6,70,3,0,3,1,0,0,133,142,173,0.98,44.1,0.333,5,0.713,1,295
LA-2026-2593,Madhya Pradesh,Jabalpur,Renewable Energy Solar Park,Cabinet Fast-Track,Stage 5: Valuation & Compensation Award,9.3,74,58,70.86,20.92,11.57,9.35,0.553,6,0.462,7,41,0,0,0,0,0,0,90,395,33,0.98,91.3,0.351,6,0.557,1,105
LA-2026-2594,Karnataka,Mysuru,Industrial Smart City Corridor,Critical,Stage 3: Section 15 Hearing & Objections,288.97,2184,1622,1045.06,462.12,9.24,452.88,0.02,7,0.269,1,98,28,1,30,0,0,0,134,43,593,0.98,5.8,0.262,5,0.812,1,149
LA-2026-2595,Odisha,Angul,Urban Metro Transit Extension,Normal,Stage 3: Section 15 Hearing & Objections,108.85,473,334,410.76,137.22,7.27,129.95,0.053,15,0.536,3,66,5,1,8,0,0,0,33,359,-49,0.98,99.0,0.454,4,0.882,1,211
LA-2026-2596,Karnataka,Bengaluru Rural,National Highway Corridor,Critical,Stage 3: Section 15 Hearing & Objections,97.8,615,630,110.68,35.83,6.09,29.74,0.17,6,0.188,2,119,10,1,13,1,0,0,23,524,-29,0.98,99.0,0.467,2,0.734,1,261
LA-2026-2597,Madhya Pradesh,Ujjain,Renewable Energy Solar Park,Normal,Stage 1: Preliminary Survey & SIA,18.2,88,73,151.13,39.92,6.99,32.93,0.175,28,0.903,8,6,0,0,0,1,0,0,125,254,-36,0.98,99.0,0.269,2,0.699,1,155
LA-2026-2598,Tamil Nadu,Madurai,Major Irrigation & Canal,Critical,Stage 4: Section 19 Declaration,133.91,953,891,300.12,123.49,57.18,66.31,0.463,0,0.0,3,104,16,0,16,0,0,0,157,514,87,0.98,84.5,0.222,0,0.655,1,151
LA-2026-2599,Uttar Pradesh,Agra,High-Speed Rail / DFC,High,Stage 1: Preliminary Survey & SIA,40.87,305,318,233.03,96.26,2.31,93.95,0.024,16,0.593,3,111,3,0,3,0,0,0,65,521,-15,0.98,99.0,0.335,1,0.787,1,145
LA-2026-2600,Gujarat,Rajkot,High-Speed Rail / DFC,Normal,Stage 4: Section 19 Declaration,142.89,1006,1099,328.47,166.42,44.27,122.15,0.266,2,0.059,2,72,19,0,19,0,0,0,63,602,-20,0.98,99.0,0.128,1,0.781,1,161
LA-2026-2601,Karnataka,Mysuru,High-Speed Rail / DFC,Critical,Stage 3: Section 15 Hearing & Objections,105.74,405,418,244.68,102.4,16.28,86.12,0.159,11,0.379,4,68,8,1,12,1,0,1,27,411,153,0.98,71.9,0.257,2,0.841,1,126
LA-2026-2602,Madhya Pradesh,Gwalior,Urban Metro Transit Extension,Critical,Stage 3: Section 15 Hearing & Objections,261.74,2084,2262,448.13,166.73,30.68,136.05,0.184,23,1.0,5,69,32,1,33,0,0,0,41,402,-42,0.98,99.0,0.351,4,0.98,1,138
LA-2026-2603,Uttar Pradesh,Agra,National Highway Corridor,Cabinet Fast-Track,Stage 4: Section 19 Declaration,39.98,326,293,122.95,64.95,9.55,55.4,0.147,2,0.118,8,85,4,0,4,0,1,0,51,43,481,0.98,7.2,0.346,2,0.558,1,252
LA-2026-2604,Uttar Pradesh,Varanasi,Rural Road Connectivity (PMGSY),Critical,Stage 6: Land Possession & Handover,87.42,448,274,318.19,161.08,132.89,28.19,0.825,3,0.088,4,104,3,0,3,0,0,0,108,521,-61,0.98,99.0,0.417,2,0.517,1,123
LA-2026-2605,Maharashtra,Nagpur,Renewable Energy Solar Park,High,Stage 3: Section 15 Hearing & Objections,43.91,384,231,268.78,122.22,19.8,102.42,0.162,15,0.469,3,98,5,0,5,0,0,0,180,325,269,0.98,53.7,0.278,2,0.824,1,254
LA-2026-2606,Maharashtra,Aurangabad,Urban Metro Transit Extension,Cabinet Fast-Track,Stage 4: Section 19 Declaration,51.57,293,192,200.84,88.94,29.35,59.59,0.33,13,0.722,6,57,4,0,4,0,0,0,152,89,282,0.98,23.0,0.285,3,0.77,1,161
LA-2026-2607,Madhya Pradesh,Gwalior,National Highway Corridor,Normal,Stage 4: Section 19 Declaration,82.92,530,434,272.17,77.34,12.92,64.42,0.167,5,0.25,0,0,8,1,10,0,0,0,71,433,67,0.98,85.6,0.367,4,0.882,1,117
LA-2026-2608,Maharashtra,Pune,High-Speed Rail / DFC,Cabinet Fast-Track,Stage 4: Section 19 Declaration,25.67,105,97,194.37,64.58,9.49,55.09,0.147,11,0.407,0,0,2,0,2,0,0,0,117,486,-80,0.98,99.0,0.324,5,0.648,1,114
LA-2026-2609,Tamil Nadu,Madurai,Rural Road Connectivity (PMGSY),Cabinet Fast-Track,Stage 3: Section 15 Hearing & Objections,40.47,295,206,196.78,84.01,13.02,70.99,0.155,10,0.323,3,31,4,0,4,0,0,0,16,330,130,0.98,70.8,0.274,6,0.672,1,201
LA-2026-2610,Madhya Pradesh,Jabalpur,Major Irrigation & Canal,Critical,Stage 1: Preliminary Survey & SIA,84.14,443,272,208.74,73.36,11.0,62.36,0.15,12,0.414,3,62,4,0,4,0,1,0,38,83,482,0.98,13.7,0.305,4,0.645,1,92
LA-2026-2611,Odisha,Angul,Renewable Energy Solar Park,Critical,Stage 6: Land Possession & Handover,181.34,619,542,294.01,152.78,107.71,45.07,0.705,21,0.778,7,48,9,0,9,1,0,0,56,357,-16,0.98,99.0,0.415,0,0.709,1,119
LA-2026-2612,Karnataka,Mangaluru,Industrial Smart City Corridor,Normal,Stage 1: Preliminary Survey & SIA,54.95,295,320,199.5,98.78,17.29,81.49,0.175,13,0.371,4,99,9,1,12,0,1,0,26,381,141,0.98,72.0,0.263,4,0.805,1,107
LA-2026-2613,Karnataka,Mangaluru,National Highway Corridor,Critical,Stage 6: Land Possession & Handover,72.44,291,307,322.01,131.99,99.12,32.87,0.751,4,0.286,5,35,4,0,4,0,1,0,69,519,-93,0.98,99.0,0.299,2,0.617,1,98
LA-2026-2614,Karnataka,Mysuru,Industrial Smart City Corridor,Normal,Stage 6: Land Possession & Handover,30.61,259,278,55.81,15.39,9.62,5.77,0.625,14,0.5,5,27,2,0,2,0,1,0,144,498,-52,0.98,99.0,0.281,0,0.724,1,348
LA-2026-2615,Odisha,Jajpur,High-Speed Rail / DFC,Cabinet Fast-Track,Stage 2: Section 11 Notification,32.83,245,213,132.15,40.69,6.55,34.14,0.161,6,0.214,0,0,5,0,5,0,1,0,34,465,160,0.98,73.4,0.428,4,0.648,1,116
LA-2026-2616,Rajasthan,Jodhpur,National Highway Corridor,Critical,Stage 3: Section 15 Hearing & Objections,346.87,2603,1600,430.79,141.72,11.76,129.96,0.083,4,0.286,3,55,42,0,42,0,0,1,33,196,70,0.98,72.7,0.306,6,0.571,1,222
LA-2026-2617,Uttar Pradesh,Prayagraj,Major Irrigation & Canal,Normal,Stage 1: Preliminary Survey & SIA,56.33,450,384,171.28,62.63,10.52,52.11,0.168,13,0.591,4,16,9,1,13,0,0,0,144,676,-81,0.98,99.0,0.399,6,0.98,1,201
LA-2026-2618,Maharashtra,Nagpur,Rural Road Connectivity (PMGSY),Cabinet Fast-Track,Stage 1: Preliminary Survey & SIA,157.31,676,570,585.95,187.01,0.37,186.64,0.002,8,0.348,2,90,10,0,10,1,1,0,28,155,227,0.98,39.6,0.309,0,0.737,1,95
LA-2026-2619,Gujarat,Bharuch,Major Irrigation & Canal,Critical,Stage 4: Section 19 Declaration,51.87,371,363,125.69,34.83,17.21,17.62,0.494,5,0.312,4,94,7,1,10,1,0,0,93,49,474,0.98,8.4,0.24,0,0.675,1,187
LA-2026-2620,Uttar Pradesh,Noida,National Highway Corridor,Critical,Stage 1: Preliminary Survey & SIA,76.85,233,157,205.07,72.83,12.38,60.45,0.17,13,0.542,3,26,1,0,1,0,1,0,34,39,286,0.98,11.0,0.529,2,0.559,1,99
LA-2026-2621,Maharashtra,Pune,Industrial Smart City Corridor,High,Stage 1: Preliminary Survey & SIA,50.75,269,198,168.6,54.15,1.52,52.63,0.028,1,0.059,5,48,2,0,2,1,0,0,180,124,189,0.98,38.6,0.317,5,0.695,1,154
LA-2026-2622,Maharashtra,Pune,National Highway Corridor,High,Stage 3: Section 15 Hearing & Objections,58.78,338,279,247.07,62.38,4.55,57.83,0.073,18,0.947,1,24,6,1,8,0,0,1,63,344,383,0.98,46.3,0.334,1,0.902,1,123
LA-2026-2623,Gujarat,Surat,Urban Metro Transit Extension,Critical,Stage 2: Section 11 Notification,5.14,58,42,56.76,29.85,2.99,26.86,0.1,6,0.375,4,23,2,0,2,0,0,0,95,320,281,0.98,52.3,0.203,4,0.746,1,136
LA-2026-2624,Rajasthan,Alwar,Rural Road Connectivity (PMGSY),Normal,Stage 2: Section 11 Notification,217.45,603,618,525.76,240.58,12.03,228.55,0.05,8,0.444,2,95,11,1,14,0,0,0,119,470,-20,0.98,99.0,0.398,3,0.837,1,187
LA-2026-2625,Karnataka,Belagavi,Urban Metro Transit Extension,Critical,Stage 3: Section 15 Hearing & Objections,275.69,824,851,652.33,292.72,58.25,234.47,0.199,24,1.0,1,42,11,0,11,0,0,0,101,267,396,0.98,39.3,0.219,6,0.786,1,143
LA-2026-2626,Odisha,Sambalpur,Rural Road Connectivity (PMGSY),Normal,Stage 2: Section 11 Notification,144.12,829,596,264.31,127.77,10.6,117.17,0.083,7,0.304,8,7,14,0,14,0,0,0,50,429,250,0.98,62.2,0.321,6,0.69,1,178
LA-2026-2627,Odisha,Sundargarh,High-Speed Rail / DFC,Cabinet Fast-Track,Stage 5: Valuation & Compensation Award,223.86,1734,1499,302.22,103.56,55.82,47.74,0.539,24,0.923,4,118,34,0,34,0,0,1,83,193,366,0.98,33.5,0.42,4,0.804,1,127
LA-2026-2628,Madhya Pradesh,Indore,Rural Road Connectivity (PMGSY),Critical,Stage 5: Valuation & Compensation Award,5.81,47,46,120.64,41.82,26.18,15.64,0.626,12,0.667,7,118,2,0,2,0,0,0,84,108,327,0.98,23.8,0.235,0,0.664,1,146
LA-2026-2629,Gujarat,Rajkot,Rural Road Connectivity (PMGSY),Cabinet Fast-Track,Stage 3: Section 15 Hearing & Objections,6.99,106,76,100.66,48.31,3.19,45.12,0.066,9,0.5,6,70,2,0,2,0,0,0,79,195,214,0.98,46.7,0.161,4,0.746,1,266
LA-2026-2630,Maharashtra,Nashik,Rural Road Connectivity (PMGSY),Normal,Stage 6: Land Possession & Handover,5.02,75,59,84.51,27.77,23.41,4.36,0.843,18,0.667,3,78,2,0,2,0,0,0,154,181,149,0.98,53.9,0.247,5,0.634,1,125
LA-2026-2631,Uttar Pradesh,Agra,National Highway Corridor,Critical,Stage 3: Section 15 Hearing & Objections,61.78,232,185,195.62,63.12,5.81,57.31,0.092,16,0.667,3,88,4,0,4,1,1,0,35,115,577,0.98,15.6,0.357,3,0.719,1,229
LA-2026-2632,Gujarat,Rajkot,National Highway Corridor,Cabinet Fast-Track,Stage 2: Section 11 Notification,33.92,307,237,116.35,51.47,4.94,46.53,0.096,8,0.533,8,78,5,0,5,0,0,0,11,426,-76,0.98,99.0,0.131,1,0.686,1,86
LA-2026-2633,Madhya Pradesh,Jabalpur,Renewable Energy Solar Park,High,Stage 4: Section 19 Declaration,70.73,631,511,273.07,76.26,22.73,53.53,0.298,6,0.25,4,100,8,0,8,0,0,0,83,92,222,0.98,28.3,0.334,1,0.755,1,193
LA-2026-2634,Gujarat,Rajkot,Rural Road Connectivity (PMGSY),Critical,Stage 5: Valuation & Compensation Award,87.44,516,531,432.41,160.47,99.81,60.66,0.622,6,0.194,7,17,7,0,7,0,0,0,58,240,355,0.98,39.4,0.117,2,0.581,1,136
LA-2026-2635,Maharashtra,Nagpur,Major Irrigation & Canal,Critical,Stage 3: Section 15 Hearing & Objections,207.27,1037,1065,708.01,364.68,6.56,358.12,0.018,26,0.812,6,91,14,1,18,0,0,0,56,86,175,0.98,32.0,0.295,0,0.84,1,279
LA-2026-2636,Madhya Pradesh,Ujjain,High-Speed Rail / DFC,High,Stage 2: Section 11 Notification,45.37,414,437,171.29,47.9,1.63,46.27,0.034,1,0.077,6,13,4,0,4,0,0,1,38,337,68,0.98,82.2,0.262,6,0.65,1,97
LA-2026-2637,Karnataka,Mangaluru,Renewable Energy Solar Park,Critical,Stage 5: Valuation & Compensation Award,133.7,1110,1073,511.76,198.34,150.34,48.0,0.758,7,0.368,4,34,13,1,17,0,1,0,59,71,143,0.98,32.2,0.291,5,0.717,1,188
LA-2026-2638,Tamil Nadu,Tiruchirappalli,Rural Road Connectivity (PMGSY),Normal,Stage 5: Valuation & Compensation Award,61.0,370,303,281.94,77.34,60.02,17.32,0.776,16,0.471,1,93,5,1,6,0,1,0,149,318,-92,0.98,99.0,0.252,0,0.837,1,174
LA-2026-2639,Tamil Nadu,Tiruchirappalli,National Highway Corridor,Normal,Stage 4: Section 19 Declaration,53.29,477,408,255.48,75.93,9.42,66.51,0.124,5,0.156,0,0,3,0,3,0,0,1,158,174,16,0.98,90.6,0.229,0,0.741,1,146
LA-2026-2640,Gujarat,Bharuch,Renewable Energy Solar Park,Cabinet Fast-Track,Stage 5: Valuation & Compensation Award,44.5,369,261,157.83,57.93,37.13,20.8,0.641,11,0.846,1,112,4,0,4,1,0,0,149,236,65,0.98,77.4,0.254,0,0.65,1,170
LA-2026-2641,Karnataka,Belagavi,Renewable Energy Solar Park,Critical,Stage 4: Section 19 Declaration,35.85,321,232,92.47,35.09,10.98,24.11,0.313,10,0.556,3,9,3,0,3,0,0,0,25,189,258,0.98,41.3,0.23,5,0.498,1,87
LA-2026-2642,Uttar Pradesh,Agra,Rural Road Connectivity (PMGSY),Normal,Stage 1: Preliminary Survey & SIA,93.87,787,684,198.75,93.85,1.6,92.25,0.017,15,0.682,1,109,10,0,10,0,1,0,30,90,481,0.98,14.8,0.392,1,0.658,1,111
LA-2026-2643,Uttar Pradesh,Prayagraj,Urban Metro Transit Extension,Critical,Stage 1: Preliminary Survey & SIA,232.22,1202,739,762.28,278.09,16.13,261.96,0.058,21,0.808,0,0,21,1,22,1,0,0,87,99,97,0.98,49.5,0.405,3,0.98,1,136
LA-2026-2644,Tamil Nadu,Madurai,High-Speed Rail / DFC,Cabinet Fast-Track,Stage 3: Section 15 Hearing & Objections,15.92,105,71,131.5,44.08,4.32,39.76,0.098,15,0.6,8,47,0,0,0,0,0,0,64,341,-85,0.98,99.0,0.291,1,0.635,1,123
LA-2026-2645,Uttar Pradesh,Lucknow,Urban Metro Transit Extension,Cabinet Fast-Track,Stage 2: Section 11 Notification,86.09,468,413,317.98,151.7,3.64,148.06,0.024,9,0.6,2,31,8,0,8,0,1,0,107,366,-73,0.98,99.0,0.361,5,0.933,1,203
LA-2026-2646,Karnataka,Bengaluru Rural,Industrial Smart City Corridor,High,Stage 1: Preliminary Survey & SIA,29.21,200,178,213.7,91.79,1.19,90.6,0.013,27,0.818,2,49,1,0,1,0,0,0,162,240,-8,0.98,99.0,0.467,2,0.732,1,163
LA-2026-2647,Gujarat,Vadodara,High-Speed Rail / DFC,Cabinet Fast-Track,Stage 1: Preliminary Survey & SIA,25.81,213,153,205.73,68.8,9.91,58.89,0.144,11,0.688,4,62,1,0,1,1,0,0,10,106,393,0.98,20.3,0.189,4,0.326,0,0
LA-2026-2648,Tamil Nadu,Tiruchirappalli,Renewable Energy Solar Park,Critical,Stage 6: Land Possession & Handover,314.18,1578,1458,823.52,320.86,268.24,52.62,0.836,18,0.643,3,7,28,1,29,0,0,0,82,649,-70,0.98,99.0,0.258,3,0.666,1,236
LA-2026-2649,Rajasthan,Kota,Urban Metro Transit Extension,Cabinet Fast-Track,Stage 3: Section 15 Hearing & Objections,12.1,146,106,90.66,34.53,4.42,30.11,0.128,4,0.19,2,57,0,0,0,1,1,0,139,402,152,0.98,71.6,0.247,3,0.586,1,127
LA-2026-2650,Gujarat,Vadodara,Major Irrigation & Canal,Critical,Stage 6: Land Possession & Handover,49.36,393,300,100.6,38.06,24.51,13.55,0.644,0,0.0,0,0,13,1,16,1,0,0,12,421,24,0.98,93.6,0.192,3,0.57,1,72
LA-2026-2651,Madhya Pradesh,Indore,Industrial Smart City Corridor,Normal,Stage 3: Section 15 Hearing & Objections,94.54,300,320,399.2,117.78,12.72,105.06,0.108,0,0.0,6,52,2,0,2,1,0,0,36,485,219,0.98,67.9,0.239,6,0.54,1,245
LA-2026-2652,Uttar Pradesh,Agra,High-Speed Rail / DFC,High,Stage 5: Valuation & Compensation Award,38.71,217,165,125.35,50.09,36.87,13.22,0.736,16,0.889,1,15,5,0,5,1,0,0,53,447,216,0.98,66.4,0.329,1,0.803,1,247
LA-2026-2653,Gujarat,Bharuch,High-Speed Rail / DFC,Critical,Stage 1: Preliminary Survey & SIA,10.16,109,106,143.78,59.09,4.25,54.84,0.072,4,0.182,8,24,2,0,2,0,0,1,130,314,414,0.98,42.2,0.283,2,0.766,1,222
LA-2026-2654,Uttar Pradesh,Lucknow,Urban Metro Transit Extension,Critical,Stage 3: Section 15 Hearing & Objections,62.89,237,190,296.47,74.65,9.93,64.72,0.133,3,0.2,3,44,1,0,1,0,0,0,105,146,152,0.98,48.0,0.376,2,0.668,1,334
LA-2026-2655,Karnataka,Belagavi,Rural Road Connectivity (PMGSY),Cabinet Fast-Track,Stage 3: Section 15 Hearing & Objections,42.3,402,354,197.14,100.58,15.89,84.69,0.158,18,0.643,2,118,5,0,5,0,1,0,174,422,-74,0.98,99.0,0.196,5,0.887,1,266
LA-2026-2656,Odisha,Angul,Renewable Energy Solar Park,Normal,Stage 3: Section 15 Hearing & Objections,59.88,307,314,158.81,78.98,13.43,65.55,0.17,2,0.167,8,2,4,0,4,1,0,0,71,566,89,0.98,85.4,0.434,4,0.705,1,184
LA-2026-2657,Tamil Nadu,Madurai,High-Speed Rail / DFC,Critical,Stage 4: Section 19 Declaration,20.31,102,95,143.6,61.77,23.35,38.42,0.378,8,0.533,4,60,0,0,0,0,0,0,140,159,361,0.98,29.6,0.245,1,0.603,1,188
LA-2026-2658,Maharashtra,Nagpur,National Highway Corridor,High,Stage 4: Section 19 Declaration,172.12,474,292,414.2,137.13,29.35,107.78,0.214,17,0.63,0,0,10,0,10,0,0,0,98,257,317,0.98,43.8,0.229,0,0.765,1,154
LA-2026-2659,Karnataka,Mangaluru,Urban Metro Transit Extension,Cabinet Fast-Track,Stage 3: Section 15 Hearing & Objections,172.62,890,629,547.06,298.59,57.33,241.26,0.192,0,0.0,5,104,16,1,19,0,0,0,113,450,-25,0.98,99.0,0.277,4,0.804,1,158
LA-2026-2660,Tamil Nadu,Kanchipuram,Renewable Energy Solar Park,Critical,Stage 5: Valuation & Compensation Award,20.28,96,95,164.43,71.32,48.43,22.89,0.679,27,0.871,0,0,1,0,1,0,1,0,117,243,-63,0.98,99.0,0.344,4,0.599,1,168
LA-2026-2661,Madhya Pradesh,Bhopal,Major Irrigation & Canal,Normal,Stage 2: Section 11 Notification,142.37,1009,802,499.35,150.34,8.27,142.07,0.055,14,0.56,3,29,13,0,13,0,1,0,94,228,1,0.98,98.6,0.311,3,0.98,1,181
LA-2026-2662,Odisha,Sundargarh,Major Irrigation & Canal,Cabinet Fast-Track,Stage 2: Section 11 Notification,39.12,331,264,149.97,66.25,11.92,54.33,0.18,2,0.069,4,75,4,0,4,1,0,0,179,244,164,0.98,58.8,0.408,5,0.853,1,219
LA-2026-2663,Maharashtra,Aurangabad,Industrial Smart City Corridor,High,Stage 3: Section 15 Hearing & Objections,15.05,148,128,64.14,21.43,1.29,20.14,0.06,12,0.706,4,34,2,0,2,0,0,0,167,660,-72,0.98,99.0,0.262,1,0.751,1,417
LA-2026-2664,Odisha,Khurda,Renewable Energy Solar Park,Critical,Stage 3: Section 15 Hearing & Objections,119.44,796,713,377.81,201.03,30.76,170.27,0.153,5,0.25,3,38,10,0,10,1,0,0,46,153,215,0.98,40.6,0.335,1,0.793,1,108
LA-2026-2665,Tamil Nadu,Kanchipuram,Urban Metro Transit Extension,Critical,Stage 1: Preliminary Survey & SIA,85.03,284,261,214.56,117.98,8.02,109.96,0.068,6,0.194,5,68,2,0,2,0,0,0,111,512,-80,0.98,99.0,0.344,4,0.648,1,211
LA-2026-2666,Maharashtra,Nashik,High-Speed Rail / DFC,Cabinet Fast-Track,Stage 6: Land Possession & Handover,32.08,168,152,169.57,61.69,38.56,23.13,0.625,5,0.25,5,57,1,0,1,0,1,0,51,45,522,0.98,7.0,0.277,4,0.342,0,0
LA-2026-2667,Odisha,Sambalpur,Industrial Smart City Corridor,Critical,Stage 2: Section 11 Notification,31.54,101,72,107.54,47.2,7.65,39.55,0.162,20,0.909,8,117,4,0,4,0,0,0,31,464,-57,0.98,99.0,0.293,2,0.72,1,98
LA-2026-2668,Maharashtra,Nagpur,Renewable Energy Solar Park,Cabinet Fast-Track,Stage 5: Valuation & Compensation Award,154.88,655,535,346.12,97.38,80.14,17.24,0.823,5,0.161,7,20,6,1,9,0,0,0,168,383,-15,0.98,99.0,0.264,0,0.751,1,383
LA-2026-2669,Tamil Nadu,Kanchipuram,Major Irrigation & Canal,Cabinet Fast-Track,Stage 3: Section 15 Hearing & Objections,26.39,108,82,89.71,31.81,2.58,29.23,0.081,15,0.455,2,115,1,0,1,0,0,0,101,91,270,0.98,24.2,0.325,6,0.573,1,100
LA-2026-2670,Maharashtra,Nashik,High-Speed Rail / DFC,High,Stage 4: Section 19 Declaration,123.32,429,465,352.88,114.11,11.87,102.24,0.104,7,0.467,2,64,7,1,10,1,0,0,65,63,480,0.98,10.6,0.226,0,0.754,1,160
LA-2026-2671,Uttar Pradesh,Prayagraj,High-Speed Rail / DFC,High,Stage 4: Section 19 Declaration,45.84,180,173,205.4,61.04,8.0,53.04,0.131,31,1.0,1,77,3,0,3,1,1,0,135,261,301,0.98,45.5,0.408,5,0.95,1,217
LA-2026-2672,Odisha,Angul,National Highway Corridor,Cabinet Fast-Track,Stage 3: Section 15 Hearing & Objections,48.24,374,279,86.0,37.87,3.71,34.16,0.098,22,0.917,4,89,3,0,3,0,0,0,97,460,-92,0.98,99.0,0.475,2,0.941,1,159
LA-2026-2673,Maharashtra,Nashik,Renewable Energy Solar Park,High,Stage 1: Preliminary Survey & SIA,169.72,780,651,601.47,240.41,31.25,209.16,0.13,13,0.371,2,95,9,1,13,0,0,0,98,103,77,0.98,56.2,0.258,4,0.98,1,226
LA-2026-2674,Uttar Pradesh,Noida,Industrial Smart City Corridor,Cabinet Fast-Track,Stage 2: Section 11 Notification,46.75,289,206,215.59,96.17,5.67,90.5,0.059,0,0.0,1,78,1,0,1,0,1,0,72,324,307,0.98,50.4,0.508,4,0.63,1,360
LA-2026-2675,Uttar Pradesh,Lucknow,Urban Metro Transit Extension,Cabinet Fast-Track,Stage 5: Valuation & Compensation Award,91.45,741,699,189.82,83.03,54.47,28.56,0.656,1,0.045,5,22,11,0,11,0,1,0,119,460,158,0.98,73.5,0.377,0,0.632,1,210
LA-2026-2676,Gujarat,Bharuch,National Highway Corridor,Critical,Stage 4: Section 19 Declaration,107.48,309,191,486.46,132.73,17.92,114.81,0.135,12,0.857,0,0,7,1,9,1,0,0,179,238,-2,0.98,99.0,0.261,3,0.857,1,213
LA-2026-2677,Maharashtra,Nashik,Urban Metro Transit Extension,Cabinet Fast-Track,Stage 1: Preliminary Survey & SIA,86.87,600,627,228.93,107.29,2.68,104.61,0.025,4,0.211,2,25,12,0,12,0,1,0,95,239,378,0.98,37.8,0.278,6,0.915,1,152
LA-2026-2678,Gujarat,Rajkot,Rural Road Connectivity (PMGSY),Critical,Stage 2: Section 11 Notification,8.4,67,68,86.24,46.88,2.67,44.21,0.057,15,0.789,1,10,3,0,3,1,0,0,116,406,298,0.98,56.7,0.179,0,0.846,1,208
LA-2026-2679,Maharashtra,Pune,Urban Metro Transit Extension,High,Stage 4: Section 19 Declaration,62.07,483,295,102.03,29.89,6.1,23.79,0.204,18,0.621,2,111,6,1,7,1,0,0,155,281,243,0.98,52.6,0.304,5,0.902,1,197
LA-2026-2680,Madhya Pradesh,Gwalior,Renewable Energy Solar Park,High,Stage 5: Valuation & Compensation Award,188.98,633,530,727.15,204.17,116.99,87.18,0.573,15,1.0,8,25,11,0,11,0,1,0,76,578,92,0.98,85.3,0.379,2,0.823,1,200
LA-2026-2681,Karnataka,Mangaluru,High-Speed Rail / DFC,Normal,Stage 4: Section 19 Declaration,96.6,492,530,421.97,110.01,32.56,77.45,0.296,6,0.5,5,20,5,0,5,1,0,0,180,170,110,0.98,59.7,0.298,1,0.813,1,223
LA-2026-2682,Odisha,Khurda,Rural Road Connectivity (PMGSY),High,Stage 1: Preliminary Survey & SIA,420.5,2052,2056,1008.27,507.08,37.02,470.06,0.073,7,0.304,3,62,25,0,25,0,0,0,90,173,194,0.98,46.2,0.366,3,0.869,1,128
LA-2026-2683,Rajasthan,Alwar,Industrial Smart City Corridor,Cabinet Fast-Track,Stage 6: Land Possession & Handover,16.5,124,131,150.8,77.49,57.89,19.6,0.747,8,0.471,4,90,4,0,4,1,0,0,50,466,14,0.98,96.1,0.348,5,0.596,1,139
LA-2026-2684,Gujarat,Vadodara,National Highway Corridor,Cabinet Fast-Track,Stage 2: Section 11 Notification,161.26,1038,964,671.07,201.55,5.84,195.71,0.029,12,0.545,8,118,20,1,21,0,0,0,117,320,-8,0.98,99.0,0.149,6,0.98,1,184
LA-2026-2685,Rajasthan,Alwar,Urban Metro Transit Extension,Cabinet Fast-Track,Stage 5: Valuation & Compensation Award,305.11,1871,1384,328.36,94.3,41.68,52.62,0.442,1,0.029,7,74,26,0,26,0,0,0,91,408,8,0.98,97.1,0.395,0,0.825,1,120
LA-2026-2686,Gujarat,Bharuch,National Highway Corridor,Critical,Stage 3: Section 15 Hearing & Objections,21.44,131,111,135.41,73.8,7.31,66.49,0.099,6,0.375,4,114,0,0,0,0,0,0,57,34,526,0.98,5.1,0.264,5,0.415,0,0
LA-2026-2687,Maharashtra,Thane,Industrial Smart City Corridor,Cabinet Fast-Track,Stage 4: Section 19 Declaration,41.5,203,186,122.47,59.3,19.51,39.79,0.329,9,0.6,0,0,1,0,1,1,0,0,105,170,484,0.98,25.0,0.478,4,0.489,1,110
LA-2026-2688,Gujarat,Ahmedabad,Industrial Smart City Corridor,Cabinet Fast-Track,Stage 2: Section 11 Notification,32.26,256,153,173.58,93.26,1.03,92.23,0.011,14,0.778,2,88,3,0,3,0,0,0,72,426,-99,0.98,99.0,0.243,2,0.828,1,116
LA-2026-2689,Uttar Pradesh,Agra,Major Irrigation & Canal,Cabinet Fast-Track,Stage 4: Section 19 Declaration,165.91,698,432,412.19,142.03,28.41,113.62,0.2,13,0.722,3,85,7,1,11,1,0,0,111,42,593,0.98,5.6,0.329,6,0.899,1,213
LA-2026-2690,Gujarat,Ahmedabad,Rural Road Connectivity (PMGSY),Normal,Stage 5: Valuation & Compensation Award,78.19,293,243,234.75,70.33,29.05,41.28,0.413,4,0.2,6,104,7,1,9,0,0,0,138,329,381,0.98,45.4,0.186,3,0.82,1,200
LA-2026-2691,Madhya Pradesh,Bhopal,Rural Road Connectivity (PMGSY),High,Stage 5: Valuation & Compensation Award,140.92,420,257,383.68,124.84,81.4,43.44,0.652,11,0.786,3,48,5,1,8,1,0,0,173,540,55,0.98,89.8,0.263,3,0.9,1,168
LA-2026-2692,Gujarat,Ahmedabad,Renewable Energy Solar Park,Critical,Stage 1: Preliminary Survey & SIA,47.38,213,210,101.89,53.61,3.97,49.64,0.074,4,0.222,4,79,1,0,1,0,0,0,39,83,383,0.98,16.8,0.225,1,0.456,0,0
LA-2026-2693,Odisha,Khurda,Rural Road Connectivity (PMGSY),Normal,Stage 3: Section 15 Hearing & Objections,60.7,309,240,291.45,131.11,20.58,110.53,0.157,3,0.125,7,44,4,0,4,0,0,0,84,199,91,0.98,67.6,0.331,5,0.694,1,186
LA-2026-2694,Maharashtra,Aurangabad,National Highway Corridor,High,Stage 4: Section 19 Declaration,130.33,524,467,457.73,141.62,18.55,123.07,0.131,2,0.057,4,32,8,0,8,1,0,0,173,620,81,0.98,87.5,0.29,3,0.789,1,210
LA-2026-2695,Odisha,Khurda,Urban Metro Transit Extension,High,Stage 1: Preliminary Survey & SIA,82.49,518,430,338.31,148.5,19.16,129.34,0.129,6,0.188,4,65,4,0,4,0,0,0,143,225,293,0.98,42.5,0.317,2,0.808,1,227
LA-2026-2696,Maharashtra,Nagpur,National Highway Corridor,Normal,Stage 2: Section 11 Notification,52.92,252,221,206.86,56.73,9.25,47.48,0.163,9,0.375,7,14,7,0,7,0,1,0,91,558,34,0.98,93.3,0.27,4,0.799,1,149
LA-2026-2697,Maharashtra,Nagpur,Major Irrigation & Canal,Normal,Stage 2: Section 11 Notification,220.15,1504,1284,319.65,97.38,2.04,95.34,0.021,13,0.406,7,89,10,1,11,0,0,0,153,740,-21,0.98,99.0,0.255,6,0.966,1,237
LA-2026-2698,Madhya Pradesh,Bhopal,National Highway Corridor,Cabinet Fast-Track,Stage 5: Valuation & Compensation Award,59.65,494,406,260.34,73.73,28.61,45.12,0.388,23,0.767,8,25,12,0,12,1,0,0,101,479,95,0.98,82.5,0.306,6,0.894,1,130
LA-2026-2699,Maharashtra,Thane,Renewable Energy Solar Park,High,Stage 2: Section 11 Notification,143.95,853,652,339.05,174.37,19.01,155.36,0.109,4,0.125,5,54,11,1,13,1,0,0,101,160,214,0.98,41.8,0.43,1,0.888,1,144
LA-2026-2700,Gujarat,Vadodara,High-Speed Rail / DFC,Cabinet Fast-Track,Stage 3: Section 15 Hearing & Objections,95.21,682,738,298.24,76.51,8.26,68.25,0.108,30,0.882,5,71,12,1,15,1,0,0,129,78,247,0.98,23.0,0.213,4,0.98,1,231
LA-2026-2701,Karnataka,Bengaluru Rural,Rural Road Connectivity (PMGSY),High,Stage 6: Land Possession & Handover,7.63,85,61,109.94,47.18,43.88,3.3,0.93,6,0.273,2,115,1,0,1,1,0,0,141,433,-98,0.98,99.0,0.488,3,0.549,1,159
LA-2026-2702,Karnataka,Belagavi,Industrial Smart City Corridor,Normal,Stage 2: Section 11 Notification,38.54,201,211,248.24,112.94,21.35,91.59,0.189,4,0.182,8,47,4,0,4,0,0,0,52,92,467,0.98,15.5,0.224,0,0.647,1,164
LA-2026-2703,Rajasthan,Jodhpur,National Highway Corridor,Cabinet Fast-Track,Stage 6: Land Possession & Handover,117.06,534,577,412.05,162.75,128.25,34.5,0.788,27,0.931,2,61,7,0,7,0,0,1,67,263,-75,0.98,99.0,0.275,6,0.793,1,159
LA-2026-2704,Tamil Nadu,Coimbatore,Industrial Smart City Corridor,High,Stage 4: Section 19 Declaration,215.81,1814,1121,520.44,271.39,35.55,235.84,0.131,6,0.25,0,0,16,0,16,0,1,0,139,698,-26,0.98,99.0,0.252,0,0.884,1,149
LA-2026-2705,Maharashtra,Nagpur,Urban Metro Transit Extension,Critical,Stage 3: Section 15 Hearing & Objections,57.79,314,300,190.54,64.98,11.05,53.93,0.17,6,0.222,0,0,8,1,12,0,0,0,84,181,197,0.98,46.9,0.273,3,0.811,1,146
LA-2026-2706,Uttar Pradesh,Prayagraj,Rural Road Connectivity (PMGSY),Cabinet Fast-Track,Stage 6: Land Possession & Handover,53.83,360,220,110.34,53.45,40.68,12.77,0.761,22,0.957,6,44,7,0,7,0,0,0,106,140,526,0.98,20.0,0.394,4,0.704,1,123
LA-2026-2707,Madhya Pradesh,Ujjain,Rural Road Connectivity (PMGSY),High,Stage 6: Land Possession & Handover,115.63,937,779,159.82,50.92,49.8,1.12,0.978,9,0.75,5,19,16,1,19,0,0,0,14,302,172,0.98,62.7,0.262,5,0.661,1,117
LA-2026-2708,Odisha,Sundargarh,Rural Road Connectivity (PMGSY),Cabinet Fast-Track,Stage 5: Valuation & Compensation Award,73.71,616,676,332.76,123.57,68.21,55.36,0.552,2,0.125,1,97,16,1,17,0,0,0,56,385,0,0.98,99.0,0.445,5,0.773,1,114
LA-2026-2709,Karnataka,Dharwad,National Highway Corridor,Normal,Stage 4: Section 19 Declaration,99.63,551,409,318.06,159.82,75.59,84.23,0.473,2,0.133,5,4,4,0,4,1,1,0,160,685,-1,0.98,99.0,0.204,1,0.742,1,167
LA-2026-2710,Madhya Pradesh,Bhopal,National Highway Corridor,Normal,Stage 3: Section 15 Hearing & Objections,41.11,162,152,142.43,68.87,3.58,65.29,0.052,22,0.733,3,85,4,0,4,0,0,0,153,387,203,0.98,64.6,0.293,4,0.839,1,192
LA-2026-2711,Karnataka,Mysuru,Industrial Smart City Corridor,Critical,Stage 5: Valuation & Compensation Award,23.62,121,113,129.29,35.47,14.29,21.18,0.403,15,0.652,1,76,2,0,2,0,0,0,62,760,-68,0.98,99.0,0.24,4,0.52,1,175
LA-2026-2712,Uttar Pradesh,Noida,Major Irrigation & Canal,High,Stage 4: Section 19 Declaration,32.63,278,169,169.74,88.91,15.83,73.08,0.178,9,0.375,3,103,3,0,3,0,1,0,172,453,244,0.98,64.0,0.501,3,0.735,1,154
LA-2026-2713,Gujarat,Rajkot,Major Irrigation & Canal,Critical,Stage 4: Section 19 Declaration,37.99,120,88,106.75,54.68,28.93,25.75,0.529,17,0.708,5,33,0,0,0,0,1,0,89,175,535,0.98,23.7,0.138,5,0.559,1,188
LA-2026-2714,Rajasthan,Jodhpur,Industrial Smart City Corridor,Normal,Stage 2: Section 11 Notification,76.36,505,552,357.96,138.19,21.83,116.36,0.158,12,0.414,0,0,10,1,14,0,0,0,15,102,113,0.98,46.5,0.272,4,0.687,1,247
LA-2026-2715,Odisha,Jajpur,High-Speed Rail / DFC,High,Stage 6: Land Possession & Handover,187.23,639,461,285.75,78.44,73.58,4.86,0.938,1,0.056,3,30,8,1,12,0,0,0,176,235,62,0.98,78.1,0.428,6,0.706,1,158
LA-2026-2716,Karnataka,Bengaluru Rural,National Highway Corridor,Normal,Stage 5: Valuation & Compensation Award,49.23,183,164,121.82,52.14,28.36,23.78,0.544,15,0.484,1,70,1,0,1,1,1,0,144,56,162,0.98,24.7,0.445,6,0.652,1,138
LA-2026-2717,Maharashtra,Nagpur,Renewable Energy Solar Park,High,Stage 1: Preliminary Survey & SIA,49.26,436,469,249.51,127.1,17.41,109.69,0.137,28,0.966,2,79,2,0,2,0,0,0,95,96,369,0.98,19.7,0.276,2,0.657,1,109
LA-2026-2718,Karnataka,Dharwad,Major Irrigation & Canal,Cabinet Fast-Track,Stage 3: Section 15 Hearing & Objections,10.75,88,64,180.63,70.29,9.07,61.22,0.129,5,0.208,8,117,3,0,3,0,0,0,116,424,4,0.98,98.1,0.193,1,0.592,1,120
LA-2026-2719,Gujarat,Rajkot,Renewable Energy Solar Park,Normal,Stage 2: Section 11 Notification,57.4,247,182,211.81,82.98,11.95,71.03,0.144,0,0.0,5,116,3,0,3,1,0,0,75,499,-9,0.98,99.0,0.176,0,0.711,1,316
LA-2026-2720,Maharashtra,Thane,Urban Metro Transit Extension,High,Stage 5: Valuation & Compensation Award,266.44,1713,1812,935.97,274.42,158.34,116.08,0.577,15,0.6,3,77,31,0,31,0,1,0,166,34,396,0.98,6.9,0.421,4,0.664,1,146
LA-2026-2721,Uttar Pradesh,Noida,High-Speed Rail / DFC,Cabinet Fast-Track,Stage 4: Section 19 Declaration,86.62,601,417,213.73,71.4,10.85,60.55,0.152,22,0.629,0,0,6,0,6,0,0,0,114,272,146,0.98,64.1,0.517,0,0.894,1,202
LA-2026-2722,Rajasthan,Alwar,Major Irrigation & Canal,High,Stage 3: Section 15 Hearing & Objections,8.86,64,64,117.39,55.31,5.81,49.5,0.105,7,0.28,6,69,3,0,3,0,0,0,65,585,138,0.98,79.9,0.359,0,0.671,1,186
LA-2026-2723,Madhya Pradesh,Indore,Major Irrigation & Canal,Cabinet Fast-Track,Stage 6: Land Possession & Handover,40.27,163,165,184.93,59.38,55.34,4.04,0.932,13,0.52,7,65,0,0,0,0,0,0,118,124,218,0.98,35.3,0.226,5,0.475,0,0
LA-2026-2724,Karnataka,Dharwad,Urban Metro Transit Extension,Cabinet Fast-Track,Stage 6: Land Possession & Handover,54.44,226,147,121.33,50.49,42.01,8.48,0.832,17,1.0,8,77,8,1,11,1,0,0,53,362,222,0.98,61.0,0.219,4,0.918,1,115
LA-2026-2725,Uttar Pradesh,Varanasi,Industrial Smart City Corridor,Critical,Stage 5: Valuation & Compensation Award,159.49,1153,1021,241.31,98.22,49.99,48.23,0.509,13,0.812,5,77,17,0,17,1,0,0,129,521,147,0.98,77.0,0.407,4,0.766,1,346
LA-2026-2726,Odisha,Sambalpur,National Highway Corridor,Critical,Stage 3: Section 15 Hearing & Objections,37.9,241,201,154.46,77.55,7.52,70.03,0.097,3,0.115,6,42,2,0,2,0,0,0,41,178,76,0.98,69.1,0.313,1,0.492,1,170
LA-2026-2727,Odisha,Angul,Industrial Smart City Corridor,Normal,Stage 2: Section 11 Notification,529.03,3752,4096,908.22,427.94,4.71,423.23,0.011,7,0.219,4,67,59,0,59,0,0,0,30,481,244,0.98,65.4,0.438,0,0.775,1,95
LA-2026-2728,Gujarat,Vadodara,Industrial Smart City Corridor,High,Stage 5: Valuation & Compensation Award,160.94,1346,1389,290.26,98.93,64.6,34.33,0.653,20,0.87,7,6,22,0,22,0,0,0,135,604,33,0.98,93.8,0.166,0,0.813,1,142
LA-2026-2729,Uttar Pradesh,Lucknow,Urban Metro Transit Extension,High,Stage 3: Section 15 Hearing & Objections,43.76,355,249,113.94,52.86,5.23,47.63,0.099,12,0.429,0,0,4,0,4,1,0,0,174,62,131,0.98,31.1,0.405,0,0.877,1,183
LA-2026-2730,Madhya Pradesh,Ujjain,Industrial Smart City Corridor,High,Stage 2: Section 11 Notification,72.13,459,396,259.0,133.16,10.25,122.91,0.077,19,0.76,3,105,8,1,9,0,1,0,58,146,199,0.98,41.3,0.285,3,0.979,1,265
LA-2026-2731,Karnataka,Bengaluru Rural,High-Speed Rail / DFC,Critical,Stage 2: Section 11 Notification,14.74,109,89,146.98,73.17,10.24,62.93,0.14,27,0.794,2,33,1,0,1,0,0,0,176,227,129,0.98,62.8,0.484,6,0.596,1,184
LA-2026-2732,Tamil Nadu,Kanchipuram,Urban Metro Transit Extension,Critical,Stage 4: Section 19 Declaration,41.08,287,203,133.21,71.43,21.71,49.72,0.304,12,0.571,5,115,4,0,4,0,0,0,80,358,-84,0.98,99.0,0.359,0,0.688,1,301
LA-2026-2733,Madhya Pradesh,Ujjain,Major Irrigation & Canal,High,Stage 5: Valuation & Compensation Award,18.69,189,181,77.84,20.89,7.02,13.87,0.336,8,0.421,5,92,2,0,2,0,0,0,105,289,202,0.98,57.9,0.277,4,0.644,1,271
LA-2026-2734,Madhya Pradesh,Jabalpur,Rural Road Connectivity (PMGSY),High,Stage 2: Section 11 Notification,37.72,333,238,121.36,56.41,10.61,45.8,0.188,17,0.81,3,84,4,0,4,0,0,0,60,548,-94,0.98,99.0,0.373,3,0.844,1,124
LA-2026-2735,Gujarat,Rajkot,Rural Road Connectivity (PMGSY),Cabinet Fast-Track,Stage 1: Preliminary Survey & SIA,45.79,221,176,197.9,81.09,7.7,73.39,0.095,10,0.357,3,19,6,1,10,0,1,0,86,431,193,0.98,68.1,0.171,4,0.927,1,138
LA-2026-2736,Tamil Nadu,Coimbatore,High-Speed Rail / DFC,Cabinet Fast-Track,Stage 3: Section 15 Hearing & Objections,333.91,2264,2397,1195.57,364.39,31.34,333.05,0.086,9,0.45,3,111,36,0,36,0,0,0,176,366,37,0.98,89.8,0.244,2,0.705,1,190
LA-2026-2737,Maharashtra,Thane,Industrial Smart City Corridor,Normal,Stage 4: Section 19 Declaration,26.65,113,107,110.01,45.76,21.32,24.44,0.466,12,0.6,7,21,1,0,1,1,0,0,146,119,93,0.98,55.2,0.448,2,0.683,1,208
LA-2026-2738,Gujarat,Bharuch,Rural Road Connectivity (PMGSY),High,Stage 3: Section 15 Hearing & Objections,122.11,536,404,346.25,125.11,7.88,117.23,0.063,15,0.789,2,108,10,0,10,0,0,0,124,269,-43,0.98,99.0,0.257,5,0.945,1,200
LA-2026-2739,Maharashtra,Nagpur,Renewable Energy Solar Park,Normal,Stage 2: Section 11 Notification,32.34,284,223,174.57,59.1,0.47,58.63,0.008,11,0.379,1,45,2,0,2,1,0,0,95,171,440,0.98,27.0,0.267,0,0.558,1,136
LA-2026-2740,Tamil Nadu,Madurai,National Highway Corridor,High,Stage 6: Land Possession & Handover,11.34,85,53,72.79,22.45,21.64,0.81,0.964,7,0.318,1,17,1,0,1,0,0,0,63,189,87,0.98,67.5,0.282,5,0.521,1,156
LA-2026-2741,Karnataka,Mysuru,Rural Road Connectivity (PMGSY),Cabinet Fast-Track,Stage 4: Section 19 Declaration,28.02,224,143,97.48,41.22,9.07,32.15,0.22,6,0.171,1,18,4,0,4,0,1,0,30,222,296,0.98,41.9,0.231,6,0.585,1,91
LA-2026-2742,Gujarat,Rajkot,Industrial Smart City Corridor,High,Stage 5: Valuation & Compensation Award,39.86,216,184,196.64,51.72,20.74,30.98,0.401,21,0.84,6,115,2,0,2,0,1,0,151,182,268,0.98,39.5,0.123,0,0.797,1,223
LA-2026-2743,Odisha,Angul,High-Speed Rail / DFC,High,Stage 4: Section 19 Declaration,38.09,198,148,103.32,31.74,15.17,16.57,0.478,2,0.091,4,80,3,0,3,0,0,0,84,386,152,0.98,70.8,0.457,5,0.717,1,126
LA-2026-2744,Uttar Pradesh,Prayagraj,High-Speed Rail / DFC,Critical,Stage 5: Valuation & Compensation Award,618.63,4059,2727,1169.84,341.17,143.63,197.54,0.421,11,0.524,5,40,50,0,50,0,1,0,180,274,-14,0.98,99.0,0.394,1,0.852,1,220
LA-2026-2745,Rajasthan,Jodhpur,Renewable Energy Solar Park,Normal,Stage 3: Section 15 Hearing & Objections,145.86,462,456,222.51,92.0,2.58,89.42,0.028,8,0.308,6,12,6,0,6,1,0,0,73,234,412,0.98,35.2,0.248,3,0.739,1,203
LA-2026-2746,Odisha,Angul,Urban Metro Transit Extension,High,Stage 5: Valuation & Compensation Award,53.88,190,121,103.59,51.72,30.15,21.57,0.583,13,0.765,0,0,1,0,1,0,0,0,35,293,322,0.98,46.7,0.482,6,0.549,1,78
LA-2026-2747,Rajasthan,Alwar,High-Speed Rail / DFC,Normal,Stage 4: Section 19 Declaration,154.61,866,697,309.03,148.69,83.42,65.27,0.561,2,0.105,6,30,11,1,13,0,0,0,156,247,-7,0.98,99.0,0.378,3,0.817,1,144
LA-2026-2748,Maharashtra,Thane,Industrial Smart City Corridor,Normal,Stage 5: Valuation & Compensation Award,66.44,365,342,217.74,93.0,33.02,59.98,0.355,13,0.812,7,29,7,0,7,1,0,0,46,582,-65,0.98,99.0,0.453,2,0.76,1,398
LA-2026-2749,Karnataka,Mangaluru,Renewable Energy Solar Park,Normal,Stage 5: Valuation & Compensation Award,10.2,76,63,104.78,44.63,16.96,27.67,0.38,18,0.545,2,7,3,0,3,0,0,0,33,382,312,0.98,54.1,0.318,2,0.534,1,86
LA-2026-2750,Odisha,Khurda,Rural Road Connectivity (PMGSY),High,Stage 5: Valuation & Compensation Award,65.55,566,387,117.2,45.93,33.16,12.77,0.722,7,0.467,4,16,10,0,10,0,0,0,70,432,-73,0.98,99.0,0.338,4,0.643,1,216
LA-2026-2751,Uttar Pradesh,Lucknow,Urban Metro Transit Extension,Critical,Stage 4: Section 19 Declaration,131.45,588,617,462.4,198.94,40.19,158.75,0.202,6,0.3,1,66,7,0,7,0,0,0,170,176,28,0.98,85.3,0.404,4,0.85,1,187
LA-2026-2752,Odisha,Sundargarh,Rural Road Connectivity (PMGSY),Normal,Stage 3: Section 15 Hearing & Objections,294.97,1253,846,911.0,402.98,25.79,377.19,0.064,15,0.556,1,86,21,0,21,0,0,0,159,370,-30,0.98,99.0,0.409,0,0.839,1,368
LA-2026-2753,Rajasthan,Udaipur,High-Speed Rail / DFC,Cabinet Fast-Track,Stage 6: Land Possession & Handover,105.87,665,481,286.37,153.17,100.63,52.54,0.657,5,0.278,8,14,7,0,7,0,0,0,125,95,432,0.98,17.0,0.274,3,0.642,1,212
LA-2026-2754,Karnataka,Mangaluru,High-Speed Rail / DFC,High,Stage 3: Section 15 Hearing & Objections,394.0,3303,3032,1432.52,475.52,41.37,434.15,0.087,12,0.857,5,56,36,1,40,0,0,0,155,233,199,0.98,53.0,0.26,4,0.947,1,163
LA-2026-2755,Rajasthan,Alwar,National Highway Corridor,Cabinet Fast-Track,Stage 6: Land Possession & Handover,123.24,372,275,421.39,208.82,148.26,60.56,0.71,5,0.143,5,110,6,1,9,1,0,1,162,384,95,0.98,79.2,0.417,1,0.813,1,146
LA-2026-2756,Madhya Pradesh,Ujjain,High-Speed Rail / DFC,Cabinet Fast-Track,Stage 4: Section 19 Declaration,48.36,275,257,164.72,51.09,17.93,33.16,0.351,22,0.688,0,0,5,1,8,0,0,1,89,139,76,0.98,63.7,0.291,6,0.961,1,304
LA-2026-2757,Maharashtra,Thane,National Highway Corridor,High,Stage 5: Valuation & Compensation Award,22.62,144,108,205.2,55.79,38.55,17.24,0.691,20,0.952,1,68,1,0,1,1,0,0,99,500,97,0.98,82.8,0.445,0,0.557,1,155
LA-2026-2758,Maharashtra,Pune,High-Speed Rail / DFC,High,Stage 2: Section 11 Notification,8.4,76,80,147.63,42.41,2.37,40.04,0.056,3,0.136,3,31,0,0,0,1,0,1,22,66,290,0.98,17.6,0.304,0,0.494,1,101
LA-2026-2759,Uttar Pradesh,Varanasi,Renewable Energy Solar Park,High,Stage 1: Preliminary Survey & SIA,202.98,1297,1053,374.73,141.53,24.91,116.62,0.176,23,0.793,3,87,15,0,15,0,0,0,18,118,303,0.98,27.0,0.444,5,0.628,1,104
LA-2026-2760,Madhya Pradesh,Indore,Major Irrigation & Canal,Normal,Stage 6: Land Possession & Handover,68.95,545,521,277.7,141.12,118.54,22.58,0.84,5,0.152,7,31,11,0,11,0,0,0,180,608,122,0.98,82.3,0.228,5,0.655,1,215
LA-2026-2761,Tamil Nadu,Salem,Major Irrigation & Canal,Cabinet Fast-Track,Stage 5: Valuation & Compensation Award,141.3,1141,1146,235.79,66.72,23.69,43.03,0.355,4,0.174,1,32,14,0,14,1,0,0,15,51,176,0.98,21.5,0.209,0,0.589,1,142
LA-2026-2762,Rajasthan,Jaipur,Major Irrigation & Canal,High,Stage 3: Section 15 Hearing & Objections,48.96,432,306,166.35,86.12,9.13,76.99,0.106,20,0.606,1,23,9,1,10,1,1,0,177,58,495,0.98,9.5,0.293,6,0.776,1,253
LA-2026-2763,Uttar Pradesh,Prayagraj,Industrial Smart City Corridor,Critical,Stage 3: Section 15 Hearing & Objections,20.03,134,130,162.13,83.76,6.62,77.14,0.079,30,0.968,2,78,3,0,3,0,0,0,117,402,43,0.98,89.4,0.397,4,0.945,1,362
LA-2026-2764,Gujarat,Rajkot,Major Irrigation & Canal,Cabinet Fast-Track,Stage 5: Valuation & Compensation Award,55.05,338,354,234.04,64.11,33.85,30.26,0.528,7,0.2,8,64,1,0,1,1,0,0,124,254,167,0.98,59.4,0.154,4,0.557,1,121
LA-2026-2765,Odisha,Angul,National Highway Corridor,High,Stage 1: Preliminary Survey & SIA,60.13,247,163,178.37,88.54,6.55,81.99,0.074,7,0.241,0,0,3,0,3,0,0,1,122,420,171,0.98,70.1,0.462,6,0.704,1,138
LA-2026-2766,Rajasthan,Kota,Rural Road Connectivity (PMGSY),Normal,Stage 4: Section 19 Declaration,68.25,239,182,287.23,121.06,30.39,90.67,0.251,18,0.529,6,8,4,0,4,0,0,0,177,141,182,0.98,42.7,0.282,1,0.754,1,309
LA-2026-2767,Rajasthan,Alwar,High-Speed Rail / DFC,High,Stage 4: Section 19 Declaration,12.93,51,34,77.72,24.61,6.13,18.48,0.249,13,0.5,1,87,0,0,0,0,1,1,28,143,340,0.98,28.6,0.375,4,0.415,0,0
LA-2026-2768,Karnataka,Bengaluru Rural,Renewable Energy Solar Park,Cabinet Fast-Track,Stage 5: Valuation & Compensation Award,46.6,331,199,207.02,70.2,36.08,34.12,0.514,15,0.75,0,0,5,0,5,0,0,0,116,242,369,0.98,38.6,0.482,3,0.734,1,301
LA-2026-2769,Rajasthan,Jaipur,High-Speed Rail / DFC,Cabinet Fast-Track,Stage 3: Section 15 Hearing & Objections,160.93,528,539,488.49,209.99,28.77,181.22,0.137,17,0.85,3,62,3,0,3,0,0,0,17,31,385,0.98,6.5,0.336,5,0.582,1,91
LA-2026-2770,Uttar Pradesh,Noida,Renewable Energy Solar Park,High,Stage 3: Section 15 Hearing & Objections,499.43,2494,2710,1236.66,428.62,51.43,377.19,0.12,5,0.333,7,119,39,1,42,0,1,0,162,391,-63,0.98,99.0,0.494,2,0.822,1,215
LA-2026-2771,Maharashtra,Nashik,Urban Metro Transit Extension,High,Stage 2: Section 11 Notification,265.59,1034,767,812.81,235.48,5.89,229.59,0.025,5,0.192,2,65,18,1,22,1,1,0,149,71,205,0.98,24.7,0.233,0,0.962,1,165
LA-2026-2772,Rajasthan,Udaipur,Rural Road Connectivity (PMGSY),Cabinet Fast-Track,Stage 3: Section 15 Hearing & Objections,32.78,166,114,61.79,32.04,4.68,27.36,0.146,28,0.848,8,78,1,0,1,0,0,0,95,275,-41,0.98,99.0,0.298,2,0.693,1,130
LA-2026-2773,Rajasthan,Kota,Renewable Energy Solar Park,Cabinet Fast-Track,Stage 2: Section 11 Notification,191.14,1472,891,501.44,261.2,41.27,219.93,0.158,3,0.188,7,15,17,1,21,0,0,0,51,191,47,0.98,79.3,0.228,5,0.739,1,192
LA-2026-2774,Uttar Pradesh,Prayagraj,Renewable Energy Solar Park,Normal,Stage 2: Section 11 Notification,81.19,277,278,365.22,128.96,6.32,122.64,0.049,10,0.556,6,110,1,0,1,0,1,0,136,108,515,0.98,16.4,0.406,0,0.767,1,160
LA-2026-2775,Gujarat,Bharuch,Major Irrigation & Canal,Critical,Stage 5: Valuation & Compensation Award,74.1,598,516,129.9,50.28,31.93,18.35,0.635,26,0.743,1,53,12,0,12,1,0,0,55,489,51,0.98,89.6,0.26,4,0.775,1,125
LA-2026-2776,Uttar Pradesh,Lucknow,Renewable Energy Solar Park,High,Stage 3: Section 15 Hearing & Objections,5.89,31,21,48.61,20.03,0.82,19.21,0.041,1,0.059,1,97,0,0,0,0,0,0,145,230,4,0.98,97.3,0.379,3,0.616,1,219
LA-2026-2777,Rajasthan,Kota,High-Speed Rail / DFC,High,Stage 6: Land Possession & Handover,44.03,350,212,238.52,75.22,71.01,4.21,0.944,3,0.12,3,9,6,0,6,0,0,0,59,257,321,0.98,43.5,0.256,0,0.544,1,136
LA-2026-2778,Tamil Nadu,Tiruchirappalli,Rural Road Connectivity (PMGSY),Normal,Stage 3: Section 15 Hearing & Objections,15.42,111,70,87.2,41.6,4.28,37.32,0.103,22,0.71,4,47,1,0,1,0,0,0,51,718,-51,0.98,99.0,0.261,5,0.5,1,147
LA-2026-2779,Madhya Pradesh,Indore,Urban Metro Transit Extension,Normal,Stage 3: Section 15 Hearing & Objections,28.58,220,176,125.25,56.05,3.59,52.46,0.064,9,0.29,2,116,2,0,2,0,0,0,65,315,358,0.98,45.8,0.21,3,0.688,1,212
LA-2026-2780,Tamil Nadu,Kanchipuram,Rural Road Connectivity (PMGSY),High,Stage 2: Section 11 Notification,44.57,183,119,189.84,81.45,11.48,69.97,0.141,5,0.2,1,104,4,0,4,1,1,0,136,160,88,0.98,63.5,0.407,6,0.761,1,161
LA-2026-2781,Maharashtra,Pune,Urban Metro Transit Extension,Cabinet Fast-Track,Stage 1: Preliminary Survey & SIA,103.02,794,569,448.72,167.38,10.54,156.84,0.063,6,0.4,8,32,14,1,15,1,1,0,76,396,51,0.98,87.6,0.312,1,0.918,1,123
LA-2026-2782,Maharashtra,Nashik,Renewable Energy Solar Park,Cabinet Fast-Track,Stage 5: Valuation & Compensation Award,45.46,363,339,225.06,105.66,65.4,40.26,0.619,13,0.433,4,46,6,0,6,0,0,0,176,77,448,0.98,13.7,0.282,5,0.718,1,200
LA-2026-2783,Maharashtra,Aurangabad,Urban Metro Transit Extension,High,Stage 5: Valuation & Compensation Award,98.96,640,564,221.79,108.6,87.86,20.74,0.809,12,0.375,5,83,9,0,9,0,0,0,133,265,25,0.98,90.4,0.296,0,0.754,1,151
LA-2026-2784,Karnataka,Mysuru,Renewable Energy Solar Park,Cabinet Fast-Track,Stage 2: Section 11 Notification,27.67,182,185,82.15,25.27,1.14,24.13,0.045,22,0.815,2,15,5,0,5,0,1,0,17,493,126,0.98,78.7,0.274,1,0.79,1,145
LA-2026-2785,Tamil Nadu,Coimbatore,Urban Metro Transit Extension,High,Stage 3: Section 15 Hearing & Objections,10.43,74,54,71.16,25.33,4.61,20.72,0.182,7,0.467,0,0,5,0,5,1,0,0,79,406,-52,0.98,99.0,0.174,2,0.893,1,159
LA-2026-2786,Tamil Nadu,Kanchipuram,National Highway Corridor,Normal,Stage 6: Land Possession & Handover,25.35,199,153,80.15,20.15,18.96,1.19,0.941,9,0.529,8,111,1,0,1,1,0,1,78,327,170,0.98,64.8,0.352,5,0.546,1,91
LA-2026-2787,Tamil Nadu,Coimbatore,Rural Road Connectivity (PMGSY),Critical,Stage 3: Section 15 Hearing & Objections,18.32,91,80,81.57,30.78,4.12,26.66,0.134,22,0.957,1,15,1,0,1,0,0,0,115,479,16,0.98,95.8,0.244,2,0.706,1,133
LA-2026-2788,Madhya Pradesh,Jabalpur,National Highway Corridor,Critical,Stage 4: Section 19 Declaration,15.05,136,125,61.79,23.22,4.55,18.67,0.196,17,0.944,1,114,3,0,3,1,0,0,99,536,-40,0.98,99.0,0.339,2,0.864,1,153
LA-2026-2789,Odisha,Khurda,Urban Metro Transit Extension,Normal,Stage 4: Section 19 Declaration,11.31,80,67,123.5,55.1,23.25,31.85,0.422,4,0.121,0,0,1,0,1,0,0,0,29,227,136,0.98,61.6,0.329,2,0.476,0,0
LA-2026-2790,Gujarat,Bharuch,Renewable Energy Solar Park,High,Stage 6: Land Possession & Handover,64.21,246,247,301.07,133.21,129.88,3.33,0.975,22,0.917,6,55,6,0,6,0,1,0,132,153,205,0.98,41.8,0.24,1,0.791,1,189
LA-2026-2791,Odisha,Sundargarh,High-Speed Rail / DFC,Cabinet Fast-Track,Stage 3: Section 15 Hearing & Objections,180.32,581,616,535.06,209.07,34.91,174.16,0.167,12,0.375,0,0,4,0,4,0,0,0,26,77,359,0.98,16.7,0.416,2,0.5,1,76
LA-2026-2792,Gujarat,Vadodara,National Highway Corridor,Cabinet Fast-Track,Stage 4: Section 19 Declaration,10.97,87,85,56.95,22.18,11.16,11.02,0.503,13,0.65,3,25,1,0,1,0,0,1,58,292,69,0.98,79.9,0.159,1,0.507,1,78
LA-2026-2793,Tamil Nadu,Coimbatore,Major Irrigation & Canal,Critical,Stage 4: Section 19 Declaration,49.8,196,196,192.14,71.34,25.25,46.09,0.354,16,0.516,0,0,1,0,1,0,0,0,121,420,299,0.98,57.4,0.26,2,0.581,1,232
LA-2026-2794,Gujarat,Vadodara,High-Speed Rail / DFC,High,Stage 2: Section 11 Notification,100.87,755,495,372.26,106.46,12.35,94.11,0.116,0,0.0,7,34,7,1,8,0,0,0,94,313,3,0.98,98.1,0.175,5,0.955,1,236
LA-2026-2795,Odisha,Sambalpur,Industrial Smart City Corridor,Cabinet Fast-Track,Stage 4: Section 19 Declaration,260.71,1274,938,456.6,154.08,61.63,92.45,0.4,25,1.0,6,36,21,1,24,0,0,0,155,157,31,0.98,82.5,0.261,2,0.95,1,237
LA-2026-2796,Maharashtra,Thane,Major Irrigation & Canal,Normal,Stage 6: Land Possession & Handover,71.46,273,235,236.08,81.27,53.23,28.04,0.655,12,0.923,5,35,3,0,3,0,0,0,11,236,479,0.98,32.0,0.444,2,0.537,1,135
LA-2026-2797,Tamil Nadu,Tiruchirappalli,Urban Metro Transit Extension,Cabinet Fast-Track,Stage 3: Section 15 Hearing & Objections,44.0,197,185,107.81,47.56,5.52,42.04,0.116,14,0.56,8,78,1,0,1,0,0,0,121,558,8,0.98,97.6,0.177,0,0.644,1,167
LA-2026-2798,Rajasthan,Jaipur,Rural Road Connectivity (PMGSY),Cabinet Fast-Track,Stage 1: Preliminary Survey & SIA,239.64,934,731,632.57,272.42,43.59,228.83,0.16,28,0.903,1,10,10,1,12,1,0,0,76,73,159,0.98,30.5,0.323,5,0.933,1,175
LA-2026-2799,Rajasthan,Jaipur,Industrial Smart City Corridor,Cabinet Fast-Track,Stage 2: Section 11 Notification,15.6,99,90,67.6,33.19,4.35,28.84,0.131,20,0.571,0,0,2,0,2,1,0,0,120,458,89,0.98,82.7,0.336,3,0.667,1,117
LA-2026-2800,Maharashtra,Pune,Major Irrigation & Canal,Cabinet Fast-Track,Stage 5: Valuation & Compensation Award,149.81,922,851,408.64,139.85,116.5,23.35,0.833,11,0.314,3,36,16,0,16,0,0,0,154,297,182,0.98,61.0,0.328,3,0.669,1,243
LA-2026-2801,Odisha,Khurda,Industrial Smart City Corridor,Critical,Stage 2: Section 11 Notification,11.88,90,89,115.17,55.02,3.8,51.22,0.069,22,0.88,3,62,0,0,0,1,0,0,114,201,-4,0.98,99.0,0.314,5,0.712,1,144
LA-2026-2802,Tamil Nadu,Coimbatore,Rural Road Connectivity (PMGSY),Cabinet Fast-Track,Stage 2: Section 11 Notification,51.91,304,264,203.14,105.47,9.39,96.08,0.089,5,0.167,5,102,2,0,2,0,1,0,147,749,-87,0.98,99.0,0.244,1,0.599,1,153
LA-2026-2803,Odisha,Khurda,Rural Road Connectivity (PMGSY),High,Stage 6: Land Possession & Handover,60.68,473,473,164.12,75.62,60.95,14.67,0.806,11,0.314,6,111,5,0,5,0,0,0,119,532,-21,0.98,99.0,0.343,6,0.748,1,240
LA-2026-2804,Karnataka,Mangaluru,Urban Metro Transit Extension,Critical,Stage 5: Valuation & Compensation Award,154.86,507,516,394.09,149.06,60.82,88.24,0.408,27,0.931,0,0,11,0,11,0,0,0,114,418,12,0.98,96.2,0.287,5,0.944,1,203
LA-2026-2805,Uttar Pradesh,Lucknow,Rural Road Connectivity (PMGSY),Normal,Stage 2: Section 11 Notification,64.56,294,318,177.95,48.93,5.97,42.96,0.122,12,0.4,5,10,5,0,5,1,0,0,150,254,70,0.98,77.4,0.388,5,0.868,1,350
LA-2026-2806,Odisha,Sundargarh,Rural Road Connectivity (PMGSY),Cabinet Fast-Track,Stage 2: Section 11 Notification,47.81,272,259,221.92,90.18,0.9,89.28,0.01,1,0.037,3,49,5,1,7,1,0,0,106,566,-28,0.98,99.0,0.423,2,0.836,1,178
LA-2026-2807,Tamil Nadu,Madurai,High-Speed Rail / DFC,Critical,Stage 6: Land Possession & Handover,24.83,236,145,153.67,81.74,66.62,15.12,0.815,15,0.429,3,13,3,0,3,0,1,1,106,642,58,0.98,90.7,0.259,3,0.626,1,302
LA-2026-2808,Madhya Pradesh,Bhopal,Major Irrigation & Canal,Normal,Stage 1: Preliminary Survey & SIA,102.74,350,231,424.02,111.55,10.26,101.29,0.092,9,0.346,4,110,5,0,5,0,0,0,41,459,-54,0.98,99.0,0.314,1,0.703,1,168
LA-2026-2809,Madhya Pradesh,Indore,Major Irrigation & Canal,Cabinet Fast-Track,Stage 4: Section 19 Declaration,125.22,927,804,540.0,148.03,86.3,61.73,0.583,31,1.0,7,33,12,0,12,0,0,0,140,72,428,0.98,13.4,0.192,5,0.643,1,171
LA-2026-2810,Tamil Nadu,Coimbatore,Industrial Smart City Corridor,Critical,Stage 4: Section 19 Declaration,49.09,456,416,124.32,35.45,4.04,31.41,0.114,29,0.829,4,112,7,0,7,0,0,0,124,224,318,0.98,40.3,0.226,3,0.853,1,174
LA-2026-2811,Rajasthan,Alwar,Renewable Energy Solar Park,Cabinet Fast-Track,Stage 4: Section 19 Declaration,204.46,1518,1574,332.91,114.25,29.02,85.23,0.254,7,0.583,6,59,14,0,14,0,1,0,48,165,40,0.98,79.5,0.368,0,0.799,1,162
LA-2026-2812,Uttar Pradesh,Noida,Rural Road Connectivity (PMGSY),Cabinet Fast-Track,Stage 4: Section 19 Declaration,114.55,873,873,453.4,197.63,83.4,114.23,0.422,9,0.692,0,0,12,0,12,1,0,0,63,363,29,0.98,91.6,0.529,5,0.829,1,161
LA-2026-2813,Maharashtra,Nashik,Industrial Smart City Corridor,Cabinet Fast-Track,Stage 5: Valuation & Compensation Award,219.27,1063,807,790.88,280.17,184.91,95.26,0.66,18,0.514,4,43,11,1,14,0,0,0,71,183,515,0.98,25.2,0.254,1,0.792,1,129
LA-2026-2814,Karnataka,Mysuru,Major Irrigation & Canal,Cabinet Fast-Track,Stage 6: Land Possession & Handover,84.72,329,346,247.23,127.99,79.87,48.12,0.624,0,0.0,1,8,3,0,3,1,0,0,76,48,145,0.98,23.9,0.215,6,0.596,1,203
LA-2026-2815,Odisha,Angul,National Highway Corridor,Normal,Stage 4: Section 19 Declaration,32.91,246,203,198.22,63.48,9.08,54.4,0.143,25,0.714,5,10,4,0,4,1,0,0,161,611,82,0.98,87.2,0.46,5,0.914,1,172
LA-2026-2816,Rajasthan,Kota,Major Irrigation & Canal,Cabinet Fast-Track,Stage 5: Valuation & Compensation Award,20.41,160,163,126.05,31.57,20.65,10.92,0.654,13,0.5,1,65,3,0,3,0,0,0,130,343,156,0.98,67.8,0.237,5,0.727,1,205
LA-2026-2817,Maharashtra,Thane,Urban Metro Transit Extension,Cabinet Fast-Track,Stage 3: Section 15 Hearing & Objections,82.37,387,360,250.33,88.39,13.08,75.31,0.148,17,0.708,2,90,6,0,6,0,0,0,176,439,162,0.98,72.1,0.453,2,0.857,1,161
LA-2026-2818,Odisha,Khurda,Renewable Energy Solar Park,Normal,Stage 3: Section 15 Hearing & Objections,72.44,550,562,198.83,82.7,9.51,73.19,0.115,14,0.412,0,0,12,0,12,1,0,0,69,389,-41,0.98,99.0,0.322,2,0.73,1,112
LA-2026-2819,Maharashtra,Thane,Industrial Smart City Corridor,Cabinet Fast-Track,Stage 4: Section 19 Declaration,112.55,397,386,352.84,160.04,36.33,123.71,0.227,5,0.2,2,8,4,0,4,0,1,0,146,349,78,0.98,80.8,0.437,0,0.761,1,186
LA-2026-2820,Madhya Pradesh,Gwalior,National Highway Corridor,Critical,Stage 1: Preliminary Survey & SIA,66.63,451,458,259.38,95.36,14.11,81.25,0.148,17,0.944,1,32,6,0,6,0,0,1,72,491,3,0.98,98.4,0.338,2,0.828,1,173
LA-2026-2821,Gujarat,Ahmedabad,High-Speed Rail / DFC,Critical,Stage 3: Section 15 Hearing & Objections,72.29,545,482,184.48,99.27,15.59,83.68,0.157,11,0.917,2,117,7,0,7,0,0,0,36,318,130,0.98,70.0,0.243,0,0.734,1,261
LA-2026-2822,Madhya Pradesh,Gwalior,Industrial Smart City Corridor,Cabinet Fast-Track,Stage 4: Section 19 Declaration,94.89,473,325,312.44,160.21,31.08,129.13,0.194,3,0.214,5,9,5,0,5,1,0,0,62,127,362,0.98,25.0,0.378,1,0.663,1,193
LA-2026-2823,Tamil Nadu,Salem,Rural Road Connectivity (PMGSY),Critical,Stage 4: Section 19 Declaration,54.85,440,282,256.23,107.03,29.11,77.92,0.272,23,0.742,2,88,10,1,13,0,0,0,63,208,52,0.98,79.0,0.225,6,0.832,1,121
LA-2026-2824,Tamil Nadu,Kanchipuram,High-Speed Rail / DFC,Cabinet Fast-Track,Stage 1: Preliminary Survey & SIA,73.88,319,315,371.51,138.82,17.21,121.61,0.124,14,0.583,5,97,4,0,4,1,1,0,38,561,-12,0.98,99.0,0.314,4,0.818,1,175
LA-2026-2825,Karnataka,Belagavi,Renewable Energy Solar Park,Normal,Stage 4: Section 19 Declaration,147.58,494,346,208.01,63.72,14.66,49.06,0.23,2,0.069,4,110,7,0,7,0,0,0,60,58,164,0.98,25.1,0.196,1,0.66,1,128
LA-2026-2826,Tamil Nadu,Coimbatore,National Highway Corridor,Critical,Stage 6: Land Possession & Handover,78.33,473,384,280.11,144.46,95.63,48.83,0.662,23,0.767,1,22,6,1,9,0,0,0,23,277,377,0.98,41.4,0.217,2,0.765,1,296
LA-2026-2827,Madhya Pradesh,Bhopal,High-Speed Rail / DFC,High,Stage 5: Valuation & Compensation Award,147.66,745,650,264.99,108.54,36.04,72.5,0.332,1,0.056,1,41,13,1,15,0,1,0,102,394,126,0.98,74.8,0.3,0,0.752,1,354
LA-2026-2828,Uttar Pradesh,Lucknow,Renewable Energy Solar Park,Cabinet Fast-Track,Stage 5: Valuation & Compensation Award,40.49,178,110,102.86,46.8,33.32,13.48,0.712,13,0.5,6,30,3,0,3,0,0,0,91,350,140,0.98,70.4,0.377,2,0.616,1,122
LA-2026-2829,Uttar Pradesh,Prayagraj,Urban Metro Transit Extension,High,Stage 3: Section 15 Hearing & Objections,18.81,121,81,136.18,64.02,0.7,63.32,0.011,17,0.548,5,19,1,0,1,0,1,0,114,102,178,0.98,35.4,0.396,4,0.808,1,254
LA-2026-2830,Uttar Pradesh,Lucknow,Major Irrigation & Canal,Normal,Stage 4: Section 19 Declaration,72.44,455,374,346.45,125.5,68.27,57.23,0.544,0,0.0,0,0,6,0,6,0,0,0,167,419,152,0.98,72.4,0.372,5,0.75,1,182
LA-2026-2831,Gujarat,Surat,Urban Metro Transit Extension,Critical,Stage 5: Valuation & Compensation Award,19.97,83,62,93.5,46.5,17.16,29.34,0.369,13,0.812,8,118,2,0,2,0,0,0,147,237,69,0.98,76.5,0.234,3,0.704,1,156
LA-2026-2832,Odisha,Angul,High-Speed Rail / DFC,Cabinet Fast-Track,Stage 3: Section 15 Hearing & Objections,9.32,93,72,60.08,17.69,2.03,15.66,0.115,6,0.214,4,63,0,0,0,0,1,1,17,179,391,0.98,30.4,0.454,2,0.466,0,0
LA-2026-2833,Karnataka,Mysuru,Urban Metro Transit Extension,Critical,Stage 5: Valuation & Compensation Award,16.28,132,126,105.68,28.83,19.81,9.02,0.687,29,0.906,0,0,3,0,3,1,1,0,151,97,215,0.98,30.1,0.233,5,0.769,1,148
LA-2026-2834,Rajasthan,Kota,Renewable Energy Solar Park,Critical,Stage 4: Section 19 Declaration,58.64,235,218,216.89,79.46,13.67,65.79,0.172,6,0.3,8,59,6,0,6,0,0,0,42,782,-97,0.98,99.0,0.252,1,0.64,1,250
LA-2026-2835,Maharashtra,Thane,Urban Metro Transit Extension,Normal,Stage 3: Section 15 Hearing & Objections,183.73,946,630,367.8,133.95,4.69,129.26,0.035,0,0.0,6,5,6,1,7,0,1,0,142,353,-23,0.98,99.0,0.494,0,0.964,1,270
LA-2026-2836,Madhya Pradesh,Jabalpur,Rural Road Connectivity (PMGSY),Critical,Stage 4: Section 19 Declaration,59.26,315,246,181.88,63.14,7.07,56.07,0.112,21,0.618,0,0,5,0,5,0,0,0,112,491,-42,0.98,99.0,0.324,5,0.827,1,136
LA-2026-2837,Odisha,Angul,Major Irrigation & Canal,Critical,Stage 1: Preliminary Survey & SIA,22.82,101,66,73.8,28.23,4.55,23.68,0.161,20,0.909,5,55,3,0,3,1,0,0,109,78,138,0.98,35.1,0.454,4,0.798,1,238
LA-2026-2838,Rajasthan,Alwar,Industrial Smart City Corridor,Cabinet Fast-Track,Stage 5: Valuation & Compensation Award,32.49,173,122,160.71,73.13,38.69,34.44,0.529,21,0.875,0,0,1,0,1,1,0,0,62,67,356,0.98,14.9,0.392,6,0.495,1,83
LA-2026-2839,Maharashtra,Pune,National Highway Corridor,High,Stage 3: Section 15 Hearing & Objections,104.26,271,224,365.87,113.09,17.08,96.01,0.151,26,0.963,4,85,4,0,4,0,1,0,81,39,532,0.98,5.9,0.284,0,0.764,1,131
LA-2026-2840,Karnataka,Mangaluru,National Highway Corridor,High,Stage 3: Section 15 Hearing & Objections,98.32,730,711,229.3,59.13,11.23,47.9,0.19,18,0.643,5,93,12,1,14,0,0,0,75,399,-95,0.98,99.0,0.316,6,0.953,1,172
LA-2026-2841,Uttar Pradesh,Noida,Major Irrigation & Canal,Normal,Stage 4: Section 19 Declaration,23.66,143,105,206.54,73.35,10.71,62.64,0.146,7,0.438,5,112,0,0,0,0,0,0,122,187,231,0.98,43.8,0.49,5,0.494,1,186
LA-2026-2842,Maharashtra,Aurangabad,Industrial Smart City Corridor,High,Stage 5: Valuation & Compensation Award,51.58,451,279,318.55,82.29,61.55,20.74,0.748,8,0.276,8,97,5,0,5,0,0,0,12,535,48,0.98,90.8,0.31,6,0.474,0,0
LA-2026-2843,Odisha,Angul,Urban Metro Transit Extension,High,Stage 5: Valuation & Compensation Award,62.77,494,402,141.7,40.73,28.27,12.46,0.694,11,0.333,2,67,7,0,7,0,0,0,179,218,132,0.98,61.3,0.437,0,0.788,1,163
LA-2026-2844,Karnataka,Mysuru,High-Speed Rail / DFC,Critical,Stage 5: Valuation & Compensation Award,42.71,299,296,180.08,91.47,64.03,27.44,0.7,10,0.357,6,68,2,0,2,0,0,0,140,253,-31,0.98,99.0,0.274,3,0.609,1,130
LA-2026-2845,Rajasthan,Udaipur,National Highway Corridor,Cabinet Fast-Track,Stage 2: Section 11 Notification,34.06,232,203,148.15,74.98,5.02,69.96,0.067,8,0.296,4,73,5,1,9,1,0,1,66,594,-83,0.98,99.0,0.23,3,0.915,1,147
LA-2026-2846,Odisha,Jajpur,Urban Metro Transit Extension,Critical,Stage 4: Section 19 Declaration,65.23,446,327,303.77,136.11,32.39,103.72,0.238,8,0.296,8,90,5,0,5,0,1,0,169,287,55,0.98,82.9,0.382,5,0.836,1,167
LA-2026-2847,Tamil Nadu,Tiruchirappalli,Major Irrigation & Canal,High,Stage 1: Preliminary Survey & SIA,41.02,251,257,171.43,89.49,4.56,84.93,0.051,7,0.2,7,54,1,0,1,1,0,0,40,360,274,0.98,55.8,0.192,2,0.577,1,81
LA-2026-2848,Odisha,Khurda,Rural Road Connectivity (PMGSY),Critical,Stage 6: Land Possession & Handover,83.06,545,533,210.03,89.06,61.9,27.16,0.695,25,0.806,7,67,6,0,6,0,0,0,38,348,278,0.98,54.6,0.345,0,0.615,1,286
LA-2026-2849,Karnataka,Belagavi,Urban Metro Transit Extension,High,Stage 3: Section 15 Hearing & Objections,13.69,122,89,50.12,18.34,1.74,16.6,0.095,1,0.077,5,73,1,0,1,0,1,0,59,232,60,0.98,78.5,0.218,2,0.539,1,86
LA-2026-2850,Gujarat,Surat,Renewable Energy Solar Park,Critical,Stage 4: Section 19 Declaration,110.44,941,824,293.02,136.16,16.88,119.28,0.124,10,0.323,7,48,21,0,21,0,0,0,179,186,214,0.98,45.5,0.228,3,0.844,1,180
LA-2026-2851,Maharashtra,Pune,Rural Road Connectivity (PMGSY),Normal,Stage 6: Land Possession & Handover,13.87,102,82,49.44,19.92,12.53,7.39,0.629,17,0.81,0,0,3,0,3,0,0,0,60,134,54,0.98,70.3,0.34,3,0.588,1,462
LA-2026-2852,Karnataka,Belagavi,Rural Road Connectivity (PMGSY),Cabinet Fast-Track,Stage 5: Valuation & Compensation Award,5.25,60,61,60.8,22.41,17.57,4.84,0.784,8,0.364,4,53,1,0,1,0,0,0,98,136,541,0.98,19.1,0.213,3,0.301,0,0
LA-2026-2853,Maharashtra,Aurangabad,Major Irrigation & Canal,Cabinet Fast-Track,Stage 2: Section 11 Notification,21.05,185,160,83.6,31.55,3.98,27.57,0.126,4,0.148,0,0,0,0,0,0,0,0,45,678,-86,0.98,99.0,0.321,5,0.452,0,0
LA-2026-2854,Tamil Nadu,Tiruchirappalli,Renewable Energy Solar Park,Normal,Stage 3: Section 15 Hearing & Objections,79.13,360,228,288.24,108.83,13.6,95.23,0.125,13,0.565,7,94,4,0,4,0,0,0,145,393,-57,0.98,99.0,0.234,2,0.803,1,143
LA-2026-2855,Maharashtra,Nagpur,National Highway Corridor,Critical,Stage 4: Section 19 Declaration,33.24,197,134,211.17,75.76,20.46,55.3,0.27,10,0.833,7,58,2,0,2,0,1,0,72,315,87,0.98,77.4,0.303,3,0.755,1,107
LA-2026-2856,Gujarat,Rajkot,Industrial Smart City Corridor,High,Stage 3: Section 15 Hearing & Objections,90.32,606,371,275.88,97.43,0.1,97.33,0.001,32,1.0,4,36,9,0,9,0,0,0,132,437,122,0.98,77.2,0.131,0,0.895,1,146
LA-2026-2857,Rajasthan,Kota,National Highway Corridor,Normal,Stage 3: Section 15 Hearing & Objections,83.83,449,433,253.02,78.28,4.7,73.58,0.06,11,0.407,5,8,5,1,8,0,0,1,126,96,600,0.98,12.8,0.259,1,0.86,1,179
LA-2026-2858,Uttar Pradesh,Agra,Industrial Smart City Corridor,High,Stage 4: Section 19 Declaration,43.07,275,168,123.67,56.87,18.03,38.84,0.317,21,0.955,7,34,5,0,5,0,0,0,174,294,136,0.98,67.4,0.348,0,0.977,1,211
LA-2026-2859,Rajasthan,Jaipur,Industrial Smart City Corridor,Critical,Stage 4: Section 19 Declaration,166.94,541,506,495.59,129.74,44.89,84.85,0.346,7,0.333,6,68,13,0,13,0,0,0,173,245,204,0.98,53.6,0.276,4,0.763,1,254
LA-2026-2860,Gujarat,Surat,Urban Metro Transit Extension,Normal,Stage 6: Land Possession & Handover,196.45,1223,1233,370.54,106.53,78.62,27.91,0.738,22,0.917,3,38,18,0,18,0,0,0,134,85,367,0.98,17.8,0.243,0,0.702,1,218
LA-2026-2861,Maharashtra,Pune,National Highway Corridor,Normal,Stage 3: Section 15 Hearing & Objections,14.0,128,127,183.58,52.23,6.95,45.28,0.133,9,0.474,4,30,1,0,1,0,0,0,126,266,172,0.98,59.8,0.337,3,0.701,1,127
LA-2026-2862,Gujarat,Surat,Industrial Smart City Corridor,Critical,Stage 3: Section 15 Hearing & Objections,59.13,423,452,228.5,80.87,5.01,75.86,0.062,3,0.15,3,43,9,1,13,0,0,0,112,374,318,0.98,53.1,0.259,5,0.963,1,202
LA-2026-2863,Odisha,Angul,High-Speed Rail / DFC,Critical,Stage 3: Section 15 Hearing & Objections,5.65,77,58,91.54,29.78,3.31,26.47,0.111,11,0.379,5,44,2,0,2,0,0,0,47,470,-47,0.98,99.0,0.447,6,0.567,1,157
LA-2026-2864,Odisha,Angul,Urban Metro Transit Extension,Critical,Stage 3: Section 15 Hearing & Objections,39.4,344,298,160.6,75.05,9.46,65.59,0.126,13,0.867,6,5,9,1,12,1,1,0,138,400,279,0.98,57.9,0.473,1,0.98,1,308
LA-2026-2865,Karnataka,Mysuru,Urban Metro Transit Extension,Critical,Stage 3: Section 15 Hearing & Objections,9.88,89,87,107.79,58.21,9.37,48.84,0.161,3,0.115,4,51,0,0,0,0,0,0,14,106,75,0.98,57.6,0.278,5,0.356,0,0
LA-2026-2866,Uttar Pradesh,Noida,Urban Metro Transit Extension,Cabinet Fast-Track,Stage 6: Land Possession & Handover,22.41,198,159,86.88,42.91,37.98,4.93,0.885,3,0.143,8,44,3,0,3,0,0,0,72,767,-87,0.98,99.0,0.516,4,0.46,0,0
LA-2026-2867,Karnataka,Dharwad,Industrial Smart City Corridor,Critical,Stage 2: Section 11 Notification,6.87,69,45,130.66,51.41,8.48,42.93,0.165,0,0.0,3,77,3,0,3,1,1,0,41,67,525,0.98,10.3,0.204,2,0.489,1,68
LA-2026-2868,Maharashtra,Pune,Rural Road Connectivity (PMGSY),Normal,Stage 3: Section 15 Hearing & Objections,222.56,1335,1070,637.33,350.45,49.06,301.39,0.14,25,0.833,4,73,21,1,25,1,0,0,127,226,-10,0.98,99.0,0.33,2,0.98,1,159
LA-2026-2869,Uttar Pradesh,Agra,Urban Metro Transit Extension,High,Stage 5: Valuation & Compensation Award,5.37,57,36,152.54,61.5,41.33,20.17,0.672,27,0.818,7,51,2,0,2,0,1,0,70,622,-69,0.98,99.0,0.372,3,0.759,1,186
LA-2026-2870,Rajasthan,Jodhpur,Industrial Smart City Corridor,Critical,Stage 4: Section 19 Declaration,161.93,702,450,499.68,156.02,25.9,130.12,0.166,7,0.538,0,0,11,0,11,0,0,0,114,638,81,0.98,87.8,0.291,0,0.744,1,269
LA-2026-2871,Karnataka,Mysuru,Rural Road Connectivity (PMGSY),Critical,Stage 2: Section 11 Notification,62.97,536,516,278.9,85.85,15.62,70.23,0.182,1,0.083,4,24,7,1,11,0,0,0,166,129,160,0.98,43.7,0.228,2,0.783,1,229
LA-2026-2872,Karnataka,Dharwad,Major Irrigation & Canal,High,Stage 4: Section 19 Declaration,89.1,649,608,251.04,97.96,19.4,78.56,0.198,14,0.56,1,88,12,1,13,0,0,0,155,759,-88,0.98,99.0,0.208,5,0.862,1,313
LA-2026-2873,Maharashtra,Pune,Major Irrigation & Canal,High,Stage 4: Section 19 Declaration,48.21,429,314,186.93,72.31,25.81,46.5,0.357,26,0.897,2,49,8,0,8,0,0,0,103,477,75,0.98,85.4,0.348,5,0.897,1,161
LA-2026-2874,Madhya Pradesh,Indore,Urban Metro Transit Extension,Cabinet Fast-Track,Stage 2: Section 11 Notification,274.53,1252,1104,658.4,307.55,35.98,271.57,0.117,27,0.964,8,49,19,0,19,1,1,0,46,99,351,0.98,21.0,0.268,1,0.807,1,101
LA-2026-2875,Karnataka,Mysuru,National Highway Corridor,Critical,Stage 6: Land Possession & Handover,11.41,77,81,134.01,52.56,41.84,10.72,0.796,2,0.083,1,74,2,0,2,0,0,0,50,195,155,0.98,54.7,0.242,6,0.496,1,141
LA-2026-2876,Odisha,Sambalpur,Rural Road Connectivity (PMGSY),Critical,Stage 1: Preliminary Survey & SIA,64.6,177,186,349.48,163.99,12.14,151.85,0.074,17,0.531,6,117,1,0,1,1,0,0,77,492,14,0.98,96.3,0.328,6,0.713,1,113
LA-2026-2877,Odisha,Jajpur,Industrial Smart City Corridor,Normal,Stage 4: Section 19 Declaration,28.67,246,194,95.44,48.95,14.24,34.71,0.291,21,0.636,1,27,2,0,2,0,0,0,146,129,584,0.98,17.1,0.382,0,0.608,1,146
LA-2026-2878,Odisha,Sundargarh,National Highway Corridor,High,Stage 2: Section 11 Notification,107.47,582,622,227.99,83.15,8.9,74.25,0.107,26,1.0,6,65,8,1,9,0,0,0,65,333,-51,0.98,99.0,0.384,2,0.98,1,150
LA-2026-2879,Madhya Pradesh,Indore,High-Speed Rail / DFC,Normal,Stage 5: Valuation & Compensation Award,12.85,101,97,184.29,53.79,42.76,11.03,0.795,10,0.526,4,7,2,0,2,1,0,0,60,279,168,0.98,61.4,0.206,3,0.546,1,117
LA-2026-2880,Maharashtra,Nagpur,National Highway Corridor,Cabinet Fast-Track,Stage 2: Section 11 Notification,48.54,148,161,160.45,69.8,13.82,55.98,0.198,1,0.037,0,0,0,0,0,0,0,1,129,328,256,0.98,55.2,0.272,4,0.492,1,180
LA-2026-2881,Karnataka,Dharwad,Major Irrigation & Canal,High,Stage 5: Valuation & Compensation Award,90.01,557,445,297.96,153.22,99.59,53.63,0.65,20,0.8,7,88,12,0,12,1,1,0,133,32,530,0.98,4.7,0.197,1,0.63,1,174
LA-2026-2882,Maharashtra,Thane,Renewable Energy Solar Park,Cabinet Fast-Track,Stage 2: Section 11 Notification,59.97,224,235,242.48,117.11,5.27,111.84,0.045,12,0.429,3,5,3,0,3,0,1,0,36,183,47,0.98,78.6,0.472,6,0.738,1,106
LA-2026-2883,Tamil Nadu,Madurai,Rural Road Connectivity (PMGSY),Cabinet Fast-Track,Stage 5: Valuation & Compensation Award,21.96,190,198,132.66,51.44,24.59,26.85,0.478,2,0.133,6,4,1,0,1,0,0,0,86,508,111,0.98,81.1,0.265,4,0.451,0,0
LA-2026-2884,Maharashtra,Nashik,Rural Road Connectivity (PMGSY),Critical,Stage 6: Land Possession & Handover,10.97,89,61,155.63,59.32,43.6,15.72,0.735,3,0.25,4,16,3,0,3,0,1,0,175,279,-66,0.98,99.0,0.242,4,0.534,1,123
LA-2026-2885,Rajasthan,Jaipur,National Highway Corridor,Normal,Stage 3: Section 15 Hearing & Objections,188.92,732,683,357.75,94.73,8.81,85.92,0.093,6,0.4,6,69,7,1,11,1,0,1,156,602,-40,0.98,99.0,0.316,2,0.952,1,186
LA-2026-2886,Karnataka,Bengaluru Rural,Renewable Energy Solar Park,High,Stage 3: Section 15 Hearing & Objections,97.27,497,368,201.88,81.05,6.89,74.16,0.085,12,0.706,0,0,12,1,13,0,0,0,97,171,416,0.98,28.2,0.487,4,0.955,1,234
LA-2026-2887,Rajasthan,Kota,Rural Road Connectivity (PMGSY),Critical,Stage 2: Section 11 Notification,109.28,576,380,332.21,145.73,5.54,140.19,0.038,6,0.316,5,69,8,1,11,0,0,0,164,102,88,0.98,52.7,0.235,0,0.894,1,195
LA-2026-2888,Madhya Pradesh,Jabalpur,Major Irrigation & Canal,High,Stage 4: Section 19 Declaration,16.19,82,79,79.94,26.16,10.12,16.04,0.387,10,0.476,4,48,2,0,2,0,0,0,132,116,398,0.98,21.6,0.319,0,0.623,1,172
LA-2026-2889,Maharashtra,Nagpur,Urban Metro Transit Extension,Normal,Stage 2: Section 11 Notification,49.41,354,321,240.87,69.92,5.17,64.75,0.074,7,0.241,3,11,5,0,5,0,0,0,48,75,153,0.98,31.9,0.298,3,0.743,1,168
LA-2026-2890,Maharashtra,Nagpur,Industrial Smart City Corridor,Cabinet Fast-Track,Stage 4: Section 19 Declaration,30.73,212,149,143.6,43.44,8.51,34.93,0.196,22,0.815,0,0,4,0,4,0,0,0,30,534,150,0.98,77.1,0.31,0,0.775,1,320
LA-2026-2891,Tamil Nadu,Kanchipuram,High-Speed Rail / DFC,Critical,Stage 4: Section 19 Declaration,12.37,101,102,149.46,71.34,36.03,35.31,0.505,6,0.429,4,69,1,0,1,0,0,0,94,34,537,0.98,5.0,0.349,1,0.437,0,0
LA-2026-2892,Karnataka,Dharwad,Major Irrigation & Canal,Critical,Stage 1: Preliminary Survey & SIA,398.56,2234,1399,1064.16,445.15,24.93,420.22,0.056,21,0.808,6,109,37,1,41,0,0,0,127,443,201,0.98,67.8,0.137,5,0.98,1,259
LA-2026-2893,Rajasthan,Jodhpur,Rural Road Connectivity (PMGSY),Normal,Stage 3: Section 15 Hearing & Objections,323.31,1047,927,1079.35,291.55,24.49,267.06,0.084,7,0.368,2,33,17,0,17,0,0,0,21,272,391,0.98,40.0,0.296,2,0.588,1,106
LA-2026-2894,Rajasthan,Kota,Rural Road Connectivity (PMGSY),Critical,Stage 6: Land Possession & Handover,241.21,1947,1834,469.54,247.59,217.88,29.71,0.88,17,0.85,0,0,33,0,33,0,0,0,148,107,73,0.98,58.5,0.249,1,0.847,1,277
LA-2026-2895,Uttar Pradesh,Prayagraj,National Highway Corridor,Critical,Stage 3: Section 15 Hearing & Objections,22.62,86,72,133.4,72.29,6.58,65.71,0.091,15,0.882,0,0,1,0,1,0,0,0,84,204,-4,0.98,99.0,0.374,6,0.796,1,173
LA-2026-2896,Tamil Nadu,Salem,Major Irrigation & Canal,Normal,Stage 5: Valuation & Compensation Award,64.43,263,193,208.65,91.29,71.66,19.63,0.785,15,0.5,6,39,4,0,4,0,0,0,133,56,234,0.98,18.3,0.224,2,0.624,1,167
LA-2026-2897,Madhya Pradesh,Jabalpur,Major Irrigation & Canal,High,Stage 1: Preliminary Survey & SIA,192.7,1596,1603,633.78,319.89,17.27,302.62,0.054,21,0.875,3,37,28,0,28,0,1,0,52,185,461,0.98,27.7,0.364,1,0.889,1,138
LA-2026-2898,Maharashtra,Aurangabad,Renewable Energy Solar Park,Critical,Stage 2: Section 11 Notification,50.1,182,136,162.39,66.1,11.17,54.93,0.169,26,0.743,0,0,2,0,2,0,0,0,99,571,-2,0.98,99.0,0.295,4,0.642,1,117
LA-2026-2899,Gujarat,Rajkot,National Highway Corridor,High,Stage 2: Section 11 Notification,63.73,275,228,136.89,73.35,6.67,66.68,0.091,1,0.037,7,113,9,0,9,0,0,0,150,239,76,0.98,74.9,0.161,1,0.801,1,174
LA-2026-2900,Madhya Pradesh,Indore,Major Irrigation & Canal,High,Stage 1: Preliminary Survey & SIA,86.9,523,324,170.3,51.75,0.57,51.18,0.011,28,0.8,1,85,15,0,15,0,0,0,57,633,26,0.98,95.1,0.198,2,0.802,1,224
LA-2026-2901,Uttar Pradesh,Varanasi,Renewable Energy Solar Park,Cabinet Fast-Track,Stage 2: Section 11 Notification,10.24,71,64,54.45,20.34,0.81,19.53,0.04,17,0.68,2,36,1,0,1,1,0,0,18,368,3,0.98,98.2,0.405,6,0.713,1,190
LA-2026-2902,Karnataka,Bengaluru Rural,Rural Road Connectivity (PMGSY),High,Stage 5: Valuation & Compensation Award,86.59,270,265,163.54,56.77,39.17,17.6,0.69,0,0.0,6,104,4,0,4,1,0,0,81,159,256,0.98,37.3,0.479,3,0.595,1,205
LA-2026-2903,Tamil Nadu,Coimbatore,Urban Metro Transit Extension,Normal,Stage 4: Section 19 Declaration,9.52,108,93,31.1,12.28,6.0,6.28,0.489,14,0.636,8,112,5,0,5,0,1,0,58,163,369,0.98,29.7,0.302,4,0.756,1,148
LA-2026-2904,Odisha,Sundargarh,Major Irrigation & Canal,Normal,Stage 3: Section 15 Hearing & Objections,27.3,113,116,157.1,60.05,3.42,56.63,0.057,28,1.0,8,43,1,0,1,0,0,0,74,301,270,0.98,51.7,0.433,1,0.859,1,153
LA-2026-2905,Uttar Pradesh,Lucknow,Renewable Energy Solar Park,Normal,Stage 3: Section 15 Hearing & Objections,33.3,185,142,185.74,59.82,0.06,59.76,0.001,4,0.19,8,102,2,0,2,1,0,0,99,215,135,0.98,60.4,0.364,6,0.819,1,377
LA-2026-2906,Tamil Nadu,Coimbatore,Industrial Smart City Corridor,Critical,Stage 2: Section 11 Notification,30.18,114,102,121.63,60.28,11.57,48.71,0.192,17,0.68,8,81,2,0,2,0,1,0,152,275,-65,0.98,99.0,0.26,1,0.715,1,246
LA-2026-2907,Maharashtra,Nagpur,Urban Metro Transit Extension,High,Stage 1: Preliminary Survey & SIA,20.55,211,188,70.94,35.82,6.95,28.87,0.194,1,0.037,1,79,1,0,1,0,0,0,29,157,148,0.98,50.5,0.253,3,0.367,0,0
LA-2026-2908,Karnataka,Mangaluru,Rural Road Connectivity (PMGSY),High,Stage 2: Section 11 Notification,67.26,360,228,181.2,73.91,3.7,70.21,0.05,5,0.185,8,63,6,1,7,1,0,0,144,609,54,0.98,90.9,0.303,2,0.841,1,161
LA-2026-2909,Madhya Pradesh,Indore,Renewable Energy Solar Park,Normal,Stage 4: Section 19 Declaration,344.83,1218,951,625.18,239.47,88.84,150.63,0.371,13,0.867,0,0,16,1,18,0,0,0,86,347,234,0.98,58.7,0.225,0,0.959,1,210
LA-2026-2910,Odisha,Khurda,Urban Metro Transit Extension,Normal,Stage 3: Section 15 Hearing & Objections,56.65,465,290,215.86,78.29,2.27,76.02,0.029,21,0.955,1,19,7,0,7,1,0,0,89,529,190,0.98,72.6,0.385,6,0.874,1,269
LA-2026-2911,Maharashtra,Pune,Urban Metro Transit Extension,Cabinet Fast-Track,Stage 2: Section 11 Notification,39.6,258,177,65.86,23.91,0.65,23.26,0.027,6,0.429,4,67,7,0,7,0,1,0,79,405,79,0.98,82.7,0.3,6,0.862,1,159
LA-2026-2912,Tamil Nadu,Salem,Major Irrigation & Canal,High,Stage 3: Section 15 Hearing & Objections,137.45,738,486,305.84,167.38,14.9,152.48,0.089,5,0.217,6,87,9,0,9,1,0,0,35,48,459,0.98,8.5,0.182,1,0.639,1,190
LA-2026-2913,Madhya Pradesh,Bhopal,Major Irrigation & Canal,Critical,Stage 4: Section 19 Declaration,73.63,513,528,202.66,76.78,13.13,63.65,0.171,30,1.0,5,64,6,0,6,1,0,0,13,133,240,0.98,34.7,0.304,3,0.785,1,110
LA-2026-2914,Maharashtra,Nashik,National Highway Corridor,Normal,Stage 4: Section 19 Declaration,6.91,45,44,40.37,11.71,4.02,7.69,0.343,7,0.438,2,51,2,0,2,1,0,0,162,486,37,0.98,91.9,0.237,5,0.688,1,275
LA-2026-2915,Uttar Pradesh,Prayagraj,Urban Metro Transit Extension,Cabinet Fast-Track,Stage 4: Section 19 Declaration,86.21,667,633,341.64,118.11,61.89,56.22,0.524,6,0.171,6,63,10,0,10,0,1,0,21,216,61,0.98,77.0,0.394,4,0.609,1,307
LA-2026-2916,Gujarat,Vadodara,National Highway Corridor,High,Stage 1: Preliminary Survey & SIA,39.03,171,141,207.26,109.49,21.24,88.25,0.194,23,0.793,5,16,5,1,7,0,1,1,49,317,-15,0.98,99.0,0.195,5,0.888,1,190
LA-2026-2917,Karnataka,Dharwad,Renewable Energy Solar Park,Critical,Stage 2: Section 11 Notification,10.67,61,52,148.44,62.81,4.08,58.73,0.065,17,0.773,5,117,0,0,0,1,0,0,36,333,12,0.98,95.5,0.176,1,0.571,1,116
LA-2026-2918,Rajasthan,Jaipur,Industrial Smart City Corridor,High,Stage 4: Section 19 Declaration,26.77,93,78,160.61,61.23,11.76,49.47,0.192,3,0.143,4,117,0,0,0,0,0,0,127,372,285,0.98,55.6,0.318,1,0.607,1,188
LA-2026-2919,Madhya Pradesh,Indore,Major Irrigation & Canal,High,Stage 5: Valuation & Compensation Award,543.73,3310,3392,1728.64,722.79,595.58,127.21,0.824,2,0.105,2,38,53,0,53,0,0,0,149,294,-33,0.98,99.0,0.211,5,0.626,1,130
LA-2026-2920,Rajasthan,Jodhpur,Rural Road Connectivity (PMGSY),Cabinet Fast-Track,Stage 5: Valuation & Compensation Award,54.3,328,235,234.75,110.58,85.48,25.1,0.773,9,0.45,3,81,5,1,8,0,0,0,53,521,131,0.98,78.9,0.29,3,0.67,1,106
LA-2026-2921,Gujarat,Bharuch,Rural Road Connectivity (PMGSY),Cabinet Fast-Track,Stage 3: Section 15 Hearing & Objections,10.81,41,28,130.17,57.31,10.26,47.05,0.179,24,1.0,4,28,0,0,0,0,0,0,96,142,525,0.98,20.3,0.276,6,0.622,1,166
LA-2026-2922,Gujarat,Bharuch,Renewable Energy Solar Park,Normal,Stage 5: Valuation & Compensation Award,193.0,918,693,446.11,133.98,111.07,22.91,0.829,1,0.031,4,16,15,1,19,0,0,0,146,168,243,0.98,39.9,0.254,4,0.683,1,171
LA-2026-2923,Tamil Nadu,Kanchipuram,Renewable Energy Solar Park,Normal,Stage 4: Section 19 Declaration,91.47,391,391,320.31,117.35,35.56,81.79,0.303,13,0.481,2,36,8,0,8,0,0,0,68,524,18,0.98,95.7,0.345,6,0.666,1,183
LA-2026-2924,Gujarat,Surat,Industrial Smart City Corridor,Critical,Stage 3: Section 15 Hearing & Objections,8.1,85,68,80.77,39.75,4.73,35.02,0.119,25,1.0,3,6,2,0,2,1,0,0,66,46,291,0.98,12.7,0.218,6,0.579,1,142
LA-2026-2925,Maharashtra,Pune,Urban Metro Transit Extension,Critical,Stage 5: Valuation & Compensation Award,111.98,795,689,349.48,88.63,45.91,42.72,0.518,7,0.206,7,23,14,0,14,0,0,0,37,277,380,0.98,41.2,0.337,6,0.677,1,265
LA-2026-2926,Odisha,Angul,Renewable Energy Solar Park,Normal,Stage 4: Section 19 Declaration,124.45,827,700,474.66,123.25,73.09,50.16,0.593,7,0.438,3,42,17,0,17,1,0,0,78,297,-50,0.98,99.0,0.449,1,0.788,1,170
LA-2026-2927,Gujarat,Bharuch,Renewable Energy Solar Park,High,Stage 4: Section 19 Declaration,61.69,196,153,159.31,79.71,45.2,34.51,0.567,30,0.882,7,102,1,0,1,0,0,0,116,457,53,0.98,88.6,0.256,4,0.676,1,271
LA-2026-2928,Maharashtra,Nagpur,High-Speed Rail / DFC,Cabinet Fast-Track,Stage 5: Valuation & Compensation Award,148.88,1260,784,309.4,167.53,116.6,50.93,0.696,23,0.885,3,51,17,1,18,1,0,0,87,409,-62,0.98,99.0,0.262,5,0.869,1,295
LA-2026-2929,Maharashtra,Nashik,Industrial Smart City Corridor,Cabinet Fast-Track,Stage 3: Section 15 Hearing & Objections,73.44,337,321,321.29,109.02,6.98,102.04,0.064,14,0.875,8,62,6,1,9,0,1,0,87,189,60,0.98,74.9,0.208,2,0.98,1,151
LA-2026-2930,Gujarat,Surat,National Highway Corridor,Cabinet Fast-Track,Stage 4: Section 19 Declaration,132.62,522,535,198.23,55.16,27.91,27.25,0.506,3,0.086,6,56,8,0,8,1,0,0,46,643,41,0.98,93.0,0.245,2,0.658,1,89
LA-2026-2931,Karnataka,Mangaluru,Major Irrigation & Canal,Normal,Stage 4: Section 19 Declaration,29.54,189,130,88.02,30.21,10.09,20.12,0.334,11,0.647,2,65,0,0,0,0,0,0,161,247,260,0.98,47.7,0.325,1,0.621,1,157
LA-2026-2932,Karnataka,Mangaluru,National Highway Corridor,High,Stage 4: Section 19 Declaration,362.94,2060,2012,523.03,153.96,67.74,86.22,0.44,10,0.5,3,80,31,0,31,1,0,0,69,276,-76,0.98,99.0,0.312,0,0.681,1,189
LA-2026-2933,Gujarat,Surat,Industrial Smart City Corridor,Cabinet Fast-Track,Stage 3: Section 15 Hearing & Objections,164.7,855,820,653.33,186.15,1.68,184.47,0.009,29,0.853,2,7,16,1,19,0,0,0,58,221,-19,0.98,99.0,0.229,1,0.97,1,170
LA-2026-2934,Karnataka,Mysuru,Industrial Smart City Corridor,Normal,Stage 5: Valuation & Compensation Award,16.56,152,95,80.03,32.67,25.25,7.42,0.773,11,0.478,5,68,1,0,1,1,0,0,32,279,-70,0.98,99.0,0.272,2,0.392,0,0
LA-2026-2935,Maharashtra,Thane,High-Speed Rail / DFC,High,Stage 3: Section 15 Hearing & Objections,52.08,386,264,191.45,57.49,4.25,53.24,0.074,2,0.095,1,75,8,0,8,0,1,0,110,379,107,0.98,77.0,0.421,4,0.867,1,245
LA-2026-2936,Maharashtra,Nashik,Rural Road Connectivity (PMGSY),Normal,Stage 2: Section 11 Notification,5.43,63,67,30.86,15.53,2.14,13.39,0.138,5,0.417,3,93,0,0,0,0,0,0,98,157,116,0.98,56.5,0.258,6,0.471,0,0
LA-2026-2937,Uttar Pradesh,Prayagraj,Urban Metro Transit Extension,Cabinet Fast-Track,Stage 4: Section 19 Declaration,76.63,470,339,121.05,44.74,14.14,30.6,0.316,15,0.652,1,114,7,0,7,1,0,0,90,539,-18,0.98,99.0,0.391,5,0.746,1,199
LA-2026-2938,Gujarat,Vadodara,Major Irrigation & Canal,High,Stage 2: Section 11 Notification,291.42,766,513,923.64,307.94,58.51,249.43,0.19,2,0.125,8,84,14,0,14,0,0,0,115,153,467,0.98,23.7,0.182,0,0.785,1,127
LA-2026-2939,Maharashtra,Nashik,Major Irrigation & Canal,Normal,Stage 4: Section 19 Declaration,21.02,195,210,189.86,101.54,29.75,71.79,0.293,5,0.385,8,84,2,0,2,0,0,0,49,178,44,0.98,79.2,0.223,3,0.614,1,85
LA-2026-2940,Rajasthan,Alwar,National Highway Corridor,Critical,Stage 5: Valuation & Compensation Award,63.41,354,377,207.34,52.59,32.92,19.67,0.626,8,0.667,0,0,6,0,6,1,1,1,118,384,16,0.98,95.0,0.356,6,0.813,1,211
LA-2026-2941,Madhya Pradesh,Bhopal,Rural Road Connectivity (PMGSY),Normal,Stage 2: Section 11 Notification,26.93,143,101,119.01,65.07,6.51,58.56,0.1,26,0.963,8,67,1,0,1,1,0,0,48,337,64,0.98,83.1,0.309,0,0.729,1,120
LA-2026-2942,Tamil Nadu,Salem,Urban Metro Transit Extension,Normal,Stage 5: Valuation & Compensation Award,36.69,143,105,181.49,50.77,34.98,15.79,0.689,13,0.867,8,60,0,0,0,0,1,0,143,314,114,0.98,72.4,0.215,6,0.554,1,272
LA-2026-2943,Odisha,Angul,Renewable Energy Solar Park,Normal,Stage 4: Section 19 Declaration,15.59,81,54,103.28,38.24,18.32,19.92,0.479,24,1.0,8,68,0,0,0,0,1,0,95,225,-9,0.98,99.0,0.461,0,0.555,1,133
LA-2026-2944,Maharashtra,Nashik,High-Speed Rail / DFC,Cabinet Fast-Track,Stage 4: Section 19 Declaration,8.69,79,50,20.44,6.46,1.14,5.32,0.177,3,0.103,4,57,1,0,1,1,1,0,173,215,-34,0.98,99.0,0.241,0,0.766,1,154
LA-2026-2945,Rajasthan,Udaipur,High-Speed Rail / DFC,Normal,Stage 5: Valuation & Compensation Award,100.88,719,530,264.51,137.78,89.01,48.77,0.646,28,0.903,8,97,11,0,11,0,1,1,112,55,352,0.98,12.5,0.233,2,0.778,1,129
LA-2026-2946,Karnataka,Dharwad,Major Irrigation & Canal,Normal,Stage 3: Section 15 Hearing & Objections,176.3,1102,1211,583.7,240.93,34.93,206.0,0.145,1,0.033,6,48,19,0,19,0,1,0,77,522,54,0.98,89.6,0.222,4,0.774,1,229
LA-2026-2947,Odisha,Angul,National Highway Corridor,Normal,Stage 6: Land Possession & Handover,30.53,199,176,72.43,37.53,28.56,8.97,0.761,5,0.385,5,105,4,0,4,0,0,0,120,392,99,0.98,78.9,0.435,4,0.677,1,150
LA-2026-2948,Maharashtra,Nashik,High-Speed Rail / DFC,High,Stage 4: Section 19 Declaration,21.47,162,154,165.48,78.71,17.32,61.39,0.22,26,0.929,5,54,5,1,7,0,0,0,99,98,115,0.98,45.0,0.207,0,0.98,1,363
LA-2026-2949,Karnataka,Bengaluru Rural,Major Irrigation & Canal,Cabinet Fast-Track,Stage 3: Section 15 Hearing & Objections,61.61,192,180,75.92,22.61,1.29,21.32,0.057,13,0.765,1,47,4,0,4,0,1,0,161,140,532,0.98,19.9,0.479,6,0.82,1,202
LA-2026-2950,Uttar Pradesh,Varanasi,Industrial Smart City Corridor,Normal,Stage 5: Valuation & Compensation Award,93.82,775,716,371.74,190.49,88.2,102.29,0.463,0,0.0,0,0,14,0,14,0,0,0,96,327,236,0.98,57.1,0.446,5,0.696,1,115
LA-2026-2951,Maharashtra,Aurangabad,Renewable Energy Solar Park,High,Stage 1: Preliminary Survey & SIA,42.35,187,190,136.68,73.72,7.08,66.64,0.096,7,0.269,8,65,2,0,2,0,1,0,171,441,246,0.98,63.2,0.289,1,0.728,1,289
LA-2026-2952,Maharashtra,Nagpur,Rural Road Connectivity (PMGSY),Critical,Stage 3: Section 15 Hearing & Objections,91.54,521,337,165.44,49.78,6.12,43.66,0.123,0,0.0,1,37,13,1,15,0,0,0,25,255,463,0.98,34.5,0.266,0,0.771,1,180
LA-2026-2953,Rajasthan,Kota,National Highway Corridor,Cabinet Fast-Track,Stage 1: Preliminary Survey & SIA,11.68,86,90,140.84,38.95,3.97,34.98,0.102,24,0.96,6,19,0,0,0,0,1,1,79,351,251,0.98,57.3,0.276,4,0.717,1,129
LA-2026-2954,Madhya Pradesh,Indore,High-Speed Rail / DFC,Critical,Stage 5: Valuation & Compensation Award,53.88,231,204,268.68,110.01,43.01,67.0,0.391,1,0.042,0,0,2,0,2,1,1,0,171,365,278,0.98,55.8,0.201,2,0.658,1,189
LA-2026-2955,Maharashtra,Thane,Major Irrigation & Canal,Cabinet Fast-Track,Stage 3: Section 15 Hearing & Objections,104.58,314,287,273.31,113.15,1.02,112.13,0.009,10,0.714,5,66,7,0,7,1,0,0,102,124,160,0.98,42.7,0.473,6,0.868,1,139
LA-2026-2956,Gujarat,Bharuch,National Highway Corridor,Critical,Stage 6: Land Possession & Handover,73.54,281,222,124.03,55.76,36.02,19.74,0.646,11,0.846,8,102,3,0,3,1,0,0,120,442,160,0.98,72.4,0.261,4,0.681,1,177
LA-2026-2957,Tamil Nadu,Madurai,Major Irrigation & Canal,Normal,Stage 1: Preliminary Survey & SIA,125.29,868,802,338.76,135.11,8.78,126.33,0.065,5,0.357,2,60,16,0,16,0,0,0,116,228,342,0.98,39.0,0.266,6,0.861,1,216
LA-2026-2958,Tamil Nadu,Madurai,Industrial Smart City Corridor,High,Stage 4: Section 19 Declaration,50.38,406,341,255.46,74.21,21.97,52.24,0.296,9,0.265,4,68,7,0,7,0,0,0,76,111,217,0.98,32.9,0.288,3,0.677,1,160
LA-2026-2959,Karnataka,Dharwad,National Highway Corridor,Critical,Stage 3: Section 15 Hearing & Objections,11.89,73,76,167.98,91.51,12.45,79.06,0.136,1,0.067,2,48,2,0,2,0,0,0,28,145,77,0.98,64.3,0.229,6,0.424,0,0
LA-2026-2960,Uttar Pradesh,Prayagraj,Rural Road Connectivity (PMGSY),High,Stage 1: Preliminary Survey & SIA,114.89,358,231,270.95,140.6,22.21,118.39,0.158,0,0.0,4,58,9,0,9,0,0,0,108,36,562,0.98,5.0,0.405,5,0.684,1,233
LA-2026-2961,Uttar Pradesh,Lucknow,Rural Road Connectivity (PMGSY),High,Stage 5: Valuation & Compensation Award,50.19,408,356,155.7,68.43,41.61,26.82,0.608,9,0.273,4,92,5,0,5,0,1,0,178,417,85,0.98,82.1,0.415,0,0.767,1,155
LA-2026-2962,Maharashtra,Nagpur,Industrial Smart City Corridor,Normal,Stage 6: Land Possession & Handover,60.99,262,208,202.54,77.99,73.54,4.45,0.943,3,0.107,1,120,4,0,4,0,0,0,27,131,144,0.98,46.7,0.277,2,0.449,0,0
LA-2026-2963,Maharashtra,Thane,National Highway Corridor,High,Stage 3: Section 15 Hearing & Objections,8.7,76,73,161.29,73.45,4.55,68.9,0.062,21,0.7,0,0,0,0,0,0,0,0,123,148,354,0.98,28.5,0.447,4,0.645,1,126
LA-2026-2964,Tamil Nadu,Kanchipuram,Rural Road Connectivity (PMGSY),Cabinet Fast-Track,Stage 5: Valuation & Compensation Award,129.08,904,551,359.14,132.83,47.55,85.28,0.358,14,0.5,8,27,9,1,11,0,0,0,179,181,101,0.98,63.2,0.32,3,0.667,1,138
LA-2026-2965,Tamil Nadu,Madurai,Major Irrigation & Canal,High,Stage 3: Section 15 Hearing & Objections,89.5,658,674,268.02,119.6,0.6,119.0,0.005,30,0.909,4,101,11,1,14,1,0,0,93,264,72,0.98,77.6,0.304,3,0.98,1,139
LA-2026-2966,Tamil Nadu,Madurai,Renewable Energy Solar Park,Cabinet Fast-Track,Stage 4: Section 19 Declaration,37.75,187,127,207.97,65.99,38.6,27.39,0.585,7,0.467,6,95,1,0,1,0,1,0,165,156,259,0.98,36.6,0.253,6,0.454,0,0
LA-2026-2967,Madhya Pradesh,Jabalpur,National Highway Corridor,Normal,Stage 5: Valuation & Compensation Award,52.48,388,287,226.67,112.58,77.34,35.24,0.687,13,0.765,7,44,5,1,6,0,0,0,67,47,527,0.98,7.2,0.339,3,0.698,1,245
LA-2026-2968,Karnataka,Bengaluru Rural,Urban Metro Transit Extension,Normal,Stage 5: Valuation & Compensation Award,126.07,687,496,181.18,81.27,28.61,52.66,0.352,20,0.833,5,37,13,0,13,0,0,0,164,303,-96,0.98,99.0,0.522,3,0.908,1,297
LA-2026-2969,Tamil Nadu,Kanchipuram,National Highway Corridor,Critical,Stage 4: Section 19 Declaration,86.01,357,258,178.51,61.49,29.95,31.54,0.487,19,0.731,4,112,9,0,9,0,0,0,112,563,-86,0.98,99.0,0.332,4,0.771,1,185
LA-2026-2970,Tamil Nadu,Tiruchirappalli,National Highway Corridor,Cabinet Fast-Track,Stage 1: Preliminary Survey & SIA,24.73,214,198,42.13,15.44,1.45,13.99,0.094,0,0.0,7,102,1,0,1,0,0,0,37,237,195,0.98,53.9,0.271,6,0.544,1,71
LA-2026-2971,Karnataka,Dharwad,Industrial Smart City Corridor,Critical,Stage 3: Section 15 Hearing & Objections,71.29,492,512,297.0,107.36,9.45,97.91,0.088,7,0.538,8,13,12,1,13,0,0,0,61,444,-62,0.98,99.0,0.208,6,0.82,1,110
LA-2026-2972,Maharashtra,Pune,Industrial Smart City Corridor,Normal,Stage 6: Land Possession & Handover,51.4,188,158,144.15,74.88,70.39,4.49,0.94,2,0.095,5,42,4,0,4,0,0,0,83,167,108,0.98,59.7,0.317,1,0.553,1,90
LA-2026-2973,Karnataka,Mangaluru,Industrial Smart City Corridor,Cabinet Fast-Track,Stage 6: Land Possession & Handover,29.77,145,154,178.82,80.27,73.05,7.22,0.91,18,0.947,1,61,3,0,3,1,1,0,51,413,117,0.98,76.9,0.313,1,0.634,1,273
LA-2026-2974,Odisha,Sundargarh,National Highway Corridor,Normal,Stage 4: Section 19 Declaration,125.86,943,707,394.59,206.61,32.23,174.38,0.156,11,0.458,3,92,12,0,12,0,0,0,170,226,138,0.98,61.1,0.402,1,0.88,1,180
LA-2026-2975,Uttar Pradesh,Agra,High-Speed Rail / DFC,Critical,Stage 3: Section 15 Hearing & Objections,30.96,208,152,90.35,38.33,7.05,31.28,0.184,15,0.536,2,118,1,0,1,0,0,0,79,188,429,0.98,29.5,0.335,6,0.636,1,243
LA-2026-2976,Madhya Pradesh,Jabalpur,Urban Metro Transit Extension,High,Stage 5: Valuation & Compensation Award,49.96,460,450,106.0,52.99,18.6,34.39,0.351,17,0.708,7,84,4,0,4,0,0,0,178,275,62,0.98,80.6,0.347,1,0.812,1,283
LA-2026-2977,Tamil Nadu,Tiruchirappalli,High-Speed Rail / DFC,Normal,Stage 5: Valuation & Compensation Award,46.33,422,357,182.32,72.81,36.48,36.33,0.501,1,0.038,6,0,4,0,4,0,1,0,109,653,20,0.98,96.0,0.257,6,0.687,1,232
LA-2026-2978,Odisha,Angul,Renewable Energy Solar Park,High,Stage 2: Section 11 Notification,44.64,378,240,219.71,84.55,9.39,75.16,0.111,0,0.0,6,89,5,0,5,1,0,0,44,228,76,0.98,74.0,0.439,6,0.619,1,88
LA-2026-2979,Tamil Nadu,Salem,Industrial Smart City Corridor,Cabinet Fast-Track,Stage 2: Section 11 Notification,58.88,298,180,171.0,62.98,4.53,58.45,0.072,0,0.0,1,120,5,1,8,1,0,0,162,740,-13,0.98,99.0,0.18,4,0.801,1,288
LA-2026-2980,Karnataka,Belagavi,Urban Metro Transit Extension,High,Stage 1: Preliminary Survey & SIA,13.3,130,126,150.0,53.32,3.41,49.91,0.064,23,0.958,2,46,2,0,2,0,0,0,111,306,-25,0.98,99.0,0.192,0,0.781,1,214
LA-2026-2981,Odisha,Khurda,Renewable Energy Solar Park,High,Stage 4: Section 19 Declaration,24.28,133,140,105.64,45.48,22.06,23.42,0.485,5,0.152,1,85,2,0,2,1,0,0,22,33,201,0.98,13.1,0.302,3,0.363,0,0
LA-2026-2982,Uttar Pradesh,Agra,National Highway Corridor,Cabinet Fast-Track,Stage 4: Section 19 Declaration,29.08,180,164,208.92,97.65,56.05,41.6,0.574,32,1.0,1,17,2,0,2,0,1,0,169,288,156,0.98,63.9,0.375,4,0.666,1,564
LA-2026-2983,Gujarat,Surat,Renewable Energy Solar Park,Critical,Stage 3: Section 15 Hearing & Objections,88.12,537,457,449.6,149.06,3.88,145.18,0.026,12,0.923,8,109,12,0,12,0,1,0,169,616,-52,0.98,99.0,0.202,0,0.876,1,279
LA-2026-2984,Tamil Nadu,Madurai,Renewable Energy Solar Park,Normal,Stage 3: Section 15 Hearing & Objections,54.91,301,197,203.92,94.14,1.32,92.82,0.014,26,0.812,5,40,6,0,6,1,0,0,72,673,-16,0.98,99.0,0.245,6,0.919,1,132
LA-2026-2985,Gujarat,Surat,National Highway Corridor,Cabinet Fast-Track,Stage 3: Section 15 Hearing & Objections,23.58,219,237,190.2,77.07,1.0,76.07,0.013,3,0.143,7,49,0,0,0,0,0,1,111,299,-36,0.98,99.0,0.231,0,0.462,0,0
LA-2026-2986,Gujarat,Surat,Major Irrigation & Canal,Critical,Stage 4: Section 19 Declaration,60.81,501,345,227.62,63.42,16.36,47.06,0.258,19,0.76,3,54,6,0,6,0,0,0,170,383,-84,0.98,99.0,0.219,3,0.784,1,149
LA-2026-2987,Rajasthan,Alwar,Industrial Smart City Corridor,Normal,Stage 2: Section 11 Notification,267.23,1195,1235,321.89,89.3,4.11,85.19,0.046,21,0.7,1,91,18,0,18,1,0,0,67,105,324,0.98,23.5,0.395,6,0.739,1,201
LA-2026-2988,Gujarat,Rajkot,Rural Road Connectivity (PMGSY),Cabinet Fast-Track,Stage 5: Valuation & Compensation Award,74.26,613,610,260.9,111.24,68.08,43.16,0.612,14,0.737,4,77,13,0,13,0,1,0,164,224,135,0.98,61.4,0.13,1,0.847,1,174
LA-2026-2989,Odisha,Sundargarh,Renewable Energy Solar Park,Cabinet Fast-Track,Stage 1: Preliminary Survey & SIA,212.46,1058,849,488.82,174.75,27.96,146.79,0.16,33,1.0,4,97,15,0,15,0,0,0,87,294,149,0.98,65.4,0.429,5,0.922,1,128
LA-2026-2990,Madhya Pradesh,Ujjain,National Highway Corridor,Normal,Stage 4: Section 19 Declaration,56.24,248,265,157.19,49.57,17.85,31.72,0.36,6,0.462,4,3,6,0,6,0,0,1,66,257,239,0.98,50.8,0.231,2,0.728,1,111
LA-2026-2991,Odisha,Jajpur,Renewable Energy Solar Park,Normal,Stage 4: Section 19 Declaration,66.01,490,325,298.31,75.72,29.46,46.26,0.389,15,0.536,0,0,7,1,10,0,1,0,133,200,377,0.98,33.7,0.378,5,0.95,1,352
LA-2026-2992,Tamil Nadu,Salem,High-Speed Rail / DFC,Cabinet Fast-Track,Stage 3: Section 15 Hearing & Objections,18.63,133,83,78.94,22.52,0.09,22.43,0.004,25,0.714,6,92,2,0,2,1,0,1,55,241,58,0.98,79.6,0.177,4,0.722,1,126
LA-2026-2993,Maharashtra,Nagpur,Renewable Energy Solar Park,Critical,Stage 6: Land Possession & Handover,70.18,629,648,163.54,88.58,87.78,0.8,0.991,29,0.829,3,77,8,0,8,0,0,0,68,509,172,0.98,73.8,0.292,2,0.658,1,127
LA-2026-2994,Uttar Pradesh,Prayagraj,Urban Metro Transit Extension,High,Stage 3: Section 15 Hearing & Objections,23.38,193,153,137.67,38.6,1.66,36.94,0.043,1,0.071,7,86,2,0,2,0,0,0,31,305,337,0.98,46.5,0.415,0,0.505,1,177
LA-2026-2995,Karnataka,Mangaluru,Major Irrigation & Canal,High,Stage 6: Land Possession & Handover,67.56,582,483,182.02,63.63,45.62,18.01,0.717,3,0.2,2,46,6,0,6,0,1,0,120,504,78,0.98,85.6,0.297,0,0.705,1,126
LA-2026-2996,Maharashtra,Aurangabad,National Highway Corridor,Critical,Stage 2: Section 11 Notification,17.29,141,139,153.4,82.32,4.2,78.12,0.051,9,0.265,2,80,4,0,4,0,1,0,140,46,389,0.98,9.6,0.318,6,0.66,1,165
LA-2026-2997,Gujarat,Ahmedabad,National Highway Corridor,Cabinet Fast-Track,Stage 5: Valuation & Compensation Award,150.9,1307,908,457.21,137.81,115.76,22.05,0.84,2,0.143,7,29,18,0,18,0,0,0,61,567,147,0.98,78.4,0.2,1,0.521,1,199
LA-2026-2998,Maharashtra,Nashik,High-Speed Rail / DFC,Normal,Stage 4: Section 19 Declaration,148.03,421,367,525.47,144.47,45.94,98.53,0.318,4,0.19,8,60,5,1,6,0,0,0,150,53,586,0.98,7.3,0.233,6,0.646,1,195
LA-2026-2999,Karnataka,Dharwad,Industrial Smart City Corridor,Normal,Stage 1: Preliminary Survey & SIA,26.64,154,140,176.71,79.96,0.32,79.64,0.004,10,0.714,0,0,2,0,2,0,1,0,94,391,124,0.98,74.9,0.231,4,0.861,1,210
LA-2026-3000,Uttar Pradesh,Prayagraj,Industrial Smart City Corridor,Critical,Stage 5: Valuation & Compensation Award,21.55,142,129,168.58,50.08,15.37,34.71,0.307,6,0.353,0,0,2,0,2,0,0,0,119,95,216,0.98,29.6,0.418,1,0.549,1,115
LA-2026-3001,Gujarat,Surat,Industrial Smart City Corridor,Normal,Stage 3: Section 15 Hearing & Objections,188.23,1033,830,419.73,181.06,7.06,174.0,0.039,12,0.353,4,87,21,1,24,0,0,0,10,266,455,0.98,35.9,0.201,4,0.744,1,134
LA-2026-3002,Uttar Pradesh,Agra,Rural Road Connectivity (PMGSY),High,Stage 2: Section 11 Notification,14.16,61,64,146.21,68.2,5.73,62.47,0.084,25,0.735,3,15,0,0,0,0,0,0,116,87,123,0.98,40.4,0.371,3,0.604,1,157
LA-2026-3003,Rajasthan,Kota,National Highway Corridor,High,Stage 6: Land Possession & Handover,138.13,621,679,223.47,77.99,60.36,17.63,0.774,8,0.4,1,120,6,1,7,1,0,1,105,95,86,0.98,51.5,0.256,4,0.797,1,169
LA-2026-3004,Tamil Nadu,Madurai,Rural Road Connectivity (PMGSY),Critical,Stage 6: Land Possession & Handover,348.5,910,886,1173.26,439.04,409.19,29.85,0.932,6,0.171,7,52,14,1,18,1,1,0,94,81,127,0.98,38.0,0.258,1,0.745,1,150
LA-2026-3005,Tamil Nadu,Kanchipuram,National Highway Corridor,Critical,Stage 5: Valuation & Compensation Award,71.28,403,259,288.84,143.34,100.62,42.72,0.702,26,0.839,6,12,1,0,1,0,1,0,177,48,457,0.98,8.5,0.326,5,0.457,0,0
LA-2026-3006,Odisha,Jajpur,High-Speed Rail / DFC,High,Stage 1: Preliminary Survey & SIA,14.64,145,132,106.48,44.35,2.88,41.47,0.065,29,1.0,0,0,2,0,2,0,1,0,179,98,248,0.98,27.3,0.393,3,0.815,1,174
LA-2026-3007,Tamil Nadu,Coimbatore,Industrial Smart City Corridor,Critical,Stage 4: Section 19 Declaration,103.12,603,612,312.56,140.6,27.98,112.62,0.199,5,0.208,5,95,11,0,11,0,0,0,137,186,52,0.98,77.2,0.223,0,0.742,1,144
LA-2026-3008,Uttar Pradesh,Noida,Rural Road Connectivity (PMGSY),High,Stage 4: Section 19 Declaration,60.57,347,376,137.43,58.94,21.93,37.01,0.372,27,0.818,2,59,5,0,5,0,0,0,139,357,155,0.98,68.7,0.503,1,0.801,1,275
LA-2026-3009,Uttar Pradesh,Agra,Industrial Smart City Corridor,Normal,Stage 6: Land Possession & Handover,40.35,308,317,213.93,76.52,67.57,8.95,0.883,28,0.966,8,0,3,0,3,0,1,0,101,160,40,0.98,79.0,0.371,4,0.706,1,165
LA-2026-3010,Madhya Pradesh,Bhopal,Rural Road Connectivity (PMGSY),Critical,Stage 2: Section 11 Notification,74.53,459,381,280.93,151.64,23.35,128.29,0.154,11,0.579,5,88,4,0,4,0,0,0,165,121,193,0.98,37.6,0.311,1,0.667,1,229
LA-2026-3011,Maharashtra,Thane,Urban Metro Transit Extension,Critical,Stage 2: Section 11 Notification,27.03,237,246,160.26,81.38,11.07,70.31,0.136,15,0.577,1,13,3,0,3,0,0,0,92,483,113,0.98,80.1,0.436,6,0.722,1,150
LA-2026-3012,Karnataka,Bengaluru Rural,Urban Metro Transit Extension,Critical,Stage 5: Valuation & Compensation Award,169.19,1203,1136,416.39,182.35,123.27,59.08,0.676,14,0.875,4,41,20,0,20,1,0,0,115,508,11,0.98,96.9,0.484,4,0.796,1,138
LA-2026-3013,Odisha,Sambalpur,Renewable Energy Solar Park,Cabinet Fast-Track,Stage 2: Section 11 Notification,23.35,169,137,181.36,86.85,3.56,83.29,0.041,5,0.294,1,99,1,0,1,0,0,0,178,208,83,0.98,70.5,0.28,6,0.574,1,129
LA-2026-3014,Madhya Pradesh,Bhopal,National Highway Corridor,High,Stage 1: Preliminary Survey & SIA,204.85,1029,642,317.95,147.02,6.62,140.4,0.045,16,1.0,8,75,17,0,17,0,0,1,28,473,176,0.98,71.9,0.303,0,0.777,1,299
LA-2026-3015,Uttar Pradesh,Varanasi,Urban Metro Transit Extension,Cabinet Fast-Track,Stage 5: Valuation & Compensation Award,19.63,155,93,73.76,19.0,6.21,12.79,0.327,21,0.656,6,119,0,0,0,0,0,0,36,268,41,0.98,85.8,0.401,1,0.556,1,159
LA-2026-3016,Rajasthan,Udaipur,Renewable Energy Solar Park,Critical,Stage 4: Section 19 Declaration,88.8,463,375,361.13,146.48,22.26,124.22,0.152,35,1.0,8,50,11,0,11,0,0,0,103,292,37,0.98,87.8,0.278,1,0.888,1,209
LA-2026-3017,Rajasthan,Alwar,Urban Metro Transit Extension,High,Stage 1: Preliminary Survey & SIA,81.29,507,353,269.26,81.15,9.9,71.25,0.122,15,0.789,4,78,5,0,5,0,0,0,130,32,156,0.98,16.0,0.393,6,0.852,1,154
LA-2026-3018,Tamil Nadu,Madurai,Industrial Smart City Corridor,Cabinet Fast-Track,Stage 6: Land Possession & Handover,33.79,227,238,122.85,61.9,48.34,13.56,0.781,3,0.15,0,0,4,0,4,0,0,0,89,475,-37,0.98,99.0,0.292,5,0.613,1,184
LA-2026-3019,Madhya Pradesh,Indore,Major Irrigation & Canal,Critical,Stage 3: Section 15 Hearing & Objections,112.21,942,865,286.45,82.24,15.38,66.86,0.187,18,0.783,1,88,10,0,10,0,0,0,125,182,235,0.98,42.7,0.213,4,0.945,1,211
LA-2026-3020,Karnataka,Mangaluru,Renewable Energy Solar Park,Critical,Stage 1: Preliminary Survey & SIA,10.05,67,69,94.98,47.87,8.19,39.68,0.171,27,0.794,5,64,1,0,1,0,0,0,165,266,-31,0.98,99.0,0.289,5,0.685,1,179
LA-2026-3021,Rajasthan,Kota,Major Irrigation & Canal,Normal,Stage 5: Valuation & Compensation Award,30.02,148,96,127.6,49.84,28.36,21.48,0.569,9,0.5,0,0,1,0,1,0,1,0,89,568,100,0.98,84.0,0.241,3,0.596,1,157
LA-2026-3022,Uttar Pradesh,Agra,Major Irrigation & Canal,Cabinet Fast-Track,Stage 2: Section 11 Notification,43.1,222,194,194.58,83.85,8.97,74.88,0.107,10,0.833,0,0,7,0,7,0,1,0,178,191,186,0.98,49.7,0.321,1,0.909,1,198
LA-2026-3023,Karnataka,Mangaluru,Industrial Smart City Corridor,Critical,Stage 3: Section 15 Hearing & Objections,49.35,212,130,130.03,67.54,12.9,54.64,0.191,18,0.72,5,16,3,0,3,0,0,0,58,492,-71,0.98,99.0,0.286,5,0.728,1,111
LA-2026-3024,Gujarat,Surat,National Highway Corridor,High,Stage 1: Preliminary Survey & SIA,13.16,128,129,69.05,19.22,2.67,16.55,0.139,14,0.824,3,40,3,0,3,0,0,1,60,352,230,0.98,59.5,0.233,3,0.799,1,126
LA-2026-3025,Gujarat,Vadodara,Renewable Energy Solar Park,Normal,Stage 3: Section 15 Hearing & Objections,141.63,939,709,429.03,179.43,31.76,147.67,0.177,15,0.75,7,9,18,1,21,0,0,0,72,95,228,0.98,28.4,0.196,2,0.947,1,253
LA-2026-3026,Odisha,Jajpur,Urban Metro Transit Extension,Cabinet Fast-Track,Stage 5: Valuation & Compensation Award,45.69,379,305,184.05,58.24,19.86,38.38,0.341,3,0.12,7,32,3,0,3,0,0,0,20,48,284,0.98,13.5,0.378,6,0.355,0,0
LA-2026-3027,Odisha,Sambalpur,Industrial Smart City Corridor,Cabinet Fast-Track,Stage 4: Section 19 Declaration,65.63,381,303,199.14,109.42,57.01,52.41,0.521,7,0.467,1,81,6,1,7,0,0,0,50,143,438,0.98,23.6,0.327,3,0.671,1,114
LA-2026-3028,Uttar Pradesh,Varanasi,High-Speed Rail / DFC,High,Stage 2: Section 11 Notification,54.98,318,297,96.16,29.82,1.49,28.33,0.05,5,0.417,6,37,5,1,8,1,0,0,171,365,57,0.98,85.5,0.395,6,0.98,1,374
LA-2026-3029,Odisha,Sambalpur,Industrial Smart City Corridor,Normal,Stage 5: Valuation & Compensation Award,212.45,1433,1086,283.07,122.82,73.2,49.62,0.596,0,0.0,7,63,25,0,25,0,0,0,95,247,350,0.98,40.4,0.32,6,0.616,1,127
LA-2026-3030,Karnataka,Mysuru,Urban Metro Transit Extension,High,Stage 6: Land Possession & Handover,15.39,80,87,129.64,33.5,31.12,2.38,0.929,3,0.086,4,86,0,0,0,1,0,0,157,226,373,0.98,36.7,0.249,5,0.552,1,146
LA-2026-3031,Karnataka,Dharwad,Renewable Energy Solar Park,Cabinet Fast-Track,Stage 3: Section 15 Hearing & Objections,40.25,305,266,105.32,31.98,0.38,31.6,0.012,2,0.167,2,19,2,0,2,0,0,0,154,247,78,0.98,75.0,0.204,5,0.614,1,141
LA-2026-3032,Maharashtra,Nashik,National Highway Corridor,Cabinet Fast-Track,Stage 4: Section 19 Declaration,117.43,668,495,441.64,229.73,42.73,187.0,0.186,0,0.0,1,43,9,0,9,1,0,1,174,251,-33,0.98,99.0,0.254,2,0.777,1,209
LA-2026-3033,Maharashtra,Nashik,Major Irrigation & Canal,Cabinet Fast-Track,Stage 3: Section 15 Hearing & Objections,210.12,780,721,585.55,222.45,33.59,188.86,0.151,4,0.114,8,83,7,1,9,0,0,0,56,225,72,0.98,74.8,0.271,5,0.837,1,118
LA-2026-3034,Uttar Pradesh,Prayagraj,High-Speed Rail / DFC,Cabinet Fast-Track,Stage 5: Valuation & Compensation Award,30.18,142,120,156.28,51.72,29.17,22.55,0.564,7,0.318,0,0,1,0,1,1,0,1,10,87,243,0.98,25.4,0.403,0,0.389,0,0
LA-2026-3035,Gujarat,Surat,Renewable Energy Solar Park,High,Stage 6: Land Possession & Handover,11.91,119,104,35.23,11.92,8.65,3.27,0.726,14,0.824,0,0,1,0,1,0,0,0,81,485,169,0.98,73.2,0.248,5,0.651,1,180
LA-2026-3036,Rajasthan,Jodhpur,Renewable Energy Solar Park,High,Stage 1: Preliminary Survey & SIA,22.84,82,60,145.35,57.17,10.98,46.19,0.192,16,0.941,0,0,0,0,0,0,1,0,48,228,361,0.98,37.7,0.274,4,0.544,1,162
LA-2026-3037,Maharashtra,Thane,Industrial Smart City Corridor,Cabinet Fast-Track,Stage 3: Section 15 Hearing & Objections,128.68,930,603,422.16,124.42,12.19,112.23,0.098,10,0.333,2,94,13,0,13,1,0,0,138,404,205,0.98,65.4,0.452,6,0.74,1,148
LA-2026-3038,Maharashtra,Nashik,Rural Road Connectivity (PMGSY),Critical,Stage 1: Preliminary Survey & SIA,62.88,409,378,295.91,98.89,9.0,89.89,0.091,10,0.5,2,46,10,0,10,0,0,0,170,385,-46,0.98,99.0,0.235,3,0.774,1,219
LA-2026-3039,Tamil Nadu,Kanchipuram,Major Irrigation & Canal,Normal,Stage 5: Valuation & Compensation Award,117.2,452,425,362.59,176.54,137.17,39.37,0.777,14,0.519,7,99,3,0,3,0,1,0,91,456,3,0.98,98.4,0.368,4,0.638,1,116
LA-2026-3040,Rajasthan,Jodhpur,Renewable Energy Solar Park,Critical,Stage 3: Section 15 Hearing & Objections,25.97,131,100,140.06,48.89,9.68,39.21,0.198,8,0.258,8,101,3,0,3,0,0,0,25,564,24,0.98,94.9,0.314,0,0.55,1,291
LA-2026-3041,Madhya Pradesh,Jabalpur,National Highway Corridor,Cabinet Fast-Track,Stage 6: Land Possession & Handover,45.83,338,271,165.56,58.73,43.11,15.62,0.734,2,0.074,8,120,9,0,9,0,0,0,60,117,64,0.98,63.7,0.326,6,0.568,1,101
LA-2026-3042,Karnataka,Bengaluru Rural,Urban Metro Transit Extension,Cabinet Fast-Track,Stage 2: Section 11 Notification,310.6,2577,1592,709.79,372.44,39.11,333.33,0.105,20,0.87,1,18,34,0,34,0,0,0,157,513,-21,0.98,99.0,0.495,6,0.843,1,175
LA-2026-3043,Tamil Nadu,Coimbatore,Renewable Energy Solar Park,Critical,Stage 3: Section 15 Hearing & Objections,136.03,848,579,477.45,122.2,23.83,98.37,0.195,0,0.0,1,73,11,0,11,0,0,0,31,306,256,0.98,53.5,0.251,0,0.681,1,166
LA-2026-3044,Rajasthan,Jaipur,Urban Metro Transit Extension,Normal,Stage 6: Land Possession & Handover,7.8,55,44,27.34,13.84,13.27,0.57,0.959,25,0.714,7,111,0,0,0,0,1,0,141,207,-26,0.98,99.0,0.305,3,0.445,0,0
LA-2026-3045,Uttar Pradesh,Lucknow,Major Irrigation & Canal,Critical,Stage 4: Section 19 Declaration,120.03,435,465,223.08,91.55,26.55,65.0,0.29,17,0.68,5,93,6,0,6,0,0,0,67,261,210,0.98,54.4,0.353,2,0.967,1,197
LA-2026-3046,Madhya Pradesh,Bhopal,Urban Metro Transit Extension,Normal,Stage 1: Preliminary Survey & SIA,98.17,566,496,273.49,122.76,1.23,121.53,0.01,29,0.967,0,0,7,1,11,1,0,0,18,76,172,0.98,29.7,0.287,2,0.882,1,139
LA-2026-3047,Maharashtra,Nagpur,National Highway Corridor,Critical,Stage 5: Valuation & Compensation Award,33.93,294,193,215.1,69.67,47.17,22.5,0.677,18,0.857,7,20,2,0,2,0,0,0,180,208,124,0.98,61.7,0.269,1,0.617,1,165
LA-2026-3048,Maharashtra,Pune,National Highway Corridor,High,Stage 6: Land Possession & Handover,57.31,520,454,144.46,77.6,68.06,9.54,0.877,30,0.968,4,82,5,0,5,0,0,0,169,403,258,0.98,60.0,0.306,6,0.781,1,223
LA-2026-3049,Madhya Pradesh,Jabalpur,Renewable Energy Solar Park,Cabinet Fast-Track,Stage 6: Land Possession & Handover,120.84,469,427,417.18,224.34,189.79,34.55,0.846,4,0.174,6,84,8,0,8,0,0,0,52,290,206,0.98,57.5,0.323,1,0.562,1,78
LA-2026-3050,Maharashtra,Thane,National Highway Corridor,Cabinet Fast-Track,Stage 1: Preliminary Survey & SIA,49.22,165,169,204.08,52.17,9.81,42.36,0.188,9,0.346,0,0,2,0,2,0,0,1,64,208,87,0.98,69.5,0.464,1,0.673,1,150
LA-2026-3051,Karnataka,Dharwad,Rural Road Connectivity (PMGSY),High,Stage 2: Section 11 Notification,19.86,181,134,197.65,103.67,2.38,101.29,0.023,28,0.848,6,68,1,0,1,0,0,0,156,434,179,0.98,69.8,0.188,0,0.783,1,351
LA-2026-3052,Odisha,Jajpur,Major Irrigation & Canal,Normal,Stage 6: Land Possession & Handover,191.76,1606,1623,551.26,203.66,164.15,39.51,0.806,2,0.061,5,66,18,1,22,1,0,0,163,338,310,0.98,51.2,0.377,4,0.747,1,173
LA-2026-3053,Maharashtra,Aurangabad,National Highway Corridor,High,Stage 2: Section 11 Notification,68.19,407,268,327.01,147.32,13.11,134.21,0.089,9,0.529,0,0,7,0,7,1,1,0,112,545,-20,0.98,99.0,0.284,4,0.927,1,233
LA-2026-3054,Madhya Pradesh,Indore,High-Speed Rail / DFC,Critical,Stage 4: Section 19 Declaration,57.35,351,221,185.37,58.57,8.49,50.08,0.145,23,0.885,1,12,6,0,6,0,0,0,47,192,237,0.98,43.8,0.21,6,0.779,1,201
LA-2026-3055,Uttar Pradesh,Prayagraj,Industrial Smart City Corridor,Cabinet Fast-Track,Stage 4: Section 19 Declaration,27.23,151,109,134.16,52.75,11.13,41.62,0.211,21,0.724,5,76,0,0,0,1,0,0,166,553,61,0.98,89.1,0.422,6,0.785,1,442
LA-2026-3056,Madhya Pradesh,Bhopal,Renewable Energy Solar Park,High,Stage 5: Valuation & Compensation Award,23.05,116,71,101.36,43.03,33.69,9.34,0.783,17,0.531,8,1,0,0,0,1,1,0,60,741,-97,0.98,99.0,0.278,5,0.565,1,219
LA-2026-3057,Madhya Pradesh,Jabalpur,High-Speed Rail / DFC,Critical,Stage 2: Section 11 Notification,39.94,335,298,120.11,59.83,1.97,57.86,0.033,5,0.417,5,37,6,0,6,0,0,0,44,708,-21,0.98,99.0,0.314,6,0.684,1,178
LA-2026-3058,Uttar Pradesh,Prayagraj,High-Speed Rail / DFC,Normal,Stage 1: Preliminary Survey & SIA,155.14,818,898,554.44,203.8,12.02,191.78,0.059,17,0.548,7,39,13,0,13,0,0,0,75,511,-43,0.98,99.0,0.381,3,0.758,1,133
LA-2026-3059,Tamil Nadu,Salem,Rural Road Connectivity (PMGSY),High,Stage 4: Section 19 Declaration,123.55,626,638,506.39,226.27,114.04,112.23,0.504,5,0.192,7,43,12,0,12,0,1,0,30,470,-22,0.98,99.0,0.193,6,0.706,1,159
LA-2026-3060,Gujarat,Rajkot,Major Irrigation & Canal,Cabinet Fast-Track,Stage 5: Valuation & Compensation Award,25.08,216,155,156.72,74.8,41.44,33.36,0.554,29,0.935,8,67,4,0,4,0,0,0,176,560,135,0.98,79.6,0.129,2,0.827,1,193
LA-2026-3061,Tamil Nadu,Salem,Rural Road Connectivity (PMGSY),Critical,Stage 3: Section 15 Hearing & Objections,105.1,446,379,220.24,60.84,11.13,49.71,0.183,4,0.267,3,53,5,0,5,0,0,0,11,172,249,0.98,39.9,0.173,3,0.575,1,100
LA-2026-3062,Gujarat,Rajkot,Industrial Smart City Corridor,Normal,Stage 5: Valuation & Compensation Award,98.16,516,348,474.21,245.67,187.45,58.22,0.763,16,0.842,0,0,14,1,17,0,0,0,106,158,235,0.98,39.2,0.175,3,0.841,1,190
LA-2026-3063,Karnataka,Dharwad,Urban Metro Transit Extension,Critical,Stage 1: Preliminary Survey & SIA,92.75,771,571,307.54,98.27,13.76,84.51,0.14,17,0.68,6,17,8,0,8,1,0,0,102,65,236,0.98,20.6,0.162,6,0.821,1,156
LA-2026-3064,Rajasthan,Jaipur,Urban Metro Transit Extension,Cabinet Fast-Track,Stage 4: Section 19 Declaration,77.12,325,249,302.54,125.94,40.93,85.01,0.325,7,0.318,1,48,5,1,7,0,0,0,17,295,143,0.98,66.4,0.287,0,0.582,1,87
LA-2026-3065,Karnataka,Dharwad,Urban Metro Transit Extension,High,Stage 2: Section 11 Notification,166.08,425,425,485.67,188.85,15.86,172.99,0.084,20,0.8,2,36,8,1,11,0,0,0,147,99,584,0.98,13.5,0.193,0,0.818,1,141
LA-2026-3066,Gujarat,Ahmedabad,High-Speed Rail / DFC,Normal,Stage 4: Section 19 Declaration,10.69,88,92,100.26,30.44,16.83,13.61,0.553,24,0.828,0,0,2,0,2,0,0,0,134,315,55,0.98,84.2,0.186,2,0.692,1,153
LA-2026-3067,Odisha,Sambalpur,Major Irrigation & Canal,Cabinet Fast-Track,Stage 2: Section 11 Notification,157.5,1110,878,441.41,123.96,4.09,119.87,0.033,18,0.529,1,66,11,0,11,0,0,0,93,473,69,0.98,86.3,0.307,1,0.77,1,294
LA-2026-3068,Odisha,Sundargarh,National Highway Corridor,High,Stage 2: Section 11 Notification,70.02,488,294,321.51,148.13,9.33,138.8,0.063,13,0.542,0,0,5,0,5,0,0,0,148,751,-36,0.98,99.0,0.422,5,0.871,1,153
LA-2026-3069,Tamil Nadu,Coimbatore,Renewable Energy Solar Park,High,Stage 6: Land Possession & Handover,98.47,783,510,448.78,202.47,189.51,12.96,0.936,5,0.385,2,5,16,1,18,1,0,0,124,323,402,0.98,43.6,0.219,4,0.801,1,130
LA-2026-3070,Rajasthan,Jaipur,Rural Road Connectivity (PMGSY),High,Stage 3: Section 15 Hearing & Objections,98.71,387,234,341.66,146.58,28.73,117.85,0.196,12,0.48,8,55,2,0,2,1,0,0,63,38,305,0.98,10.1,0.295,6,0.458,0,0
LA-2026-3071,Rajasthan,Udaipur,Major Irrigation & Canal,High,Stage 3: Section 15 Hearing & Objections,46.18,366,252,86.47,40.07,0.24,39.83,0.006,16,1.0,7,94,5,0,5,1,1,0,130,220,306,0.98,40.8,0.264,3,0.98,1,189
LA-2026-3072,Rajasthan,Udaipur,High-Speed Rail / DFC,Critical,Stage 3: Section 15 Hearing & Objections,76.47,644,541,361.18,182.32,29.72,152.6,0.163,17,1.0,3,105,20,1,23,0,0,0,114,33,228,0.98,11.7,0.268,2,0.922,1,169
LA-2026-3073,Rajasthan,Jodhpur,Industrial Smart City Corridor,Cabinet Fast-Track,Stage 6: Land Possession & Handover,351.91,1906,1554,1343.66,569.18,389.89,179.29,0.685,15,0.577,0,0,37,1,40,0,0,0,43,362,15,0.98,95.0,0.29,3,0.779,1,148
LA-2026-3074,Karnataka,Bengaluru Rural,High-Speed Rail / DFC,Cabinet Fast-Track,Stage 4: Section 19 Declaration,29.55,208,159,147.17,68.37,17.5,50.87,0.256,14,0.609,0,0,4,0,4,1,0,0,150,117,192,0.98,36.9,0.439,1,0.851,1,159
LA-2026-3075,Odisha,Jajpur,Industrial Smart City Corridor,Critical,Stage 4: Section 19 Declaration,25.24,85,84,88.18,24.37,13.6,10.77,0.558,25,0.833,7,114,1,0,1,0,1,0,67,648,65,0.98,89.9,0.374,0,0.687,1,168
LA-2026-3076,Uttar Pradesh,Agra,Major Irrigation & Canal,Normal,Stage 3: Section 15 Hearing & Objections,36.07,322,260,176.92,78.44,13.18,65.26,0.168,20,0.833,7,29,6,0,6,0,0,0,83,682,-71,0.98,99.0,0.351,4,0.797,1,174
LA-2026-3077,Maharashtra,Thane,Industrial Smart City Corridor,Critical,Stage 3: Section 15 Hearing & Objections,54.64,464,409,111.26,42.3,8.16,34.14,0.193,5,0.278,2,79,10,0,10,1,0,0,68,541,80,0.98,86.1,0.436,2,0.706,1,113
LA-2026-3078,Odisha,Sambalpur,Major Irrigation & Canal,Cabinet Fast-Track,Stage 6: Land Possession & Handover,18.24,89,85,143.88,50.79,36.82,13.97,0.725,19,1.0,4,120,0,0,0,0,0,0,51,246,-56,0.98,99.0,0.339,2,0.419,0,0
LA-2026-3079,Gujarat,Rajkot,Industrial Smart City Corridor,Normal,Stage 3: Section 15 Hearing & Objections,132.11,960,635,386.23,113.76,21.5,92.26,0.189,19,0.655,5,26,14,1,16,1,0,0,172,54,548,0.98,8.0,0.15,1,0.718,1,494
LA-2026-3080,Maharashtra,Pune,High-Speed Rail / DFC,Cabinet Fast-Track,Stage 3: Section 15 Hearing & Objections,93.48,765,616,201.18,79.1,0.87,78.23,0.011,7,0.368,5,54,8,0,8,0,0,0,149,177,387,0.98,30.4,0.339,0,0.852,1,180
LA-2026-3081,Maharashtra,Pune,Industrial Smart City Corridor,High,Stage 4: Section 19 Declaration,245.83,761,659,676.5,331.06,54.62,276.44,0.165,12,0.545,7,2,4,0,4,0,0,0,60,316,332,0.98,47.8,0.347,4,0.799,1,105
LA-2026-3082,Rajasthan,Jaipur,Industrial Smart City Corridor,Cabinet Fast-Track,Stage 6: Land Possession & Handover,73.33,350,344,218.08,94.27,92.76,1.51,0.984,14,0.609,4,45,4,0,4,0,0,0,168,705,-84,0.98,99.0,0.296,4,0.666,1,266
LA-2026-3083,Odisha,Jajpur,National Highway Corridor,Critical,Stage 3: Section 15 Hearing & Objections,29.81,284,219,174.09,75.78,1.74,74.04,0.023,4,0.167,1,56,2,0,2,0,0,0,171,382,43,0.98,88.9,0.385,2,0.752,1,286
LA-2026-3084,Uttar Pradesh,Prayagraj,High-Speed Rail / DFC,Critical,Stage 5: Valuation & Compensation Award,27.63,163,164,110.69,30.15,24.66,5.49,0.818,4,0.174,0,0,1,0,1,0,0,0,179,164,336,0.98,31.8,0.436,4,0.483,1,169
LA-2026-3085,Gujarat,Ahmedabad,Major Irrigation & Canal,Critical,Stage 3: Section 15 Hearing & Objections,64.39,403,362,97.81,51.76,8.59,43.17,0.166,11,0.324,1,38,3,0,3,0,0,0,171,342,-94,0.98,99.0,0.208,2,0.638,1,184
LA-2026-3086,Odisha,Sundargarh,National Highway Corridor,High,Stage 4: Section 19 Declaration,38.21,258,203,165.84,80.37,16.15,64.22,0.201,24,1.0,4,59,4,0,4,0,0,1,171,272,46,0.98,84.6,0.415,0,0.91,1,271
LA-2026-3087,Karnataka,Belagavi,Urban Metro Transit Extension,High,Stage 1: Preliminary Survey & SIA,6.05,57,40,37.61,15.53,0.62,14.91,0.04,0,0.0,2,74,1,0,1,0,0,0,82,116,157,0.98,41.5,0.231,5,0.748,1,159
LA-2026-3088,Maharashtra,Aurangabad,Industrial Smart City Corridor,Normal,Stage 3: Section 15 Hearing & Objections,41.86,339,240,107.04,51.25,4.92,46.33,0.096,22,0.957,2,45,4,0,4,0,0,0,19,312,-42,0.98,99.0,0.295,5,0.669,1,133
LA-2026-3089,Maharashtra,Thane,Rural Road Connectivity (PMGSY),Cabinet Fast-Track,Stage 6: Land Possession & Handover,12.62,97,68,179.77,65.23,47.03,18.2,0.721,15,0.469,2,41,2,0,2,1,0,0,44,75,363,0.98,16.1,0.453,4,0.451,0,0
LA-2026-3090,Uttar Pradesh,Lucknow,High-Speed Rail / DFC,Critical,Stage 2: Section 11 Notification,276.78,1185,925,314.27,141.89,19.58,122.31,0.138,23,0.676,7,8,22,1,26,0,0,0,138,164,254,0.98,38.3,0.371,1,0.915,1,147
LA-2026-3091,Rajasthan,Jodhpur,Industrial Smart City Corridor,High,Stage 6: Land Possession & Handover,41.57,330,226,152.9,55.92,35.4,20.52,0.633,2,0.118,3,64,4,0,4,1,1,0,16,107,192,0.98,34.8,0.316,4,0.524,1,115
LA-2026-3092,Tamil Nadu,Tiruchirappalli,National Highway Corridor,High,Stage 2: Section 11 Notification,34.21,149,117,120.16,35.08,0.49,34.59,0.014,17,0.586,8,91,1,0,1,0,0,0,22,646,72,0.98,89.0,0.238,1,0.596,1,95
LA-2026-3093,Karnataka,Bengaluru Rural,Rural Road Connectivity (PMGSY),Normal,Stage 6: Land Possession & Handover,77.87,469,361,312.58,96.38,61.49,34.89,0.638,10,0.714,3,24,7,1,9,0,0,0,49,292,-76,0.98,99.0,0.483,3,0.878,1,140
LA-2026-3094,Madhya Pradesh,Gwalior,National Highway Corridor,Critical,Stage 1: Preliminary Survey & SIA,126.42,975,672,226.29,98.7,11.15,87.55,0.113,10,0.833,3,88,9,0,9,0,0,0,31,277,-27,0.98,99.0,0.373,3,0.768,1,288
LA-2026-3095,Tamil Nadu,Kanchipuram,Industrial Smart City Corridor,Normal,Stage 6: Land Possession & Handover,47.5,308,325,262.41,100.72,98.81,1.91,0.981,0,0.0,3,34,4,0,4,1,0,0,62,399,25,0.98,93.1,0.327,0,0.524,1,88
LA-2026-3096,Rajasthan,Jaipur,Industrial Smart City Corridor,Cabinet Fast-Track,Stage 1: Preliminary Survey & SIA,90.07,748,686,281.17,74.94,2.32,72.62,0.031,31,0.912,7,44,6,0,6,0,0,0,24,383,197,0.98,65.1,0.302,1,0.849,1,97
LA-2026-3097,Karnataka,Bengaluru Rural,Rural Road Connectivity (PMGSY),Cabinet Fast-Track,Stage 4: Section 19 Declaration,13.94,122,107,47.32,13.81,4.86,8.95,0.352,3,0.25,7,82,3,0,3,1,0,0,110,90,303,0.98,21.9,0.476,6,0.6,1,156
LA-2026-3098,Maharashtra,Thane,Rural Road Connectivity (PMGSY),Cabinet Fast-Track,Stage 2: Section 11 Notification,137.57,411,276,400.43,122.79,21.37,101.42,0.174,24,0.774,3,7,7,0,7,1,0,0,156,126,85,0.98,58.7,0.473,4,0.964,1,229
LA-2026-3099,Tamil Nadu,Salem,Renewable Energy Solar Park,Cabinet Fast-Track,Stage 4: Section 19 Declaration,57.22,266,168,303.71,81.72,9.4,72.32,0.115,6,0.316,7,7,1,0,1,1,0,0,45,470,-39,0.98,99.0,0.203,4,0.543,1,99
LA-2026-3100,Maharashtra,Pune,Renewable Energy Solar Park,Cabinet Fast-Track,Stage 4: Section 19 Declaration,235.03,1551,1591,838.81,422.42,220.5,201.92,0.522,6,0.24,3,23,24,1,26,0,0,0,153,79,381,0.98,16.2,0.321,4,0.749,1,500
LA-2026-3101,Rajasthan,Kota,Industrial Smart City Corridor,High,Stage 1: Preliminary Survey & SIA,32.14,187,189,77.31,23.53,2.33,21.2,0.099,19,0.864,0,0,5,0,5,1,0,0,129,154,201,0.98,42.4,0.25,2,0.918,1,210
LA-2026-3102,Gujarat,Vadodara,Renewable Energy Solar Park,Critical,Stage 2: Section 11 Notification,114.16,425,258,316.03,82.57,6.94,75.63,0.084,6,0.4,1,114,9,0,9,1,1,0,90,394,66,0.98,84.7,0.199,2,0.915,1,137
LA-2026-3103,Gujarat,Surat,Major Irrigation & Canal,Cabinet Fast-Track,Stage 5: Valuation & Compensation Award,172.0,1009,741,420.39,201.8,119.67,82.13,0.593,12,0.667,3,18,7,0,7,1,0,0,135,310,81,0.98,78.3,0.194,3,0.855,1,601
LA-2026-3104,Tamil Nadu,Salem,Industrial Smart City Corridor,Critical,Stage 3: Section 15 Hearing & Objections,101.54,749,808,342.2,173.82,3.48,170.34,0.02,23,0.92,7,120,10,0,10,1,0,0,142,310,301,0.98,49.8,0.193,1,0.953,1,199
LA-2026-3105,Maharashtra,Nashik,High-Speed Rail / DFC,Normal,Stage 1: Preliminary Survey & SIA,75.63,578,542,166.46,73.28,5.28,68.0,0.072,14,0.467,7,51,8,1,11,0,0,1,53,383,137,0.98,72.7,0.254,6,0.867,1,172
LA-2026-3106,Tamil Nadu,Madurai,Rural Road Connectivity (PMGSY),Normal,Stage 3: Section 15 Hearing & Objections,135.27,1116,817,224.52,95.89,1.34,94.55,0.014,9,0.6,3,89,11,0,11,0,0,0,149,212,417,0.98,32.7,0.317,0,0.813,1,242
LA-2026-3107,Tamil Nadu,Salem,National Highway Corridor,High,Stage 1: Preliminary Survey & SIA,47.61,415,340,235.78,103.63,16.27,87.36,0.157,10,0.323,6,95,5,0,5,0,0,1,142,75,182,0.98,28.2,0.189,2,0.689,1,154
LA-2026-3108,Tamil Nadu,Coimbatore,Urban Metro Transit Extension,Cabinet Fast-Track,Stage 4: Section 19 Declaration,52.82,458,375,163.37,72.27,36.35,35.92,0.503,7,0.35,7,57,8,1,11,1,0,0,139,224,208,0.98,50.9,0.226,5,0.942,1,186
LA-2026-3109,Tamil Nadu,Madurai,Industrial Smart City Corridor,Critical,Stage 5: Valuation & Compensation Award,89.65,738,491,391.93,152.37,53.48,98.89,0.351,0,0.0,3,0,13,0,13,0,0,0,118,450,92,0.98,82.0,0.262,1,0.732,1,168
LA-2026-3110,Gujarat,Rajkot,Rural Road Connectivity (PMGSY),High,Stage 1: Preliminary Survey & SIA,109.81,312,310,210.28,111.54,2.23,109.31,0.02,8,0.296,2,88,4,0,4,0,0,0,160,415,300,0.98,57.1,0.138,3,0.725,1,141
LA-2026-3111,Karnataka,Dharwad,Rural Road Connectivity (PMGSY),High,Stage 1: Preliminary Survey & SIA,75.17,474,405,180.44,61.02,7.14,53.88,0.117,21,0.955,7,2,8,0,8,1,0,0,158,86,470,0.98,14.5,0.208,4,0.672,1,159
LA-2026-3112,Uttar Pradesh,Agra,Urban Metro Transit Extension,Critical,Stage 1: Preliminary Survey & SIA,16.65,123,76,145.19,73.27,13.04,60.23,0.178,25,1.0,4,109,1,0,1,0,1,0,58,65,231,0.98,21.0,0.327,2,0.645,1,170
LA-2026-3113,Tamil Nadu,Tiruchirappalli,Industrial Smart City Corridor,High,Stage 5: Valuation & Compensation Award,89.1,338,247,242.95,126.91,94.67,32.24,0.746,11,0.917,6,22,4,0,4,0,0,0,18,504,161,0.98,74.8,0.285,5,0.541,1,69
LA-2026-3114,Odisha,Khurda,Industrial Smart City Corridor,High,Stage 6: Land Possession & Handover,312.82,2681,2368,785.69,338.26,315.93,22.33,0.934,24,0.774,6,73,47,1,49,0,0,0,82,291,252,0.98,52.6,0.331,3,0.814,1,125
LA-2026-3115,Odisha,Angul,High-Speed Rail / DFC,Cabinet Fast-Track,Stage 6: Land Possession & Handover,166.64,673,501,545.46,281.52,280.96,0.56,0.998,1,0.083,6,119,14,0,14,0,0,0,11,286,66,0.98,80.3,0.492,3,0.426,0,0
LA-2026-3116,Karnataka,Belagavi,Industrial Smart City Corridor,Cabinet Fast-Track,Stage 3: Section 15 Hearing & Objections,81.26,711,694,403.93,141.55,20.1,121.45,0.142,7,0.412,5,86,8,1,12,0,0,0,159,356,115,0.98,74.6,0.19,3,0.914,1,164
LA-2026-3117,Tamil Nadu,Tiruchirappalli,Renewable Energy Solar Park,Cabinet Fast-Track,Stage 5: Valuation & Compensation Award,44.94,237,221,234.16,62.5,34.75,27.75,0.556,7,0.5,0,0,2,0,2,0,1,0,23,53,220,0.98,18.4,0.232,5,0.346,0,0
LA-2026-3118,Tamil Nadu,Madurai,Major Irrigation & Canal,Cabinet Fast-Track,Stage 3: Section 15 Hearing & Objections,72.48,512,505,174.88,51.67,1.81,49.86,0.035,9,0.3,8,36,13,1,16,0,0,0,79,50,375,0.98,10.8,0.301,6,0.878,1,144
LA-2026-3119,Karnataka,Belagavi,Urban Metro Transit Extension,Critical,Stage 1: Preliminary Survey & SIA,16.45,108,89,107.21,44.64,6.03,38.61,0.135,6,0.333,7,21,1,0,1,0,0,0,148,433,-100,0.98,99.0,0.231,6,0.654,1,171
LA-2026-3120,Madhya Pradesh,Gwalior,Renewable Energy Solar Park,Normal,Stage 5: Valuation & Compensation Award,70.98,451,460,114.79,57.38,47.22,10.16,0.823,10,0.4,6,35,9,0,9,0,0,0,45,54,339,0.98,12.8,0.403,2,0.502,1,166
LA-2026-3121,Gujarat,Ahmedabad,Rural Road Connectivity (PMGSY),Cabinet Fast-Track,Stage 6: Land Possession & Handover,173.0,540,540,669.9,274.97,228.5,46.47,0.831,14,1.0,0,0,8,0,8,1,0,0,81,638,76,0.98,88.4,0.2,0,0.718,1,156
LA-2026-3122,Tamil Nadu,Salem,Industrial Smart City Corridor,Critical,Stage 1: Preliminary Survey & SIA,112.89,942,718,313.79,86.29,7.85,78.44,0.091,7,0.25,0,0,15,0,15,0,1,0,159,82,181,0.98,30.2,0.17,6,0.761,1,192
LA-2026-3123,Tamil Nadu,Salem,High-Speed Rail / DFC,Critical,Stage 3: Section 15 Hearing & Objections,6.61,62,51,162.28,57.55,7.77,49.78,0.135,30,0.857,4,71,1,0,1,0,0,1,137,153,216,0.98,40.5,0.167,3,0.782,1,344
LA-2026-3124,Uttar Pradesh,Varanasi,Industrial Smart City Corridor,High,Stage 6: Land Possession & Handover,58.07,169,125,258.91,97.57,59.71,37.86,0.612,12,0.857,8,106,3,0,3,0,0,0,50,127,395,0.98,23.3,0.447,3,0.594,1,96
LA-2026-3125,Rajasthan,Udaipur,Renewable Energy Solar Park,Normal,Stage 3: Section 15 Hearing & Objections,8.76,80,50,120.9,56.91,4.89,52.02,0.086,1,0.029,2,69,0,0,0,0,0,0,115,445,153,0.98,73.4,0.304,4,0.504,1,96
LA-2026-3126,Karnataka,Mangaluru,Urban Metro Transit Extension,Critical,Stage 3: Section 15 Hearing & Objections,73.96,550,602,281.13,82.17,12.65,69.52,0.154,24,1.0,8,17,8,0,8,1,1,0,88,239,5,0.98,97.0,0.346,5,0.98,1,149
LA-2026-3127,Rajasthan,Jaipur,Rural Road Connectivity (PMGSY),Normal,Stage 4: Section 19 Declaration,34.85,217,189,131.9,52.27,19.03,33.24,0.364,24,0.857,0,0,4,0,4,0,0,0,134,155,72,0.98,67.3,0.295,5,0.793,1,238
LA-2026-3128,Madhya Pradesh,Ujjain,High-Speed Rail / DFC,High,Stage 4: Section 19 Declaration,17.31,115,101,116.07,51.55,12.17,39.38,0.236,30,1.0,8,30,2,0,2,1,1,0,18,753,-63,0.98,99.0,0.267,3,0.518,1,72
LA-2026-3129,Rajasthan,Kota,Renewable Energy Solar Park,Cabinet Fast-Track,Stage 1: Preliminary Survey & SIA,127.32,439,385,321.29,119.68,6.82,112.86,0.057,1,0.043,7,102,4,0,4,0,0,0,114,345,15,0.98,94.9,0.225,3,0.823,1,130
LA-2026-3130,Odisha,Angul,High-Speed Rail / DFC,Cabinet Fast-Track,Stage 3: Section 15 Hearing & Objections,17.64,99,64,140.4,59.94,5.99,53.95,0.1,12,0.857,8,20,1,0,1,0,0,0,80,399,185,0.98,67.3,0.465,4,0.765,1,115
LA-2026-3131,Odisha,Khurda,Rural Road Connectivity (PMGSY),Normal,Stage 5: Valuation & Compensation Award,14.71,112,104,115.17,39.14,32.72,6.42,0.836,1,0.062,2,55,1,0,1,0,0,0,43,371,123,0.98,74.1,0.317,1,0.397,0,0
LA-2026-3132,Maharashtra,Nagpur,High-Speed Rail / DFC,Cabinet Fast-Track,Stage 3: Section 15 Hearing & Objections,25.62,129,126,94.31,49.6,9.92,39.68,0.2,14,0.609,3,30,7,1,8,0,0,1,53,383,58,0.98,85.9,0.256,6,0.906,1,144
LA-2026-3133,Maharashtra,Nashik,High-Speed Rail / DFC,Critical,Stage 3: Section 15 Hearing & Objections,16.04,117,104,86.2,40.6,3.25,37.35,0.08,4,0.25,4,59,3,0,3,0,1,0,97,557,66,0.98,88.4,0.263,4,0.73,1,377
LA-2026-3134,Karnataka,Dharwad,Rural Road Connectivity (PMGSY),Normal,Stage 4: Section 19 Declaration,114.38,604,434,288.87,119.66,25.73,93.93,0.215,26,0.743,3,24,8,1,12,0,1,0,112,244,302,0.98,43.7,0.232,4,0.883,1,188
LA-2026-3135,Odisha,Angul,High-Speed Rail / DFC,High,Stage 5: Valuation & Compensation Award,112.47,581,577,320.16,129.8,53.74,76.06,0.414,11,0.333,2,43,9,0,9,1,0,0,137,142,181,0.98,43.0,0.491,6,0.918,1,158
LA-2026-3136,Maharashtra,Pune,Renewable Energy Solar Park,Critical,Stage 3: Section 15 Hearing & Objections,13.46,83,61,74.58,32.62,1.73,30.89,0.053,14,0.778,0,0,2,0,2,1,0,0,18,158,234,0.98,39.3,0.308,1,0.674,1,114
LA-2026-3137,Uttar Pradesh,Prayagraj,Rural Road Connectivity (PMGSY),High,Stage 3: Section 15 Hearing & Objections,115.3,466,462,232.4,61.86,11.01,50.85,0.178,5,0.156,2,46,6,0,6,0,1,0,112,405,62,0.98,85.7,0.393,3,0.726,1,128
LA-2026-3138,Karnataka,Dharwad,National Highway Corridor,Critical,Stage 2: Section 11 Notification,13.26,65,39,174.19,46.49,0.14,46.35,0.003,21,0.7,6,69,0,0,0,0,0,1,117,274,22,0.98,91.6,0.202,6,0.71,1,125
LA-2026-3139,Odisha,Jajpur,Industrial Smart City Corridor,High,Stage 2: Section 11 Notification,52.16,319,214,186.58,52.92,6.56,46.36,0.124,34,1.0,3,59,1,0,1,1,0,0,180,531,25,0.98,94.5,0.38,2,0.781,1,160
LA-2026-3140,Karnataka,Mysuru,Urban Metro Transit Extension,Cabinet Fast-Track,Stage 5: Valuation & Compensation Award,22.26,169,104,148.39,75.42,52.72,22.7,0.699,19,0.826,3,33,4,0,4,1,0,0,145,564,54,0.98,90.3,0.23,1,0.774,1,153
LA-2026-3141,Maharashtra,Nagpur,Renewable Energy Solar Park,Cabinet Fast-Track,Stage 5: Valuation & Compensation Award,22.1,211,144,94.61,35.48,17.92,17.56,0.505,6,0.333,1,88,3,0,3,1,1,0,142,723,-64,0.98,99.0,0.267,4,0.709,1,324
LA-2026-3142,Odisha,Sambalpur,Rural Road Connectivity (PMGSY),Cabinet Fast-Track,Stage 3: Section 15 Hearing & Objections,142.91,696,586,626.06,260.07,22.63,237.44,0.087,10,0.625,0,0,9,0,9,0,0,0,17,112,439,0.98,19.3,0.322,3,0.582,1,168
LA-2026-3143,Maharashtra,Nashik,Urban Metro Transit Extension,Cabinet Fast-Track,Stage 3: Section 15 Hearing & Objections,128.0,778,508,385.1,105.3,14.32,90.98,0.136,2,0.074,4,106,14,0,14,0,1,0,116,536,-52,0.98,99.0,0.237,4,0.842,1,221
LA-2026-3144,Odisha,Sambalpur,National Highway Corridor,Normal,Stage 3: Section 15 Hearing & Objections,77.93,479,324,252.5,134.65,8.75,125.9,0.065,4,0.19,7,48,9,1,10,0,0,0,57,372,348,0.98,50.7,0.284,3,0.8,1,338
LA-2026-3145,Tamil Nadu,Coimbatore,Renewable Energy Solar Park,Cabinet Fast-Track,Stage 4: Section 19 Declaration,23.47,222,155,83.38,41.95,15.98,25.97,0.381,0,0.0,3,71,2,0,2,0,0,0,162,374,69,0.98,83.4,0.263,3,0.564,1,184
LA-2026-3146,Odisha,Angul,Rural Road Connectivity (PMGSY),Critical,Stage 3: Section 15 Hearing & Objections,6.17,75,75,40.65,17.57,0.19,17.38,0.011,15,0.536,3,4,1,0,1,0,1,0,24,270,-14,0.98,99.0,0.432,5,0.668,1,91
LA-2026-3147,Gujarat,Rajkot,High-Speed Rail / DFC,Cabinet Fast-Track,Stage 6: Land Possession & Handover,76.31,495,485,220.98,86.52,59.01,27.51,0.682,23,1.0,6,84,5,0,5,0,1,0,52,256,309,0.98,44.3,0.127,1,0.81,1,154
LA-2026-3148,Tamil Nadu,Tiruchirappalli,Major Irrigation & Canal,Critical,Stage 6: Land Possession & Handover,197.13,817,661,587.82,146.97,122.28,24.69,0.832,21,0.84,6,0,11,0,11,1,1,0,26,336,62,0.98,83.4,0.272,4,0.646,1,86
LA-2026-3149,Madhya Pradesh,Gwalior,Urban Metro Transit Extension,Normal,Stage 4: Section 19 Declaration,38.53,258,260,146.45,39.1,18.69,20.41,0.478,9,0.36,4,118,3,0,3,0,0,0,49,242,390,0.98,37.3,0.362,4,0.612,1,158
LA-2026-3150,Karnataka,Dharwad,Renewable Energy Solar Park,Critical,Stage 3: Section 15 Hearing & Objections,17.27,109,89,136.56,40.96,6.43,34.53,0.157,13,0.481,0,0,1,0,1,0,1,0,33,316,235,0.98,56.4,0.2,1,0.437,0,0
LA-2026-3151,Rajasthan,Jaipur,Major Irrigation & Canal,Critical,Stage 6: Land Possession & Handover,9.74,76,53,131.07,48.11,38.3,9.81,0.796,4,0.333,5,96,3,0,3,1,0,0,37,602,-48,0.98,99.0,0.302,3,0.475,0,0
LA-2026-3152,Tamil Nadu,Madurai,Major Irrigation & Canal,High,Stage 3: Section 15 Hearing & Objections,275.33,905,600,534.31,269.06,42.24,226.82,0.157,28,0.966,0,0,20,0,20,0,0,0,122,306,113,0.98,72.1,0.251,4,0.846,1,210
LA-2026-3153,Maharashtra,Thane,Major Irrigation & Canal,Cabinet Fast-Track,Stage 1: Preliminary Survey & SIA,7.32,51,35,73.67,30.24,2.72,27.52,0.09,17,0.654,4,94,3,0,3,1,0,0,58,313,-44,0.98,99.0,0.432,6,0.825,1,154
LA-2026-3154,Karnataka,Dharwad,Industrial Smart City Corridor,High,Stage 5: Valuation & Compensation Award,198.24,1578,1599,433.25,130.54,75.32,55.22,0.577,25,0.806,8,40,25,0,25,0,0,0,21,393,57,0.98,86.4,0.189,0,0.709,1,123
LA-2026-3155,Gujarat,Surat,National Highway Corridor,Cabinet Fast-Track,Stage 3: Section 15 Hearing & Objections,45.38,220,155,52.18,23.1,3.58,19.52,0.155,8,0.471,3,38,3,0,3,1,0,0,173,652,-70,0.98,99.0,0.189,2,0.776,1,185
LA-2026-3156,Gujarat,Ahmedabad,High-Speed Rail / DFC,Normal,Stage 3: Section 15 Hearing & Objections,98.67,606,406,220.92,81.57,3.43,78.14,0.042,16,0.842,7,8,6,1,7,0,0,1,18,428,116,0.98,77.7,0.196,3,0.866,1,103
LA-2026-3157,Maharashtra,Thane,Renewable Energy Solar Park,Normal,Stage 1: Preliminary Survey & SIA,183.54,660,543,734.28,261.56,30.6,230.96,0.117,8,0.308,7,55,10,0,10,0,0,0,76,442,226,0.98,65.2,0.418,3,0.789,1,117
LA-2026-3158,Uttar Pradesh,Varanasi,High-Speed Rail / DFC,Normal,Stage 5: Valuation & Compensation Award,153.44,723,565,512.43,170.36,89.44,80.92,0.525,25,0.714,5,44,12,0,12,0,0,1,70,75,451,0.98,13.3,0.439,4,0.607,1,148
LA-2026-3159,Maharashtra,Pune,Rural Road Connectivity (PMGSY),Critical,Stage 4: Section 19 Declaration,11.29,76,61,105.36,27.2,4.52,22.68,0.166,6,0.316,3,47,2,0,2,0,0,0,164,563,-62,0.98,99.0,0.346,5,0.819,1,154
LA-2026-3160,Madhya Pradesh,Bhopal,National Highway Corridor,High,Stage 5: Valuation & Compensation Award,92.36,256,244,242.82,122.06,93.99,28.07,0.77,2,0.167,5,100,4,0,4,1,0,1,10,353,148,0.98,69.5,0.283,0,0.369,0,0
LA-2026-3161,Uttar Pradesh,Varanasi,Rural Road Connectivity (PMGSY),Critical,Stage 3: Section 15 Hearing & Objections,88.39,327,286,296.87,130.32,15.64,114.68,0.12,2,0.069,5,71,5,1,6,0,0,0,34,506,36,0.98,92.4,0.371,0,0.668,1,97
LA-2026-3162,Karnataka,Dharwad,Urban Metro Transit Extension,Critical,Stage 2: Section 11 Notification,104.95,305,296,407.56,143.77,26.74,117.03,0.186,3,0.1,3,106,4,0,4,0,0,0,40,374,170,0.98,67.8,0.142,4,0.549,1,90
LA-2026-3163,Madhya Pradesh,Gwalior,National Highway Corridor,Cabinet Fast-Track,Stage 1: Preliminary Survey & SIA,87.64,383,307,269.02,88.17,14.99,73.18,0.17,19,0.905,2,76,1,0,1,0,0,0,174,41,688,0.98,4.6,0.363,6,0.632,1,135
LA-2026-3164,Odisha,Khurda,Major Irrigation & Canal,Normal,Stage 5: Valuation & Compensation Award,472.87,1286,1219,1255.77,455.87,206.96,248.91,0.454,7,0.233,3,104,22,1,24,0,0,0,49,115,497,0.98,17.8,0.349,0,0.733,1,94
LA-2026-3165,Tamil Nadu,Kanchipuram,Urban Metro Transit Extension,Normal,Stage 3: Section 15 Hearing & Objections,46.92,345,213,96.3,32.86,3.65,29.21,0.111,15,0.556,5,66,4,0,4,0,0,0,28,274,124,0.98,67.9,0.38,2,0.692,1,135
LA-2026-3166,Maharashtra,Nashik,Major Irrigation & Canal,Normal,Stage 3: Section 15 Hearing & Objections,38.92,193,189,217.91,80.28,9.47,70.81,0.118,2,0.057,3,117,5,1,9,0,0,0,43,242,123,0.98,65.3,0.253,3,0.777,1,111
LA-2026-3167,Odisha,Angul,Urban Metro Transit Extension,Normal,Stage 5: Valuation & Compensation Award,38.84,168,116,180.81,53.67,18.52,35.15,0.345,1,0.04,1,69,1,0,1,1,0,0,151,90,202,0.98,29.8,0.453,6,0.568,1,136
LA-2026-3168,Karnataka,Mangaluru,Rural Road Connectivity (PMGSY),High,Stage 5: Valuation & Compensation Award,47.02,170,177,118.67,52.11,29.81,22.3,0.572,18,0.783,8,98,0,0,0,0,1,0,93,123,117,0.98,50.3,0.278,3,0.597,1,149
LA-2026-3169,Gujarat,Surat,National Highway Corridor,Critical,Stage 5: Valuation & Compensation Award,83.02,660,430,340.66,113.07,73.27,39.8,0.648,32,0.97,1,108,12,1,16,0,0,0,152,470,59,0.98,87.9,0.243,2,0.974,1,181
LA-2026-3170,Odisha,Khurda,Industrial Smart City Corridor,High,Stage 2: Section 11 Notification,26.36,216,183,93.9,39.65,4.12,35.53,0.104,13,0.722,0,0,3,0,3,0,0,0,22,102,144,0.98,40.5,0.322,0,0.684,1,84
LA-2026-3171,Maharashtra,Thane,Industrial Smart City Corridor,Cabinet Fast-Track,Stage 4: Section 19 Declaration,95.65,355,272,209.94,91.52,21.69,69.83,0.237,31,0.912,1,32,6,1,8,0,0,0,29,307,-84,0.98,99.0,0.478,4,0.858,1,183
LA-2026-3172,Odisha,Khurda,Rural Road Connectivity (PMGSY),Cabinet Fast-Track,Stage 5: Valuation & Compensation Award,102.05,709,724,116.39,58.63,36.76,21.87,0.627,4,0.16,7,33,10,1,14,1,0,0,18,543,-23,0.98,99.0,0.314,4,0.654,1,100
LA-2026-3173,Odisha,Sambalpur,Urban Metro Transit Extension,Normal,Stage 3: Section 15 Hearing & Objections,22.32,110,118,78.68,26.57,3.53,23.04,0.133,2,0.1,4,18,3,0,3,0,0,0,165,175,269,0.98,38.4,0.338,2,0.786,1,163
LA-2026-3174,Rajasthan,Alwar,Major Irrigation & Canal,High,Stage 1: Preliminary Survey & SIA,139.72,1126,1064,405.34,103.93,12.58,91.35,0.121,9,0.31,7,51,15,0,15,0,0,0,170,375,0,0.98,99.0,0.381,1,0.819,1,160
LA-2026-3175,Maharashtra,Pune,Major Irrigation & Canal,Critical,Stage 3: Section 15 Hearing & Objections,122.25,977,902,463.99,182.22,13.67,168.55,0.075,3,0.125,7,37,12,0,12,0,0,0,171,298,24,0.98,91.6,0.298,0,0.717,1,348
LA-2026-3176,Gujarat,Rajkot,High-Speed Rail / DFC,Cabinet Fast-Track,Stage 6: Land Possession & Handover,6.22,87,77,49.22,20.51,15.87,4.64,0.774,4,0.167,8,51,0,0,0,0,0,0,109,91,175,0.98,33.2,0.166,2,0.424,0,0
LA-2026-3177,Madhya Pradesh,Ujjain,Renewable Energy Solar Park,Cabinet Fast-Track,Stage 5: Valuation & Compensation Award,15.42,89,91,134.03,59.72,34.28,25.44,0.574,12,0.522,2,107,0,0,0,0,0,0,111,93,134,0.98,40.0,0.288,0,0.55,1,122
LA-2026-3178,Gujarat,Ahmedabad,Industrial Smart City Corridor,Cabinet Fast-Track,Stage 2: Section 11 Notification,159.54,648,635,299.0,135.98,9.25,126.73,0.068,4,0.182,4,22,15,0,15,0,0,0,47,74,317,0.98,17.9,0.201,6,0.547,1,115
LA-2026-3179,Maharashtra,Pune,Renewable Energy Solar Park,Critical,Stage 4: Section 19 Declaration,62.85,232,203,157.25,41.06,23.73,17.33,0.578,24,0.774,1,57,6,1,9,1,0,0,89,664,51,0.98,91.9,0.332,0,0.921,1,207
LA-2026-3180,Odisha,Sundargarh,Industrial Smart City Corridor,High,Stage 2: Section 11 Notification,249.85,994,1032,301.18,140.41,9.27,131.14,0.066,8,0.286,5,117,10,0,10,0,0,0,40,126,143,0.98,45.9,0.449,2,0.749,1,208
LA-2026-3181,Gujarat,Surat,High-Speed Rail / DFC,High,Stage 3: Section 15 Hearing & Objections,145.25,902,559,307.06,90.58,4.89,85.69,0.054,14,1.0,2,117,12,0,12,1,0,0,164,33,273,0.98,9.8,0.235,6,0.818,1,206
LA-2026-3182,Tamil Nadu,Kanchipuram,Industrial Smart City Corridor,Normal,Stage 5: Valuation & Compensation Award,5.09,82,71,118.44,41.95,31.84,10.11,0.759,6,0.3,7,112,3,0,3,0,0,0,66,554,123,0.98,80.9,0.351,5,0.512,1,264
LA-2026-3183,Tamil Nadu,Kanchipuram,Rural Road Connectivity (PMGSY),High,Stage 1: Preliminary Survey & SIA,170.8,575,631,535.81,284.04,53.4,230.64,0.188,7,0.438,1,27,13,0,13,0,0,0,145,248,49,0.98,82.5,0.368,4,0.797,1,170
LA-2026-3184,Uttar Pradesh,Prayagraj,National Highway Corridor,Normal,Stage 2: Section 11 Notification,28.18,114,107,136.66,55.66,5.79,49.87,0.104,13,0.765,5,59,3,0,3,0,0,0,89,184,388,0.98,31.2,0.434,5,0.87,1,130
LA-2026-3185,Odisha,Jajpur,Renewable Energy Solar Park,Cabinet Fast-Track,Stage 1: Preliminary Survey & SIA,12.74,103,87,132.53,49.99,5.25,44.74,0.105,6,0.24,4,64,0,0,0,0,1,0,42,385,84,0.98,81.1,0.428,6,0.508,1,123
LA-2026-3186,Rajasthan,Jodhpur,Industrial Smart City Corridor,Critical,Stage 5: Valuation & Compensation Award,223.17,1033,683,742.9,225.51,187.85,37.66,0.833,6,0.273,5,14,10,1,14,0,0,0,173,95,275,0.98,24.7,0.234,4,0.694,1,165
LA-2026-3187,Maharashtra,Thane,National Highway Corridor,High,Stage 2: Section 11 Notification,30.66,234,230,161.8,79.84,8.14,71.7,0.102,23,0.793,8,23,2,0,2,0,1,1,68,404,120,0.98,76.1,0.412,3,0.74,1,107
LA-2026-3188,Rajasthan,Alwar,Major Irrigation & Canal,Cabinet Fast-Track,Stage 3: Section 15 Hearing & Objections,118.32,340,333,236.13,90.21,5.77,84.44,0.064,17,0.586,7,38,2,0,2,0,0,0,42,302,-77,0.98,99.0,0.351,0,0.716,1,121
LA-2026-3189,Gujarat,Ahmedabad,Urban Metro Transit Extension,Cabinet Fast-Track,Stage 3: Section 15 Hearing & Objections,12.32,90,59,137.36,35.85,4.34,31.51,0.121,24,0.706,8,46,2,0,2,1,0,0,65,66,326,0.98,15.9,0.185,5,0.572,1,140
LA-2026-3190,Gujarat,Rajkot,High-Speed Rail / DFC,Normal,Stage 3: Section 15 Hearing & Objections,16.5,87,68,190.62,104.09,19.88,84.21,0.191,5,0.147,4,101,2,0,2,1,0,1,85,276,-61,0.98,99.0,0.168,6,0.656,1,138
LA-2026-3191,Madhya Pradesh,Bhopal,Industrial Smart City Corridor,Critical,Stage 4: Section 19 Declaration,442.8,3075,1976,1347.04,567.49,133.93,433.56,0.236,9,0.375,5,90,46,0,46,1,1,0,162,332,-7,0.98,99.0,0.26,6,0.79,1,188
LA-2026-3192,Rajasthan,Jaipur,Rural Road Connectivity (PMGSY),Normal,Stage 6: Land Possession & Handover,52.36,171,178,278.79,113.08,96.0,17.08,0.849,8,0.421,7,21,1,0,1,0,0,0,68,262,289,0.98,46.6,0.333,0,0.447,0,0
LA-2026-3193,Maharashtra,Pune,Urban Metro Transit Extension,High,Stage 3: Section 15 Hearing & Objections,237.82,1581,1547,499.84,154.25,16.81,137.44,0.109,19,0.905,7,46,29,0,29,0,0,0,85,261,228,0.98,52.4,0.303,3,0.784,1,225
LA-2026-3194,Uttar Pradesh,Prayagraj,Renewable Energy Solar Park,Normal,Stage 6: Land Possession & Handover,24.21,151,111,83.84,39.61,29.59,10.02,0.747,11,0.846,2,14,2,0,2,0,0,0,113,554,113,0.98,82.1,0.417,2,0.585,1,111
LA-2026-3195,Karnataka,Dharwad,Major Irrigation & Canal,High,Stage 4: Section 19 Declaration,258.57,830,890,426.07,106.66,21.87,84.79,0.205,27,0.9,0,0,12,0,12,1,1,0,83,281,29,0.98,89.7,0.201,1,0.917,1,239
LA-2026-3196,Odisha,Jajpur,Renewable Energy Solar Park,Normal,Stage 5: Valuation & Compensation Award,55.21,224,159,322.54,159.66,112.72,46.94,0.706,3,0.167,4,93,5,0,5,0,1,0,125,178,16,0.98,90.8,0.386,3,0.652,1,172
LA-2026-3197,Rajasthan,Kota,Major Irrigation & Canal,Cabinet Fast-Track,Stage 4: Section 19 Declaration,85.4,597,502,183.28,93.9,27.42,66.48,0.292,0,0.0,3,51,3,0,3,0,0,0,11,291,397,0.98,41.3,0.263,2,0.476,0,0
LA-2026-3198,Madhya Pradesh,Bhopal,National Highway Corridor,Cabinet Fast-Track,Stage 4: Section 19 Declaration,261.32,2055,1335,724.48,317.76,117.25,200.51,0.369,3,0.188,2,100,33,0,33,1,0,1,150,112,210,0.98,33.8,0.283,6,0.861,1,264
LA-2026-3199,Madhya Pradesh,Ujjain,High-Speed Rail / DFC,Cabinet Fast-Track,Stage 2: Section 11 Notification,374.56,1583,1489,485.88,238.33,43.14,195.19,0.181,8,0.32,3,76,24,1,25,0,0,0,44,480,-33,0.98,99.0,0.248,6,0.98,1,187
LA-2026-3200,Madhya Pradesh,Ujjain,High-Speed Rail / DFC,Normal,Stage 4: Section 19 Declaration,47.41,352,264,292.99,98.73,22.31,76.42,0.226,17,0.85,5,29,7,1,9,0,1,0,18,436,154,0.98,72.9,0.273,6,0.889,1,182
LA-2026-3201,Tamil Nadu,Tiruchirappalli,Renewable Energy Solar Park,Normal,Stage 3: Section 15 Hearing & Objections,36.26,212,141,114.2,51.73,9.98,41.75,0.193,11,0.44,1,19,2,0,2,1,1,0,89,703,10,0.98,97.6,0.235,3,0.722,1,119
LA-2026-3202,Karnataka,Dharwad,Renewable Energy Solar Park,Normal,Stage 1: Preliminary Survey & SIA,48.86,171,161,195.5,70.43,8.8,61.63,0.125,14,0.412,6,32,4,0,4,0,1,0,153,187,12,0.98,93.0,0.198,3,0.824,1,315
LA-2026-3203,Odisha,Sambalpur,Industrial Smart City Corridor,Critical,Stage 4: Section 19 Declaration,92.53,571,352,344.45,106.34,21.16,85.18,0.199,2,0.118,3,63,11,0,11,1,0,0,76,616,-55,0.98,99.0,0.331,3,0.723,1,134
LA-2026-3204,Karnataka,Dharwad,Industrial Smart City Corridor,Cabinet Fast-Track,Stage 6: Land Possession & Handover,58.59,459,371,212.35,65.65,54.29,11.36,0.827,16,0.64,7,60,5,0,5,0,0,0,128,439,241,0.98,63.6,0.221,0,0.75,1,198
LA-2026-3205,Karnataka,Belagavi,National Highway Corridor,Cabinet Fast-Track,Stage 2: Section 11 Notification,15.43,103,70,80.94,39.18,7.52,31.66,0.192,17,0.895,0,0,2,0,2,0,0,1,98,329,-75,0.98,99.0,0.258,6,0.805,1,492
LA-2026-3206,Rajasthan,Jodhpur,High-Speed Rail / DFC,High,Stage 5: Valuation & Compensation Award,20.76,112,105,171.25,65.43,20.81,44.62,0.318,11,0.733,0,0,0,0,0,1,0,1,113,280,-87,0.98,99.0,0.298,2,0.639,1,128
LA-2026-3207,Maharashtra,Thane,Industrial Smart City Corridor,High,Stage 6: Land Possession & Handover,13.55,93,66,166.92,84.8,53.42,31.38,0.63,19,0.704,2,97,1,0,1,0,0,0,74,241,142,0.98,61.9,0.436,0,0.578,1,179
LA-2026-3208,Maharashtra,Aurangabad,Major Irrigation & Canal,Normal,Stage 1: Preliminary Survey & SIA,32.79,140,108,139.66,76.41,9.63,66.78,0.126,1,0.029,4,107,1,0,1,0,0,0,127,286,287,0.98,48.9,0.31,0,0.624,1,167
LA-2026-3209,Odisha,Angul,High-Speed Rail / DFC,Normal,Stage 4: Section 19 Declaration,7.88,79,86,65.9,22.46,7.32,15.14,0.326,14,0.583,3,49,0,0,0,0,0,0,156,657,-12,0.98,99.0,0.455,0,0.564,1,226
LA-2026-3210,Gujarat,Surat,Major Irrigation & Canal,High,Stage 2: Section 11 Notification,26.86,156,156,106.38,31.11,2.4,28.71,0.077,5,0.385,8,102,2,0,2,0,0,0,54,259,233,0.98,51.7,0.172,2,0.522,1,100
LA-2026-3211,Odisha,Sambalpur,Major Irrigation & Canal,Normal,Stage 5: Valuation & Compensation Award,484.38,3389,3715,963.33,424.61,236.51,188.1,0.557,12,0.387,2,98,55,0,55,1,0,0,123,400,152,0.98,71.5,0.309,2,0.84,1,157
LA-2026-3212,Uttar Pradesh,Agra,Urban Metro Transit Extension,Cabinet Fast-Track,Stage 5: Valuation & Compensation Award,14.36,75,65,85.15,28.4,13.83,14.57,0.487,9,0.75,6,65,2,0,2,0,0,0,115,403,-36,0.98,99.0,0.352,6,0.758,1,128
LA-2026-3213,Madhya Pradesh,Bhopal,National Highway Corridor,Critical,Stage 4: Section 19 Declaration,80.89,661,669,175.49,90.42,50.64,39.78,0.56,12,0.429,7,110,14,0,14,0,0,0,98,235,430,0.98,34.4,0.298,1,0.759,1,210
LA-2026-3214,Madhya Pradesh,Jabalpur,Industrial Smart City Corridor,Cabinet Fast-Track,Stage 4: Section 19 Declaration,27.36,214,195,127.54,48.87,16.91,31.96,0.346,15,0.938,6,107,1,0,1,0,0,0,61,225,127,0.98,62.9,0.355,6,0.67,1,106
LA-2026-3215,Odisha,Sambalpur,Major Irrigation & Canal,Critical,Stage 2: Section 11 Notification,33.13,216,198,179.03,78.7,4.09,74.61,0.052,24,0.75,6,79,4,0,4,0,0,0,123,560,-38,0.98,99.0,0.295,3,0.791,1,233
LA-2026-3216,Uttar Pradesh,Noida,Industrial Smart City Corridor,High,Stage 4: Section 19 Declaration,93.65,408,271,168.19,73.18,16.17,57.01,0.221,2,0.062,2,32,7,1,10,0,0,0,91,288,345,0.98,44.5,0.521,0,0.838,1,189
LA-2026-3217,Tamil Nadu,Tiruchirappalli,Renewable Energy Solar Park,Cabinet Fast-Track,Stage 5: Valuation & Compensation Award,52.14,187,122,229.44,102.65,44.14,58.51,0.43,10,0.5,0,0,2,0,2,0,0,0,169,358,54,0.98,85.9,0.282,4,0.626,1,301
LA-2026-3218,Maharashtra,Nashik,Renewable Energy Solar Park,Normal,Stage 3: Section 15 Hearing & Objections,52.43,431,436,282.94,115.62,4.39,111.23,0.038,17,0.944,5,118,6,0,6,0,1,0,65,302,113,0.98,71.8,0.29,3,0.94,1,310
LA-2026-3219,Madhya Pradesh,Jabalpur,Urban Metro Transit Extension,Normal,Stage 2: Section 11 Notification,21.76,129,102,168.95,46.55,9.03,37.52,0.194,14,0.737,3,7,3,0,3,0,1,0,131,59,404,0.98,11.8,0.354,0,0.738,1,159
LA-2026-3220,Madhya Pradesh,Indore,High-Speed Rail / DFC,Critical,Stage 4: Section 19 Declaration,88.25,650,475,159.51,51.57,11.09,40.48,0.215,12,0.923,2,52,14,0,14,0,0,0,36,190,20,0.98,89.5,0.269,1,0.734,1,154
LA-2026-3221,Tamil Nadu,Salem,Major Irrigation & Canal,Critical,Stage 6: Land Possession & Handover,28.49,151,93,189.4,51.87,36.26,15.61,0.699,23,0.92,0,0,3,0,3,0,0,0,110,302,315,0.98,48.0,0.16,3,0.683,1,143
LA-2026-3222,Karnataka,Mangaluru,Renewable Energy Solar Park,Cabinet Fast-Track,Stage 4: Section 19 Declaration,64.62,537,507,327.45,88.62,11.25,77.37,0.127,1,0.062,4,104,5,0,5,1,1,0,162,201,93,0.98,67.4,0.307,3,0.78,1,228
LA-2026-3223,Madhya Pradesh,Bhopal,Major Irrigation & Canal,Normal,Stage 2: Section 11 Notification,367.32,1730,1044,1212.32,634.81,60.31,574.5,0.095,16,0.762,4,75,25,0,25,0,1,0,110,147,368,0.98,27.6,0.317,1,0.78,1,129
LA-2026-3224,Karnataka,Bengaluru Rural,Major Irrigation & Canal,Normal,Stage 1: Preliminary Survey & SIA,7.07,75,52,33.82,18.53,2.61,15.92,0.141,20,0.769,5,34,0,0,0,0,0,0,92,140,297,0.98,31.1,0.467,6,0.742,1,136
LA-2026-3225,Odisha,Khurda,Rural Road Connectivity (PMGSY),Critical,Stage 2: Section 11 Notification,59.28,177,163,201.46,56.54,8.2,48.34,0.145,14,0.824,0,0,1,0,1,0,0,0,18,239,128,0.98,64.1,0.33,3,0.592,1,116
LA-2026-3226,Rajasthan,Jaipur,Major Irrigation & Canal,Normal,Stage 2: Section 11 Notification,112.42,456,435,454.81,201.54,22.98,178.56,0.114,7,0.412,6,118,7,1,9,1,0,0,163,111,191,0.98,35.8,0.319,2,0.941,1,200
LA-2026-3227,Odisha,Sambalpur,Urban Metro Transit Extension,Critical,Stage 3: Section 15 Hearing & Objections,23.13,161,104,149.06,37.36,3.66,33.7,0.098,13,0.481,8,57,5,1,6,1,1,0,73,136,148,0.98,46.9,0.337,6,0.98,1,208
LA-2026-3228,Madhya Pradesh,Jabalpur,National Highway Corridor,Normal,Stage 3: Section 15 Hearing & Objections,141.94,738,738,200.71,78.92,6.94,71.98,0.088,1,0.037,7,67,13,1,16,0,0,1,20,303,314,0.98,48.1,0.317,0,0.712,1,91
LA-2026-3229,Karnataka,Belagavi,Renewable Energy Solar Park,Critical,Stage 5: Valuation & Compensation Award,83.16,377,310,218.61,112.97,88.46,24.51,0.783,18,0.545,0,0,6,0,6,0,0,0,94,251,147,0.98,62.1,0.193,4,0.555,1,143
LA-2026-3230,Maharashtra,Aurangabad,National Highway Corridor,High,Stage 6: Land Possession & Handover,84.09,661,714,181.12,95.22,60.27,34.95,0.633,12,0.632,4,31,15,0,15,0,0,0,139,597,45,0.98,92.0,0.297,4,0.829,1,202
LA-2026-3231,Tamil Nadu,Madurai,Industrial Smart City Corridor,Normal,Stage 3: Section 15 Hearing & Objections,34.82,175,164,148.07,65.36,11.57,53.79,0.177,5,0.278,0,0,6,0,6,0,0,0,16,250,253,0.98,48.7,0.245,6,0.699,1,179
LA-2026-3232,Odisha,Sundargarh,Major Irrigation & Canal,Normal,Stage 2: Section 11 Notification,19.12,80,48,80.64,43.97,8.35,35.62,0.19,2,0.062,2,77,3,0,3,0,0,0,62,192,358,0.98,33.9,0.42,1,0.642,1,265
LA-2026-3233,Karnataka,Bengaluru Rural,Renewable Energy Solar Park,High,Stage 2: Section 11 Notification,81.42,536,434,189.1,83.54,10.78,72.76,0.129,0,0.0,3,3,6,0,6,1,0,0,100,439,107,0.98,79.4,0.447,6,0.784,1,125
LA-2026-3234,Maharashtra,Nagpur,Urban Metro Transit Extension,Cabinet Fast-Track,Stage 2: Section 11 Notification,97.4,551,374,254.96,112.63,20.72,91.91,0.184,11,0.688,3,11,6,0,6,1,0,0,40,43,304,0.98,11.4,0.299,1,0.792,1,122
LA-2026-3235,Uttar Pradesh,Prayagraj,High-Speed Rail / DFC,Normal,Stage 5: Valuation & Compensation Award,65.08,474,325,132.25,41.15,25.18,15.97,0.612,4,0.308,8,111,10,1,11,0,1,0,42,559,14,0.98,96.6,0.409,2,0.84,1,203
LA-2026-3236,Tamil Nadu,Salem,High-Speed Rail / DFC,Critical,Stage 3: Section 15 Hearing & Objections,81.06,630,532,292.51,136.05,7.35,128.7,0.054,18,1.0,8,120,9,0,9,0,0,0,124,644,33,0.98,94.1,0.195,4,0.933,1,150
LA-2026-3237,Uttar Pradesh,Noida,Rural Road Connectivity (PMGSY),Normal,Stage 5: Valuation & Compensation Award,91.53,546,380,267.69,132.08,101.57,30.51,0.769,12,0.364,8,111,7,1,10,0,0,0,47,278,62,0.98,80.8,0.493,0,0.804,1,122
LA-2026-3238,Odisha,Sundargarh,Rural Road Connectivity (PMGSY),Critical,Stage 3: Section 15 Hearing & Objections,108.94,634,550,248.7,78.72,5.27,73.45,0.067,25,0.893,8,84,7,0,7,0,1,0,117,732,-74,0.98,99.0,0.386,0,0.98,1,152
LA-2026-3239,Uttar Pradesh,Prayagraj,Major Irrigation & Canal,Critical,Stage 4: Section 19 Declaration,12.31,88,92,103.99,54.57,27.29,27.28,0.5,12,0.462,1,86,0,0,0,1,0,0,138,298,192,0.98,59.8,0.381,2,0.513,1,122
LA-2026-3240,Tamil Nadu,Tiruchirappalli,Urban Metro Transit Extension,Normal,Stage 3: Section 15 Hearing & Objections,159.76,887,955,443.44,210.34,12.2,198.14,0.058,4,0.133,4,36,20,0,20,1,0,0,140,61,452,0.98,10.9,0.276,3,0.695,1,167
LA-2026-3241,Madhya Pradesh,Ujjain,Industrial Smart City Corridor,Critical,Stage 1: Preliminary Survey & SIA,22.05,91,96,50.47,22.01,3.79,18.22,0.172,16,0.727,8,9,1,0,1,0,0,0,104,245,295,0.98,44.4,0.243,5,0.735,1,157
LA-2026-3242,Gujarat,Rajkot,Major Irrigation & Canal,Critical,Stage 2: Section 11 Notification,141.98,1046,1102,297.01,111.72,4.02,107.7,0.036,15,0.556,4,47,23,0,23,0,0,0,170,492,145,0.98,76.3,0.133,1,0.906,1,205
LA-2026-3243,Karnataka,Mangaluru,Major Irrigation & Canal,High,Stage 2: Section 11 Notification,82.07,352,342,158.85,56.31,0.17,56.14,0.003,19,0.704,0,0,1,0,1,1,0,0,162,277,157,0.98,62.8,0.319,2,0.752,1,247
LA-2026-3244,Odisha,Sambalpur,Industrial Smart City Corridor,Critical,Stage 3: Section 15 Hearing & Objections,84.68,627,522,176.02,62.83,9.93,52.9,0.158,6,0.171,6,54,9,1,12,0,0,0,77,502,104,0.98,81.9,0.27,1,0.891,1,136
LA-2026-3245,Odisha,Jajpur,Renewable Energy Solar Park,High,Stage 4: Section 19 Declaration,7.99,74,69,150.81,70.16,32.76,37.4,0.467,14,0.56,4,79,0,0,0,1,0,0,125,116,94,0.98,54.3,0.359,6,0.592,1,121
LA-2026-3246,Gujarat,Surat,Major Irrigation & Canal,High,Stage 3: Section 15 Hearing & Objections,39.6,263,286,126.36,64.15,4.75,59.4,0.074,2,0.111,4,104,3,0,3,1,0,0,102,436,238,0.98,63.7,0.228,2,0.727,1,144
LA-2026-3247,Uttar Pradesh,Agra,Urban Metro Transit Extension,Normal,Stage 5: Valuation & Compensation Award,78.72,541,418,310.71,87.11,55.92,31.19,0.642,17,0.773,3,101,6,1,9,0,0,0,103,319,208,0.98,59.6,0.326,3,0.848,1,171
LA-2026-3248,Gujarat,Ahmedabad,Major Irrigation & Canal,High,Stage 3: Section 15 Hearing & Objections,103.64,543,433,193.46,87.57,13.66,73.91,0.156,16,0.64,0,0,5,0,5,0,1,0,116,525,36,0.98,92.6,0.187,6,0.819,1,163
LA-2026-3249,Uttar Pradesh,Lucknow,Renewable Energy Solar Park,Cabinet Fast-Track,Stage 2: Section 11 Notification,12.03,101,109,39.45,20.69,3.77,16.92,0.182,7,0.5,1,47,1,0,1,0,0,0,61,180,52,0.98,76.6,0.373,6,0.502,1,167
LA-2026-3250,Gujarat,Ahmedabad,Urban Metro Transit Extension,Cabinet Fast-Track,Stage 4: Section 19 Declaration,69.6,595,409,223.91,60.33,24.61,35.72,0.408,12,0.414,0,0,9,0,9,0,0,0,110,144,273,0.98,33.6,0.208,5,0.705,1,178
LA-2026-3251,Madhya Pradesh,Bhopal,Renewable Energy Solar Park,Critical,Stage 3: Section 15 Hearing & Objections,46.73,418,385,162.36,50.75,0.96,49.79,0.019,11,0.478,8,25,10,0,10,0,1,0,18,75,130,0.98,35.6,0.292,0,0.706,1,203
LA-2026-3252,Gujarat,Rajkot,Industrial Smart City Corridor,Normal,Stage 1: Preliminary Survey & SIA,88.96,508,305,330.19,162.75,1.46,161.29,0.009,13,0.382,6,31,7,0,7,0,0,0,70,381,-7,0.98,99.0,0.147,1,0.811,1,169
LA-2026-3253,Rajasthan,Udaipur,High-Speed Rail / DFC,Normal,Stage 3: Section 15 Hearing & Objections,83.78,593,442,193.26,69.56,6.26,63.3,0.09,9,0.321,4,120,3,0,3,1,0,0,64,659,66,0.98,89.9,0.27,3,0.689,1,156
LA-2026-3254,Madhya Pradesh,Indore,Urban Metro Transit Extension,Critical,Stage 5: Valuation & Compensation Award,26.12,185,169,150.59,44.03,30.16,13.87,0.685,7,0.241,4,65,4,0,4,1,1,0,12,408,-90,0.98,99.0,0.238,6,0.447,0,0
LA-2026-3255,Madhya Pradesh,Gwalior,Industrial Smart City Corridor,Cabinet Fast-Track,Stage 6: Land Possession & Handover,88.8,801,582,247.19,85.74,77.77,7.97,0.907,8,0.381,0,0,14,1,16,0,0,0,115,402,-70,0.98,99.0,0.352,4,0.626,1,199
LA-2026-3256,Madhya Pradesh,Gwalior,High-Speed Rail / DFC,Cabinet Fast-Track,Stage 3: Section 15 Hearing & Objections,71.6,475,388,167.31,63.8,3.51,60.29,0.055,30,0.909,7,105,5,0,5,0,0,0,33,560,-45,0.98,99.0,0.363,5,0.823,1,126
LA-2026-3257,Uttar Pradesh,Noida,Industrial Smart City Corridor,Cabinet Fast-Track,Stage 3: Section 15 Hearing & Objections,162.83,1346,1204,597.84,213.62,14.1,199.52,0.066,21,0.677,3,11,21,0,21,0,0,0,155,436,-34,0.98,99.0,0.511,1,0.906,1,161
LA-2026-3258,Karnataka,Mangaluru,Industrial Smart City Corridor,Normal,Stage 2: Section 11 Notification,324.46,1332,1026,1040.65,263.45,31.09,232.36,0.118,18,0.621,6,34,18,0,18,0,0,0,12,627,-60,0.98,99.0,0.321,6,0.737,1,191
LA-2026-3259,Uttar Pradesh,Lucknow,Urban Metro Transit Extension,High,Stage 4: Section 19 Declaration,46.15,320,312,171.98,49.11,18.66,30.45,0.38,4,0.211,4,49,4,0,4,1,0,0,47,325,-3,0.98,99.0,0.398,1,0.695,1,100
LA-2026-3260,Rajasthan,Jodhpur,High-Speed Rail / DFC,Cabinet Fast-Track,Stage 5: Valuation & Compensation Award,5.51,61,62,94.44,51.8,27.35,24.45,0.528,4,0.121,3,65,2,0,2,0,0,0,109,84,372,0.98,17.4,0.29,2,0.523,1,287
LA-2026-3261,Rajasthan,Udaipur,High-Speed Rail / DFC,Normal,Stage 1: Preliminary Survey & SIA,246.22,1194,935,811.02,311.4,41.42,269.98,0.133,21,0.875,5,86,22,0,22,0,0,0,159,365,152,0.98,69.6,0.269,2,0.827,1,194
LA-2026-3262,Rajasthan,Udaipur,Major Irrigation & Canal,Normal,Stage 2: Section 11 Notification,126.97,703,587,393.86,194.86,25.33,169.53,0.13,8,0.229,6,81,9,0,9,1,0,0,27,375,166,0.98,68.3,0.254,4,0.775,1,103
LA-2026-3263,Tamil Nadu,Coimbatore,Major Irrigation & Canal,High,Stage 4: Section 19 Declaration,78.92,369,396,118.47,59.38,32.12,27.26,0.541,3,0.12,4,55,9,0,9,0,1,0,104,67,591,0.98,9.2,0.266,0,0.631,1,322
LA-2026-3264,Tamil Nadu,Coimbatore,National Highway Corridor,Cabinet Fast-Track,Stage 6: Land Possession & Handover,14.33,100,65,146.39,59.31,41.52,17.79,0.7,4,0.174,0,0,2,0,2,1,0,0,35,263,173,0.98,59.3,0.258,4,0.477,0,0
LA-2026-3265,Odisha,Khurda,Rural Road Connectivity (PMGSY),Critical,Stage 6: Land Possession & Handover,30.15,249,235,121.61,40.71,25.24,15.47,0.62,10,0.526,8,40,3,0,3,1,0,0,70,133,430,0.98,22.6,0.367,1,0.533,1,92
LA-2026-3266,Gujarat,Surat,Urban Metro Transit Extension,Cabinet Fast-Track,Stage 3: Section 15 Hearing & Objections,8.65,72,75,131.85,47.36,7.39,39.97,0.156,21,0.778,0,0,2,0,2,1,1,0,57,239,361,0.98,38.9,0.181,0,0.734,1,147
LA-2026-3267,Maharashtra,Nashik,National Highway Corridor,Normal,Stage 3: Section 15 Hearing & Objections,92.45,712,554,355.59,104.42,7.31,97.11,0.07,4,0.174,2,77,14,1,17,0,0,0,19,74,608,0.98,9.9,0.254,2,0.687,1,76
LA-2026-3268,Madhya Pradesh,Jabalpur,Renewable Energy Solar Park,Normal,Stage 2: Section 11 Notification,87.81,470,399,248.56,115.01,14.26,100.75,0.124,11,0.324,5,78,1,0,1,1,1,0,14,272,43,0.98,85.4,0.365,2,0.484,1,113
LA-2026-3269,Karnataka,Belagavi,Renewable Energy Solar Park,High,Stage 1: Preliminary Survey & SIA,104.53,827,877,356.39,121.35,1.82,119.53,0.015,15,0.556,5,15,11,1,15,0,1,0,170,36,463,0.98,6.2,0.227,1,0.838,1,172
LA-2026-3270,Uttar Pradesh,Agra,Renewable Energy Solar Park,Cabinet Fast-Track,Stage 3: Section 15 Hearing & Objections,91.7,785,776,173.8,58.65,1.82,56.83,0.031,9,0.6,7,30,15,0,15,0,1,0,127,235,292,0.98,43.6,0.338,1,0.817,1,244
LA-2026-3271,Rajasthan,Kota,High-Speed Rail / DFC,Normal,Stage 3: Section 15 Hearing & Objections,57.57,382,290,217.93,103.27,3.61,99.66,0.035,12,0.522,0,0,4,0,4,1,1,0,115,465,138,0.98,76.1,0.226,2,0.853,1,293
LA-2026-3272,Odisha,Sambalpur,National Highway Corridor,Cabinet Fast-Track,Stage 3: Section 15 Hearing & Objections,191.73,558,359,623.74,253.61,47.68,205.93,0.188,10,0.455,5,19,5,0,5,0,0,0,126,158,171,0.98,47.0,0.3,3,0.878,1,151
LA-2026-3273,Maharashtra,Nagpur,Major Irrigation & Canal,Critical,Stage 5: Valuation & Compensation Award,404.49,2951,2165,523.66,154.14,73.37,80.77,0.476,27,0.771,8,62,38,1,39,0,0,0,101,33,154,0.98,16.7,0.265,1,0.842,1,201
LA-2026-3274,Uttar Pradesh,Prayagraj,National Highway Corridor,Cabinet Fast-Track,Stage 3: Section 15 Hearing & Objections,21.19,83,81,119.42,34.2,5.51,28.69,0.161,11,0.579,3,73,0,0,0,0,0,1,56,444,-57,0.98,99.0,0.417,6,0.53,1,101
LA-2026-3275,Odisha,Jajpur,Renewable Energy Solar Park,Critical,Stage 4: Section 19 Declaration,89.94,793,655,306.54,151.35,59.18,92.17,0.391,15,0.682,0,0,9,0,9,1,0,0,117,113,394,0.98,21.3,0.369,5,0.789,1,179
LA-2026-3276,Karnataka,Bengaluru Rural,High-Speed Rail / DFC,Critical,Stage 3: Section 15 Hearing & Objections,7.33,68,64,74.9,25.52,4.75,20.77,0.186,33,0.943,5,80,0,0,0,0,1,1,115,301,284,0.98,50.5,0.504,5,0.731,1,146
LA-2026-3277,Maharashtra,Thane,National Highway Corridor,Normal,Stage 5: Valuation & Compensation Award,148.29,895,568,332.3,99.04,40.11,58.93,0.405,12,0.923,5,12,19,1,21,0,0,1,139,587,-95,0.98,99.0,0.437,3,0.98,1,199
LA-2026-3278,Karnataka,Mysuru,National Highway Corridor,Critical,Stage 3: Section 15 Hearing & Objections,189.32,1214,1287,514.67,135.14,3.24,131.9,0.024,22,0.846,0,0,11,1,14,0,0,0,59,339,218,0.98,59.9,0.274,3,0.976,1,140
LA-2026-3279,Maharashtra,Nagpur,National Highway Corridor,Cabinet Fast-Track,Stage 6: Land Possession & Handover,450.87,1725,1475,830.88,368.49,312.85,55.64,0.849,5,0.333,5,90,27,0,27,0,0,0,25,481,-25,0.98,99.0,0.297,6,0.416,0,0
LA-2026-3280,Karnataka,Mangaluru,Urban Metro Transit Extension,Cabinet Fast-Track,Stage 1: Preliminary Survey & SIA,36.63,191,167,256.63,72.38,6.59,65.79,0.091,12,0.522,8,13,4,0,4,0,0,0,148,687,-48,0.98,99.0,0.313,2,0.941,1,344
LA-2026-3281,Uttar Pradesh,Agra,Urban Metro Transit Extension,High,Stage 3: Section 15 Hearing & Objections,74.84,345,369,259.98,142.98,23.59,119.39,0.165,10,0.769,5,92,6,0,6,1,0,0,27,45,379,0.98,9.6,0.358,6,0.655,1,135
LA-2026-3282,Karnataka,Mysuru,Urban Metro Transit Extension,Normal,Stage 2: Section 11 Notification,74.68,606,537,141.28,69.75,9.97,59.78,0.143,20,0.952,7,3,9,0,9,1,0,0,106,485,-89,0.98,99.0,0.236,3,0.903,1,305
LA-2026-3283,Odisha,Jajpur,Rural Road Connectivity (PMGSY),Critical,Stage 5: Valuation & Compensation Award,289.22,952,677,431.05,191.76,147.46,44.3,0.769,6,0.2,5,59,10,1,14,0,0,0,95,408,-76,0.98,99.0,0.402,0,0.704,1,135
LA-2026-3284,Tamil Nadu,Salem,High-Speed Rail / DFC,Normal,Stage 5: Valuation & Compensation Award,61.69,508,369,323.1,165.69,87.15,78.54,0.526,4,0.16,2,57,7,1,9,0,0,0,92,693,37,0.98,94.0,0.189,5,0.787,1,139
LA-2026-3285,Madhya Pradesh,Bhopal,National Highway Corridor,Cabinet Fast-Track,Stage 3: Section 15 Hearing & Objections,67.14,512,530,204.28,91.59,10.81,80.78,0.118,14,0.452,6,107,5,1,6,0,1,0,16,90,110,0.98,44.0,0.289,5,0.811,1,103
LA-2026-3286,Rajasthan,Jaipur,National Highway Corridor,High,Stage 5: Valuation & Compensation Award,54.31,186,129,168.82,62.94,30.84,32.1,0.49,10,0.303,8,3,3,0,3,0,0,0,113,736,-45,0.98,99.0,0.259,3,0.652,1,168
LA-2026-3287,Rajasthan,Alwar,Rural Road Connectivity (PMGSY),Cabinet Fast-Track,Stage 4: Section 19 Declaration,387.72,3031,2719,1102.07,366.62,60.49,306.13,0.165,29,0.879,2,89,43,0,43,0,1,0,81,73,157,0.98,30.8,0.378,2,0.821,1,207
LA-2026-3288,Madhya Pradesh,Ujjain,Major Irrigation & Canal,Critical,Stage 6: Land Possession & Handover,116.02,601,511,268.29,89.42,73.77,15.65,0.825,10,0.556,5,49,9,0,9,1,0,0,125,281,-73,0.98,99.0,0.258,1,0.717,1,147
LA-2026-3289,Gujarat,Ahmedabad,Industrial Smart City Corridor,Normal,Stage 3: Section 15 Hearing & Objections,110.83,844,529,294.41,86.5,11.59,74.91,0.134,29,0.829,4,93,10,0,10,1,1,0,71,440,117,0.98,78.0,0.192,3,0.815,1,110
LA-2026-3290,Odisha,Khurda,Major Irrigation & Canal,Cabinet Fast-Track,Stage 4: Section 19 Declaration,138.97,1105,1057,456.29,221.93,103.2,118.73,0.465,6,0.222,5,69,15,1,17,0,0,0,173,456,-4,0.98,99.0,0.315,4,0.828,1,274
LA-2026-3291,Rajasthan,Kota,Major Irrigation & Canal,Cabinet Fast-Track,Stage 4: Section 19 Declaration,259.06,801,649,462.01,219.46,62.77,156.69,0.286,21,0.677,8,39,12,1,14,0,0,0,167,221,203,0.98,51.1,0.238,6,0.933,1,201
LA-2026-3292,Uttar Pradesh,Varanasi,Industrial Smart City Corridor,High,Stage 1: Preliminary Survey & SIA,12.24,93,82,118.97,40.7,2.08,38.62,0.051,1,0.056,6,114,2,0,2,0,1,0,166,71,145,0.98,31.9,0.444,3,0.705,1,237
LA-2026-3293,Rajasthan,Jaipur,Renewable Energy Solar Park,Normal,Stage 5: Valuation & Compensation Award,19.7,107,103,115.09,39.31,26.46,12.85,0.673,6,0.333,5,30,1,0,1,1,1,0,157,629,-19,0.98,99.0,0.292,6,0.58,1,202
LA-2026-3294,Rajasthan,Udaipur,High-Speed Rail / DFC,Normal,Stage 1: Preliminary Survey & SIA,422.43,1857,1411,1028.57,498.8,84.3,414.5,0.169,25,0.893,7,47,30,1,33,1,0,1,43,573,9,0.98,97.5,0.29,4,0.828,1,141
LA-2026-3295,Tamil Nadu,Tiruchirappalli,Major Irrigation & Canal,Critical,Stage 4: Section 19 Declaration,101.76,844,742,211.87,74.37,32.13,42.24,0.432,17,1.0,2,51,9,0,9,1,0,0,39,156,540,0.98,21.4,0.245,0,0.685,1,88
LA-2026-3296,Rajasthan,Jodhpur,Renewable Energy Solar Park,High,Stage 3: Section 15 Hearing & Objections,39.75,292,229,201.0,57.91,4.98,52.93,0.086,2,0.105,7,82,5,0,5,0,1,0,158,100,210,0.98,31.3,0.266,1,0.73,1,267
LA-2026-3297,Tamil Nadu,Salem,Industrial Smart City Corridor,Normal,Stage 4: Section 19 Declaration,71.45,344,229,196.97,74.34,38.88,35.46,0.523,23,0.852,7,99,2,0,2,1,0,0,179,523,-10,0.98,99.0,0.197,0,0.725,1,190
LA-2026-3298,Gujarat,Vadodara,High-Speed Rail / DFC,Critical,Stage 4: Section 19 Declaration,134.68,478,511,455.6,166.51,57.78,108.73,0.347,16,0.842,1,8,10,0,10,1,0,0,99,241,265,0.98,46.6,0.18,3,0.968,1,185
LA-2026-3299,Gujarat,Ahmedabad,Renewable Energy Solar Park,Critical,Stage 4: Section 19 Declaration,82.09,470,321,234.41,65.45,39.01,26.44,0.596,22,0.733,5,57,6,0,6,1,0,0,107,126,89,0.98,57.6,0.175,1,0.717,1,289
LA-2026-3300,Karnataka,Mangaluru,National Highway Corridor,Cabinet Fast-Track,Stage 3: Section 15 Hearing & Objections,37.19,200,215,134.7,72.12,0.22,71.9,0.003,17,0.607,5,41,2,0,2,0,0,0,11,501,65,0.98,87.5,0.298,4,0.523,1,70
LA-2026-3301,Tamil Nadu,Madurai,Rural Road Connectivity (PMGSY),Normal,Stage 4: Section 19 Declaration,53.26,252,189,165.79,82.45,33.89,48.56,0.411,15,0.938,7,33,4,0,4,0,0,0,86,38,211,0.98,14.3,0.243,1,0.642,1,168
LA-2026-3302,Uttar Pradesh,Lucknow,National Highway Corridor,Normal,Stage 3: Section 15 Hearing & Objections,14.71,90,59,66.5,27.38,4.19,23.19,0.153,7,0.219,3,19,0,0,0,0,0,0,169,655,-50,0.98,99.0,0.394,2,0.597,1,229
LA-2026-3303,Karnataka,Mangaluru,Industrial Smart City Corridor,Normal,Stage 4: Section 19 Declaration,189.85,1137,868,551.29,186.86,55.68,131.18,0.298,13,1.0,3,38,18,0,18,0,0,0,137,196,75,0.98,71.3,0.251,6,0.774,1,213
LA-2026-3304,Madhya Pradesh,Jabalpur,Rural Road Connectivity (PMGSY),High,Stage 5: Valuation & Compensation Award,73.08,308,316,337.23,184.44,55.7,128.74,0.302,9,0.409,6,20,1,0,1,1,1,0,95,184,187,0.98,48.6,0.353,1,0.591,1,99
LA-2026-3305,Odisha,Jajpur,Rural Road Connectivity (PMGSY),Cabinet Fast-Track,Stage 3: Section 15 Hearing & Objections,59.38,493,528,168.19,58.12,10.0,48.12,0.172,18,0.947,4,0,6,0,6,0,0,0,179,103,250,0.98,28.2,0.38,2,0.844,1,189
LA-2026-3306,Karnataka,Belagavi,Major Irrigation & Canal,Cabinet Fast-Track,Stage 3: Section 15 Hearing & Objections,27.48,248,149,150.67,66.7,5.54,61.16,0.083,3,0.091,0,0,3,0,3,0,0,0,130,295,233,0.98,54.9,0.226,4,0.63,1,124
LA-2026-3307,Uttar Pradesh,Lucknow,Major Irrigation & Canal,Critical,Stage 3: Section 15 Hearing & Objections,33.38,274,188,101.81,42.96,0.73,42.23,0.017,2,0.125,4,80,5,0,5,1,0,0,96,224,356,0.98,37.6,0.412,1,0.879,1,173
LA-2026-3308,Tamil Nadu,Kanchipuram,Major Irrigation & Canal,Critical,Stage 3: Section 15 Hearing & Objections,79.38,580,409,258.71,122.42,12.98,109.44,0.106,9,0.692,5,55,10,1,11,0,0,0,141,226,22,0.98,90.1,0.349,0,0.98,1,174
LA-2026-3309,Karnataka,Mysuru,Urban Metro Transit Extension,High,Stage 6: Land Possession & Handover,86.84,639,567,141.17,62.99,60.97,2.02,0.968,16,1.0,5,120,8,0,8,0,0,0,13,398,183,0.98,67.5,0.247,6,0.555,1,94
LA-2026-3310,Odisha,Sambalpur,National Highway Corridor,Cabinet Fast-Track,Stage 1: Preliminary Survey & SIA,24.86,134,126,116.05,59.88,6.77,53.11,0.113,30,0.857,8,21,1,0,1,0,1,0,105,371,-90,0.98,99.0,0.324,4,0.792,1,201
LA-2026-3311,Gujarat,Surat,National Highway Corridor,Normal,Stage 2: Section 11 Notification,5.45,75,52,163.01,56.74,3.29,53.45,0.058,8,0.471,8,14,1,0,1,0,0,1,82,363,-78,0.98,99.0,0.226,4,0.762,1,129
LA-2026-3312,Odisha,Angul,Renewable Energy Solar Park,High,Stage 4: Section 19 Declaration,103.06,718,728,263.31,76.48,39.31,37.17,0.514,10,0.4,2,0,12,0,12,0,1,0,53,175,128,0.98,56.8,0.464,3,0.788,1,105
LA-2026-3313,Tamil Nadu,Kanchipuram,High-Speed Rail / DFC,Normal,Stage 4: Section 19 Declaration,190.97,1104,758,250.97,86.37,30.83,55.54,0.357,19,0.559,6,79,22,0,22,0,0,0,87,692,6,0.98,98.2,0.343,4,0.739,1,156
LA-2026-3314,Uttar Pradesh,Prayagraj,High-Speed Rail / DFC,Cabinet Fast-Track,Stage 1: Preliminary Survey & SIA,61.6,254,187,243.94,85.59,16.26,69.33,0.19,14,0.583,5,77,3,0,3,0,0,1,179,156,151,0.98,49.8,0.405,5,0.749,1,182
LA-2026-3315,Uttar Pradesh,Noida,High-Speed Rail / DFC,High,Stage 5: Valuation & Compensation Award,8.43,67,60,42.93,10.97,3.66,7.31,0.334,1,0.083,1,24,2,0,2,0,1,1,177,316,-20,0.98,99.0,0.535,3,0.551,1,134
LA-2026-3316,Gujarat,Surat,Industrial Smart City Corridor,High,Stage 4: Section 19 Declaration,51.28,283,280,290.88,156.77,73.21,83.56,0.467,8,0.229,2,112,6,0,6,1,1,0,13,508,-72,0.98,99.0,0.167,3,0.518,1,104
LA-2026-3317,Rajasthan,Jaipur,Urban Metro Transit Extension,High,Stage 3: Section 15 Hearing & Objections,338.83,2240,2432,1095.09,350.7,30.86,319.84,0.088,7,0.318,4,20,30,1,34,1,0,0,45,35,306,0.98,9.3,0.295,3,0.746,1,103
LA-2026-3318,Maharashtra,Thane,Rural Road Connectivity (PMGSY),High,Stage 4: Section 19 Declaration,145.89,740,481,475.76,135.08,45.25,89.83,0.335,31,0.939,6,90,8,0,8,1,0,0,172,363,19,0.98,94.0,0.439,6,0.916,1,162
LA-2026-3319,Rajasthan,Alwar,Rural Road Connectivity (PMGSY),High,Stage 6: Land Possession & Handover,27.08,234,167,142.63,74.85,65.49,9.36,0.875,5,0.227,4,107,3,0,3,1,0,0,176,259,-39,0.98,99.0,0.38,5,0.509,1,339
LA-2026-3320,Maharashtra,Thane,Rural Road Connectivity (PMGSY),Normal,Stage 6: Land Possession & Handover,12.87,105,79,65.83,23.01,16.36,6.65,0.711,25,0.962,2,44,0,0,0,0,0,0,82,178,506,0.98,25.0,0.45,0,0.494,1,120
LA-2026-3321,Madhya Pradesh,Ujjain,Renewable Energy Solar Park,High,Stage 5: Valuation & Compensation Award,13.59,119,115,148.83,43.99,30.13,13.86,0.685,14,0.4,8,40,2,0,2,1,0,0,121,278,84,0.98,75.8,0.25,6,0.571,1,221
LA-2026-3322,Gujarat,Bharuch,Renewable Energy Solar Park,High,Stage 3: Section 15 Hearing & Objections,67.26,327,318,226.19,122.41,10.4,112.01,0.085,14,0.824,8,83,2,0,2,1,0,0,170,373,3,0.98,98.2,0.257,5,0.771,1,287
LA-2026-3323,Maharashtra,Thane,High-Speed Rail / DFC,High,Stage 6: Land Possession & Handover,200.86,1098,868,551.61,201.69,179.5,22.19,0.89,8,0.571,5,74,11,1,12,0,0,0,69,696,-49,0.98,99.0,0.455,5,0.886,1,119
LA-2026-3324,Karnataka,Belagavi,High-Speed Rail / DFC,Critical,Stage 1: Preliminary Survey & SIA,13.44,107,104,142.88,40.51,4.01,36.5,0.099,7,0.583,0,0,2,0,2,0,0,0,98,88,570,0.98,12.4,0.201,6,0.528,1,111
LA-2026-3325,Tamil Nadu,Tiruchirappalli,Industrial Smart City Corridor,Cabinet Fast-Track,Stage 3: Section 15 Hearing & Objections,79.76,342,218,175.69,71.08,3.41,67.67,0.048,13,0.464,6,16,8,0,8,0,0,0,106,497,37,0.98,92.1,0.258,4,0.94,1,189
LA-2026-3326,Odisha,Khurda,Renewable Energy Solar Park,Critical,Stage 4: Section 19 Declaration,140.17,867,766,352.96,188.69,50.19,138.5,0.266,10,0.286,2,115,10,0,10,1,0,0,81,397,69,0.98,84.2,0.404,6,0.881,1,203
LA-2026-3327,Karnataka,Bengaluru Rural,Urban Metro Transit Extension,Critical,Stage 4: Section 19 Declaration,20.4,102,95,143.64,44.49,19.75,24.74,0.444,13,0.867,3,84,1,0,1,1,0,0,85,209,39,0.98,83.3,0.494,0,0.684,1,159
LA-2026-3328,Maharashtra,Aurangabad,Major Irrigation & Canal,Cabinet Fast-Track,Stage 4: Section 19 Declaration,181.67,1130,842,479.6,129.38,52.14,77.24,0.403,7,0.28,6,96,21,0,21,0,0,0,68,139,391,0.98,25.2,0.298,0,0.701,1,118
LA-2026-3329,Tamil Nadu,Kanchipuram,Major Irrigation & Canal,High,Stage 5: Valuation & Compensation Award,335.97,1685,1363,411.26,165.6,126.52,39.08,0.764,4,0.2,6,110,36,0,36,0,0,0,70,102,223,0.98,30.4,0.332,0,0.559,1,86
LA-2026-3330,Karnataka,Mysuru,High-Speed Rail / DFC,Normal,Stage 5: Valuation & Compensation Award,74.04,501,460,240.14,126.97,88.75,38.22,0.699,14,1.0,8,104,8,0,8,0,0,0,122,112,596,0.98,14.8,0.254,5,0.663,1,118
LA-2026-3331,Rajasthan,Kota,High-Speed Rail / DFC,Normal,Stage 1: Preliminary Survey & SIA,127.78,988,763,414.83,151.55,26.98,124.57,0.178,13,0.433,3,96,13,0,13,1,1,0,91,255,90,0.98,72.9,0.255,1,0.888,1,137
LA-2026-3332,Karnataka,Bengaluru Rural,National Highway Corridor,Cabinet Fast-Track,Stage 5: Valuation & Compensation Award,209.03,696,586,506.34,244.55,77.03,167.52,0.315,21,0.6,4,86,8,0,8,0,0,0,120,57,369,0.98,12.4,0.488,0,0.687,1,132
LA-2026-3333,Karnataka,Dharwad,Industrial Smart City Corridor,Critical,Stage 3: Section 15 Hearing & Objections,84.85,361,395,253.77,69.42,0.35,69.07,0.005,2,0.125,8,19,6,1,9,1,1,0,21,49,225,0.98,16.9,0.212,4,0.766,1,212
LA-2026-3334,Tamil Nadu,Salem,National Highway Corridor,Cabinet Fast-Track,Stage 6: Land Possession & Handover,9.69,72,61,92.37,38.72,24.24,14.48,0.626,12,0.375,2,97,0,0,0,0,0,0,124,575,86,0.98,86.0,0.196,6,0.425,0,0
LA-2026-3335,Maharashtra,Nagpur,Urban Metro Transit Extension,High,Stage 4: Section 19 Declaration,25.05,185,131,138.69,63.34,13.11,50.23,0.207,21,1.0,7,32,2,0,2,1,0,0,174,222,244,0.98,46.7,0.279,0,0.851,1,198
LA-2026-3336,Maharashtra,Nashik,Industrial Smart City Corridor,Normal,Stage 4: Section 19 Declaration,78.69,483,442,115.23,58.81,9.12,49.69,0.155,1,0.083,0,0,13,0,13,1,0,0,111,180,21,0.98,88.6,0.237,2,0.774,1,152
LA-2026-3337,Rajasthan,Udaipur,Industrial Smart City Corridor,High,Stage 3: Section 15 Hearing & Objections,48.65,348,341,289.17,84.48,16.81,67.67,0.199,14,0.424,5,54,6,0,6,0,0,0,42,180,483,0.98,26.2,0.279,3,0.751,1,142
LA-2026-3338,Madhya Pradesh,Bhopal,Urban Metro Transit Extension,Cabinet Fast-Track,Stage 3: Section 15 Hearing & Objections,9.33,71,51,119.73,60.88,4.51,56.37,0.074,23,0.852,7,117,0,0,0,1,0,0,118,532,112,0.98,81.6,0.305,3,0.683,1,171
LA-2026-3339,Uttar Pradesh,Varanasi,Rural Road Connectivity (PMGSY),High,Stage 2: Section 11 Notification,128.4,596,631,237.63,126.96,4.06,122.9,0.032,7,0.233,7,82,11,0,11,1,0,0,146,116,613,0.98,14.9,0.404,0,0.676,1,129
LA-2026-3340,Tamil Nadu,Madurai,National Highway Corridor,Critical,Stage 6: Land Possession & Handover,17.14,153,160,150.02,77.42,69.29,8.13,0.895,25,0.893,1,82,2,0,2,0,0,1,114,543,-14,0.98,99.0,0.302,4,0.598,1,198
LA-2026-3341,Maharashtra,Nashik,Renewable Energy Solar Park,Cabinet Fast-Track,Stage 5: Valuation & Compensation Award,158.54,1048,1096,421.92,170.36,80.92,89.44,0.475,6,0.188,5,112,18,0,18,0,1,0,73,71,428,0.98,13.2,0.247,4,0.466,0,0
LA-2026-3342,Uttar Pradesh,Prayagraj,Urban Metro Transit Extension,Critical,Stage 1: Preliminary Survey & SIA,20.5,191,129,154.15,50.64,1.92,48.72,0.038,8,0.348,4,76,2,0,2,1,1,0,18,173,407,0.98,28.8,0.39,0,0.663,1,98
LA-2026-3343,Odisha,Jajpur,National Highway Corridor,Cabinet Fast-Track,Stage 1: Preliminary Survey & SIA,76.57,447,414,124.01,51.74,9.99,41.75,0.193,0,0.0,2,6,5,0,5,1,0,0,117,351,357,0.98,48.6,0.387,5,0.809,1,234
LA-2026-3344,Tamil Nadu,Coimbatore,National Highway Corridor,Critical,Stage 6: Land Possession & Handover,43.05,251,208,221.23,110.87,108.1,2.77,0.975,20,0.606,4,36,2,0,2,0,0,0,66,374,162,0.98,68.8,0.25,4,0.524,1,205
LA-2026-3345,Madhya Pradesh,Gwalior,Major Irrigation & Canal,High,Stage 1: Preliminary Survey & SIA,175.38,996,873,317.03,120.84,22.36,98.48,0.185,2,0.057,7,99,16,1,17,1,0,0,18,84,234,0.98,25.4,0.367,2,0.701,1,87
LA-2026-3346,Rajasthan,Jaipur,National Highway Corridor,High,Stage 2: Section 11 Notification,317.88,1814,1384,822.75,343.57,61.5,282.07,0.179,21,0.913,7,68,26,0,26,1,0,1,123,138,454,0.98,22.3,0.328,5,0.867,1,222
LA-2026-3347,Tamil Nadu,Tiruchirappalli,Major Irrigation & Canal,Cabinet Fast-Track,Stage 5: Valuation & Compensation Award,89.98,424,426,228.28,68.03,31.63,36.4,0.465,8,0.4,2,55,6,1,9,0,0,0,117,297,-34,0.98,99.0,0.261,5,0.879,1,313
LA-2026-3348,Tamil Nadu,Tiruchirappalli,Renewable Energy Solar Park,Cabinet Fast-Track,Stage 3: Section 15 Hearing & Objections,106.14,368,278,382.85,159.96,0.48,159.48,0.003,14,0.933,7,99,4,0,4,1,0,0,14,88,176,0.98,32.4,0.26,6,0.686,1,452
LA-2026-3349,Maharashtra,Thane,Urban Metro Transit Extension,Critical,Stage 2: Section 11 Notification,227.38,1406,1467,396.8,217.79,23.09,194.7,0.106,9,0.562,6,84,28,0,28,0,0,0,72,267,-58,0.98,99.0,0.462,5,0.782,1,172
LA-2026-3350,Tamil Nadu,Tiruchirappalli,Rural Road Connectivity (PMGSY),Normal,Stage 3: Section 15 Hearing & Objections,18.26,166,103,70.53,37.5,6.04,31.46,0.161,7,0.35,8,12,1,0,1,0,0,0,24,357,41,0.98,88.7,0.208,5,0.496,1,206
LA-2026-3351,Gujarat,Vadodara,Major Irrigation & Canal,High,Stage 4: Section 19 Declaration,334.86,1351,842,316.55,145.39,28.5,116.89,0.196,3,0.107,1,118,18,0,18,1,0,0,82,52,606,0.98,6.9,0.216,2,0.616,1,146
LA-2026-3352,Karnataka,Mysuru,High-Speed Rail / DFC,Normal,Stage 1: Preliminary Survey & SIA,134.59,512,539,350.29,173.64,12.68,160.96,0.073,3,0.13,8,100,5,1,9,1,0,1,107,395,55,0.98,86.8,0.228,1,0.826,1,186
LA-2026-3353,Tamil Nadu,Coimbatore,Rural Road Connectivity (PMGSY),Cabinet Fast-Track,Stage 6: Land Possession & Handover,149.24,754,582,250.19,92.04,62.96,29.08,0.684,12,0.522,7,37,15,1,18,1,1,0,49,403,-21,0.98,99.0,0.22,5,0.735,1,122
LA-2026-3354,Gujarat,Surat,National Highway Corridor,Normal,Stage 3: Section 15 Hearing & Objections,22.35,209,168,78.63,21.56,3.6,17.96,0.167,4,0.125,1,75,4,0,4,0,0,1,37,294,230,0.98,55.1,0.238,0,0.617,1,97
LA-2026-3355,Rajasthan,Jaipur,High-Speed Rail / DFC,Cabinet Fast-Track,Stage 5: Valuation & Compensation Award,19.6,197,132,136.37,51.68,43.31,8.37,0.838,4,0.174,2,9,2,0,2,0,1,0,18,57,331,0.98,13.7,0.281,6,0.144,0,0
LA-2026-3356,Rajasthan,Jodhpur,Urban Metro Transit Extension,Critical,Stage 6: Land Possession & Handover,142.82,1152,1177,305.61,162.98,105.77,57.21,0.649,8,0.242,5,99,18,0,18,0,0,0,77,316,68,0.98,81.3,0.297,2,0.748,1,236
LA-2026-3357,Tamil Nadu,Madurai,Urban Metro Transit Extension,High,Stage 2: Section 11 Notification,91.72,290,250,172.84,77.04,11.79,65.25,0.153,10,0.455,3,56,3,0,3,0,0,0,80,303,-36,0.98,99.0,0.262,1,0.701,1,114
LA-2026-3358,Madhya Pradesh,Ujjain,High-Speed Rail / DFC,Critical,Stage 5: Valuation & Compensation Award,33.79,166,161,165.84,48.17,19.32,28.85,0.401,19,0.613,0,0,0,0,0,1,1,0,79,139,587,0.98,18.2,0.246,4,0.583,1,407
LA-2026-3359,Karnataka,Belagavi,Renewable Energy Solar Park,Normal,Stage 3: Section 15 Hearing & Objections,293.95,1858,1150,764.8,272.22,18.24,253.98,0.067,20,0.909,2,65,24,0,24,0,0,0,170,372,19,0.98,94.2,0.23,0,0.949,1,174
LA-2026-3360,Rajasthan,Udaipur,National Highway Corridor,Cabinet Fast-Track,Stage 5: Valuation & Compensation Award,17.65,181,139,74.68,32.98,14.97,18.01,0.454,4,0.19,5,23,4,0,4,0,0,0,76,214,182,0.98,53.1,0.287,2,0.601,1,154
LA-2026-3361,Tamil Nadu,Tiruchirappalli,Major Irrigation & Canal,Critical,Stage 4: Section 19 Declaration,28.01,163,111,207.76,58.07,7.2,50.87,0.124,9,0.36,0,0,3,0,3,1,0,0,88,47,384,0.98,9.9,0.291,6,0.655,1,118
LA-2026-3362,Gujarat,Rajkot,Industrial Smart City Corridor,Cabinet Fast-Track,Stage 5: Valuation & Compensation Award,138.43,1091,1189,271.82,147.32,117.41,29.91,0.797,15,0.833,7,75,17,1,20,0,0,0,103,402,246,0.98,61.1,0.17,3,0.816,1,203
LA-2026-3363,Maharashtra,Aurangabad,National Highway Corridor,High,Stage 1: Preliminary Survey & SIA,11.22,71,61,78.42,42.81,6.94,35.87,0.162,5,0.192,5,32,1,0,1,0,1,0,16,160,42,0.98,78.2,0.267,0,0.446,0,0
LA-2026-3364,Madhya Pradesh,Bhopal,Renewable Energy Solar Park,High,Stage 3: Section 15 Hearing & Objections,160.81,1222,1207,522.17,179.86,12.95,166.91,0.072,18,0.692,2,50,15,0,15,0,0,0,17,269,169,0.98,60.4,0.313,5,0.717,1,83
LA-2026-3365,Rajasthan,Kota,High-Speed Rail / DFC,Normal,Stage 3: Section 15 Hearing & Objections,128.32,1027,1019,265.42,132.4,6.09,126.31,0.046,11,0.688,0,0,12,0,12,0,0,0,65,88,495,0.98,14.1,0.242,1,0.591,1,151
LA-2026-3366,Tamil Nadu,Madurai,High-Speed Rail / DFC,Cabinet Fast-Track,Stage 6: Land Possession & Handover,59.33,421,427,202.93,71.15,58.91,12.24,0.828,2,0.08,7,75,7,0,7,0,0,0,72,189,357,0.98,33.6,0.266,4,0.655,1,148
LA-2026-3367,Odisha,Sambalpur,Industrial Smart City Corridor,Cabinet Fast-Track,Stage 2: Section 11 Notification,103.05,432,356,370.38,134.85,18.34,116.51,0.136,23,0.885,3,92,7,1,10,0,0,0,54,148,551,0.98,20.2,0.323,3,0.952,1,153
LA-2026-3368,Uttar Pradesh,Prayagraj,High-Speed Rail / DFC,High,Stage 5: Valuation & Compensation Award,27.36,191,175,105.85,34.82,28.94,5.88,0.831,2,0.167,3,76,3,0,3,0,0,1,81,379,-51,0.98,99.0,0.392,3,0.484,1,101
LA-2026-3369,Uttar Pradesh,Agra,Major Irrigation & Canal,Critical,Stage 5: Valuation & Compensation Award,112.63,627,625,227.49,123.05,42.33,80.72,0.344,12,0.6,5,84,9,0,9,0,0,0,20,171,40,0.98,80.1,0.363,0,0.781,1,274
LA-2026-3370,Uttar Pradesh,Lucknow,Industrial Smart City Corridor,Normal,Stage 6: Land Possession & Handover,8.02,110,96,166.96,52.77,45.38,7.39,0.86,1,0.059,7,99,1,0,1,0,0,0,164,302,12,0.98,95.2,0.421,2,0.508,1,134
LA-2026-3371,Gujarat,Bharuch,Urban Metro Transit Extension,High,Stage 2: Section 11 Notification,107.72,427,265,298.06,158.93,6.68,152.25,0.042,5,0.25,3,79,4,0,4,0,1,0,133,532,78,0.98,86.2,0.293,6,0.708,1,157
LA-2026-3372,Karnataka,Dharwad,High-Speed Rail / DFC,High,Stage 2: Section 11 Notification,29.27,94,71,101.04,54.55,9.0,45.55,0.165,26,0.839,2,10,1,0,1,0,1,1,65,562,69,0.98,88.1,0.212,0,0.656,1,235
LA-2026-3373,Rajasthan,Alwar,Rural Road Connectivity (PMGSY),High,Stage 6: Land Possession & Handover,54.07,345,305,227.2,82.57,68.37,14.2,0.828,16,0.5,8,49,11,0,11,0,0,0,170,228,215,0.98,50.5,0.366,6,0.715,1,145
LA-2026-3374,Odisha,Sundargarh,Rural Road Connectivity (PMGSY),Cabinet Fast-Track,Stage 3: Section 15 Hearing & Objections,35.96,142,92,170.46,67.92,4.82,63.1,0.071,3,0.158,0,0,3,0,3,1,0,0,131,395,154,0.98,71.0,0.411,1,0.671,1,284
LA-2026-3375,Uttar Pradesh,Prayagraj,Major Irrigation & Canal,High,Stage 2: Section 11 Notification,6.46,42,32,87.37,25.51,2.3,23.21,0.09,13,0.419,3,59,1,0,1,0,0,0,131,82,468,0.98,13.9,0.381,1,0.576,1,181
LA-2026-3376,Rajasthan,Jodhpur,Industrial Smart City Corridor,Normal,Stage 3: Section 15 Hearing & Objections,10.81,113,68,83.42,28.72,3.96,24.76,0.138,12,0.923,2,87,2,0,2,0,0,0,97,559,-61,0.98,99.0,0.289,4,0.764,1,208
LA-2026-3377,Maharashtra,Aurangabad,High-Speed Rail / DFC,Cabinet Fast-Track,Stage 5: Valuation & Compensation Award,17.21,96,63,44.2,22.42,7.06,15.36,0.315,7,0.538,2,22,1,0,1,0,0,0,165,30,168,0.98,14.2,0.297,6,0.664,1,149
LA-2026-3378,Uttar Pradesh,Prayagraj,Renewable Energy Solar Park,Critical,Stage 6: Land Possession & Handover,45.96,379,322,109.72,36.9,22.69,14.21,0.615,20,0.625,6,98,2,0,2,1,1,0,162,155,209,0.98,41.6,0.399,2,0.642,1,211
LA-2026-3379,Rajasthan,Kota,National Highway Corridor,Cabinet Fast-Track,Stage 1: Preliminary Survey & SIA,299.06,2170,1840,407.45,160.87,17.7,143.17,0.11,5,0.278,3,1,37,0,37,0,0,0,17,665,-29,0.98,99.0,0.232,4,0.65,1,202
LA-2026-3380,Tamil Nadu,Kanchipuram,Major Irrigation & Canal,Critical,Stage 4: Section 19 Declaration,132.42,548,378,427.35,110.16,38.23,71.93,0.347,7,0.467,0,0,8,1,12,0,0,0,81,437,-84,0.98,99.0,0.351,3,0.865,1,168
LA-2026-3381,Odisha,Jajpur,Urban Metro Transit Extension,Critical,Stage 2: Section 11 Notification,10.33,55,47,138.34,68.63,4.05,64.58,0.059,10,0.476,0,0,1,0,1,0,0,0,34,618,-92,0.98,99.0,0.399,1,0.653,1,122
LA-2026-3382,Madhya Pradesh,Gwalior,Renewable Energy Solar Park,Critical,Stage 4: Section 19 Declaration,66.63,426,326,140.91,62.35,15.21,47.14,0.244,16,0.941,6,43,8,1,9,0,1,0,124,161,421,0.98,26.7,0.369,6,0.869,1,198
LA-2026-3383,Karnataka,Mangaluru,Industrial Smart City Corridor,Critical,Stage 1: Preliminary Survey & SIA,6.84,56,35,31.15,13.31,1.76,11.55,0.132,15,1.0,6,33,1,0,1,0,0,0,47,440,5,0.98,97.9,0.285,1,0.637,1,92
LA-2026-3384,Tamil Nadu,Kanchipuram,Major Irrigation & Canal,Cabinet Fast-Track,Stage 1: Preliminary Survey & SIA,158.92,1099,720,631.52,169.25,14.22,155.03,0.084,28,0.966,8,86,18,0,18,0,0,0,123,64,378,0.98,13.5,0.361,5,0.836,1,137
LA-2026-3385,Odisha,Sambalpur,Industrial Smart City Corridor,Cabinet Fast-Track,Stage 2: Section 11 Notification,29.47,140,144,231.06,69.69,8.92,60.77,0.128,20,0.833,6,58,1,0,1,0,0,0,23,74,183,0.98,27.8,0.277,0,0.651,1,147
LA-2026-3386,Rajasthan,Udaipur,High-Speed Rail / DFC,Cabinet Fast-Track,Stage 5: Valuation & Compensation Award,32.96,226,138,100.46,38.26,17.33,20.93,0.453,1,0.037,1,20,4,0,4,1,0,0,126,251,253,0.98,48.8,0.268,2,0.647,1,216
LA-2026-3387,Odisha,Sambalpur,Renewable Energy Solar Park,High,Stage 4: Section 19 Declaration,55.04,340,229,153.99,79.79,27.21,52.58,0.341,0,0.0,4,56,5,1,6,0,0,0,122,509,-77,0.98,99.0,0.339,0,0.804,1,204
LA-2026-3388,Rajasthan,Kota,Major Irrigation & Canal,High,Stage 6: Land Possession & Handover,129.51,1028,1027,347.87,179.59,163.61,15.98,0.911,5,0.263,7,26,13,0,13,1,0,0,22,417,-95,0.98,99.0,0.283,3,0.52,1,104
LA-2026-3389,Gujarat,Ahmedabad,High-Speed Rail / DFC,High,Stage 5: Valuation & Compensation Award,278.53,1065,936,996.14,401.47,201.54,199.93,0.502,32,0.97,5,100,17,0,17,1,0,0,127,204,3,0.98,97.6,0.2,3,0.905,1,252
LA-2026-3390,Madhya Pradesh,Bhopal,National Highway Corridor,Normal,Stage 3: Section 15 Hearing & Objections,116.17,367,224,198.36,65.24,9.13,56.11,0.14,20,0.8,0,0,4,0,4,1,1,0,64,580,102,0.98,84.1,0.318,0,0.923,1,189
LA-2026-3391,Karnataka,Dharwad,Industrial Smart City Corridor,High,Stage 2: Section 11 Notification,59.68,259,185,195.83,96.91,11.63,85.28,0.12,34,0.971,4,78,5,0,5,0,0,0,121,360,347,0.98,49.9,0.231,6,0.951,1,205
LA-2026-3392,Rajasthan,Jaipur,Urban Metro Transit Extension,Cabinet Fast-Track,Stage 3: Section 15 Hearing & Objections,8.14,62,63,152.38,57.58,4.32,53.26,0.075,7,0.583,4,120,2,0,2,0,0,0,21,248,-24,0.98,99.0,0.315,1,0.6,1,205
LA-2026-3393,Rajasthan,Jaipur,National Highway Corridor,Critical,Stage 6: Land Possession & Handover,115.83,820,542,253.3,128.46,110.99,17.47,0.864,6,0.286,6,71,16,0,16,0,0,0,89,279,-18,0.98,99.0,0.321,4,0.751,1,222
LA-2026-3394,Rajasthan,Alwar,High-Speed Rail / DFC,Normal,Stage 4: Section 19 Declaration,27.52,192,208,151.0,48.76,28.57,20.19,0.586,0,0.0,5,32,4,0,4,0,0,1,135,754,-85,0.98,99.0,0.401,1,0.514,1,111
LA-2026-3395,Tamil Nadu,Tiruchirappalli,Urban Metro Transit Extension,Cabinet Fast-Track,Stage 1: Preliminary Survey & SIA,20.18,209,174,107.7,29.77,1.4,28.37,0.047,16,0.593,5,112,4,0,4,1,1,0,53,170,78,0.98,67.6,0.248,5,0.776,1,146
LA-2026-3396,Rajasthan,Jodhpur,Major Irrigation & Canal,High,Stage 2: Section 11 Notification,67.89,274,285,140.66,47.58,6.8,40.78,0.143,10,0.312,2,26,4,0,4,0,0,0,31,206,238,0.98,45.4,0.276,6,0.621,1,98
LA-2026-3397,Gujarat,Ahmedabad,Industrial Smart City Corridor,Normal,Stage 5: Valuation & Compensation Award,29.71,94,88,124.24,46.74,21.45,25.29,0.459,4,0.222,0,0,2,0,2,1,0,0,41,745,-93,0.98,99.0,0.193,6,0.592,1,155
LA-2026-3398,Odisha,Angul,Major Irrigation & Canal,Cabinet Fast-Track,Stage 3: Section 15 Hearing & Objections,38.24,261,200,133.87,44.07,3.7,40.37,0.084,29,0.829,6,49,7,1,10,0,0,0,38,302,250,0.98,53.7,0.464,0,0.924,1,112
LA-2026-3399,Uttar Pradesh,Agra,Urban Metro Transit Extension,Critical,Stage 2: Section 11 Notification,49.2,181,131,124.03,56.26,9.17,47.09,0.163,25,0.926,7,96,3,0,3,0,0,0,112,698,-68,0.98,99.0,0.343,5,0.922,1,216
LA-2026-3400,Madhya Pradesh,Gwalior,Major Irrigation & Canal,Critical,Stage 5: Valuation & Compensation Award,27.83,213,139,225.7,121.29,69.74,51.55,0.575,4,0.174,0,0,3,0,3,0,0,0,153,77,506,0.98,12.2,0.396,5,0.549,1,123
LA-2026-3401,Gujarat,Bharuch,Major Irrigation & Canal,Critical,Stage 1: Preliminary Survey & SIA,30.34,164,169,249.95,119.7,6.94,112.76,0.058,11,0.407,0,0,3,0,3,0,0,0,28,219,289,0.98,42.1,0.26,4,0.687,1,122
LA-2026-3402,Gujarat,Bharuch,Renewable Energy Solar Park,Cabinet Fast-Track,Stage 6: Land Possession & Handover,114.46,770,681,409.92,179.51,157.07,22.44,0.875,17,0.486,2,21,10,1,11,0,0,0,86,399,260,0.98,59.6,0.254,3,0.675,1,125
LA-2026-3403,Gujarat,Bharuch,Rural Road Connectivity (PMGSY),Cabinet Fast-Track,Stage 6: Land Possession & Handover,204.74,752,821,349.67,115.89,76.02,39.87,0.656,25,1.0,4,4,12,1,16,0,0,0,144,360,57,0.98,85.4,0.27,1,0.841,1,142
LA-2026-3404,Maharashtra,Nagpur,High-Speed Rail / DFC,Normal,Stage 3: Section 15 Hearing & Objections,66.23,395,325,228.78,125.09,6.0,119.09,0.048,8,0.571,3,72,7,0,7,0,0,1,59,58,375,0.98,12.4,0.254,0,0.773,1,208
LA-2026-3405,Tamil Nadu,Kanchipuram,Major Irrigation & Canal,Critical,Stage 3: Section 15 Hearing & Objections,84.74,429,301,273.86,73.5,10.22,63.28,0.139,16,0.727,7,40,6,0,6,0,0,0,92,574,119,0.98,81.8,0.366,0,0.862,1,183
LA-2026-3406,Odisha,Khurda,Industrial Smart City Corridor,High,Stage 2: Section 11 Notification,38.5,262,223,89.62,28.69,5.51,23.18,0.192,22,0.846,8,27,9,1,13,0,1,0,98,289,359,0.98,43.6,0.316,4,0.974,1,190
LA-2026-3407,Rajasthan,Jaipur,Urban Metro Transit Extension,High,Stage 1: Preliminary Survey & SIA,35.96,263,201,165.71,66.27,13.06,53.21,0.197,27,0.871,3,84,3,0,3,0,0,0,118,436,101,0.98,80.2,0.302,6,0.791,1,136
LA-2026-3408,Odisha,Sambalpur,Major Irrigation & Canal,Critical,Stage 5: Valuation & Compensation Award,33.39,294,245,108.53,41.52,13.49,28.03,0.325,10,0.625,6,115,4,0,4,1,0,0,146,699,-44,0.98,99.0,0.299,4,0.792,1,180
LA-2026-3409,Uttar Pradesh,Agra,High-Speed Rail / DFC,Critical,Stage 3: Section 15 Hearing & Objections,74.18,596,440,165.08,48.87,6.7,42.17,0.137,10,0.294,3,50,19,0,19,0,1,0,117,511,-18,0.98,99.0,0.334,2,0.865,1,137
LA-2026-3410,Uttar Pradesh,Agra,Renewable Energy Solar Park,Cabinet Fast-Track,Stage 5: Valuation & Compensation Award,163.12,1117,1181,695.91,382.38,142.25,240.13,0.372,3,0.086,1,104,19,0,19,0,0,0,154,522,102,0.98,82.7,0.349,3,0.731,1,333
LA-2026-3411,Uttar Pradesh,Prayagraj,Rural Road Connectivity (PMGSY),Normal,Stage 2: Section 11 Notification,62.09,211,145,190.4,80.17,1.6,78.57,0.02,17,0.944,7,20,4,0,4,1,0,0,12,160,340,0.98,31.0,0.393,6,0.74,1,105
LA-2026-3412,Odisha,Khurda,Renewable Energy Solar Park,Normal,Stage 5: Valuation & Compensation Award,33.11,185,126,70.03,26.26,17.83,8.43,0.679,9,0.529,4,53,3,0,3,1,1,0,107,390,70,0.98,83.8,0.367,2,0.686,1,214
LA-2026-3413,Madhya Pradesh,Gwalior,High-Speed Rail / DFC,High,Stage 6: Land Possession & Handover,56.77,240,190,202.34,95.63,64.55,31.08,0.675,8,0.615,2,36,2,0,2,1,1,1,100,377,20,0.98,94.0,0.363,4,0.665,1,225
LA-2026-3414,Uttar Pradesh,Noida,National Highway Corridor,High,Stage 3: Section 15 Hearing & Objections,50.13,230,248,111.61,28.2,1.55,26.65,0.055,18,0.581,1,86,0,0,0,1,1,1,90,351,335,0.98,50.2,0.481,2,0.587,1,125
LA-2026-3415,Karnataka,Belagavi,National Highway Corridor,Cabinet Fast-Track,Stage 5: Valuation & Compensation Award,49.76,422,417,175.63,90.4,28.3,62.1,0.313,7,0.389,2,65,5,1,9,1,1,0,163,44,513,0.98,6.9,0.233,1,0.824,1,189
LA-2026-3416,Uttar Pradesh,Lucknow,Renewable Energy Solar Park,Normal,Stage 1: Preliminary Survey & SIA,19.63,114,109,178.97,57.82,7.98,49.84,0.138,7,0.412,5,89,1,0,1,0,1,0,152,128,547,0.98,18.0,0.41,6,0.661,1,174
LA-2026-3417,Rajasthan,Alwar,Urban Metro Transit Extension,High,Stage 5: Valuation & Compensation Award,47.95,275,253,200.16,94.88,51.33,43.55,0.541,14,0.7,6,8,2,0,2,0,0,0,97,393,233,0.98,61.8,0.404,1,0.674,1,180
LA-2026-3418,Odisha,Jajpur,Industrial Smart City Corridor,Normal,Stage 2: Section 11 Notification,13.14,92,63,170.36,71.53,4.86,66.67,0.068,13,0.542,6,13,2,0,2,0,0,0,56,129,530,0.98,18.6,0.374,6,0.533,1,121
LA-2026-3419,Gujarat,Bharuch,Industrial Smart City Corridor,High,Stage 1: Preliminary Survey & SIA,123.82,1076,1153,326.53,171.89,28.53,143.36,0.166,1,0.043,1,26,12,0,12,1,0,0,27,101,131,0.98,42.6,0.257,0,0.714,1,181
LA-2026-3420,Madhya Pradesh,Indore,Major Irrigation & Canal,Critical,Stage 4: Section 19 Declaration,33.65,181,184,99.31,40.23,21.8,18.43,0.542,6,0.222,3,90,1,0,1,0,0,0,124,177,188,0.98,47.5,0.218,4,0.594,1,201
LA-2026-3421,Maharashtra,Nagpur,Major Irrigation & Canal,Normal,Stage 2: Section 11 Notification,234.67,1035,657,514.17,139.18,10.16,129.02,0.073,19,0.826,3,72,16,0,16,0,0,0,123,105,187,0.98,35.0,0.295,2,0.921,1,175
LA-2026-3422,Gujarat,Ahmedabad,Rural Road Connectivity (PMGSY),Normal,Stage 6: Land Possession & Handover,197.64,720,604,766.24,331.37,293.93,37.44,0.887,25,0.735,5,76,5,1,6,0,1,0,18,120,251,0.98,31.4,0.229,2,0.743,1,150
LA-2026-3423,Karnataka,Dharwad,Industrial Smart City Corridor,Critical,Stage 4: Section 19 Declaration,194.69,1201,1209,747.93,218.41,90.86,127.55,0.416,26,0.743,1,32,16,1,17,0,1,0,51,451,-56,0.98,99.0,0.178,3,0.772,1,145
LA-2026-3424,Madhya Pradesh,Ujjain,High-Speed Rail / DFC,Critical,Stage 2: Section 11 Notification,63.5,479,306,224.66,119.07,12.98,106.09,0.109,32,1.0,7,117,4,0,4,0,1,0,22,550,102,0.98,83.4,0.267,1,0.729,1,194
LA-2026-3425,Karnataka,Mangaluru,Rural Road Connectivity (PMGSY),Critical,Stage 1: Preliminary Survey & SIA,157.59,1138,961,199.15,68.81,2.89,65.92,0.042,1,0.033,0,0,17,0,17,0,0,0,21,37,183,0.98,15.8,0.286,5,0.518,1,98
LA-2026-3426,Madhya Pradesh,Gwalior,Major Irrigation & Canal,Critical,Stage 4: Section 19 Declaration,100.54,501,334,323.73,126.65,32.3,94.35,0.255,3,0.12,7,21,8,0,8,0,1,0,151,408,184,0.98,67.9,0.361,2,0.732,1,143
LA-2026-3427,Tamil Nadu,Salem,Urban Metro Transit Extension,High,Stage 2: Section 11 Notification,270.08,1536,1226,951.12,321.6,18.33,303.27,0.057,11,0.458,6,109,12,0,12,0,1,0,83,394,-26,0.98,99.0,0.136,2,0.84,1,146
LA-2026-3428,Madhya Pradesh,Indore,Industrial Smart City Corridor,Normal,Stage 4: Section 19 Declaration,360.1,2407,1675,1244.6,399.38,119.02,280.36,0.298,2,0.091,8,46,41,1,45,0,0,0,62,536,-36,0.98,99.0,0.212,6,0.858,1,152
LA-2026-3429,Odisha,Sambalpur,Major Irrigation & Canal,Critical,Stage 2: Section 11 Notification,88.43,729,466,170.03,59.57,1.85,57.72,0.031,14,0.438,3,57,9,0,9,0,0,0,20,42,559,0.98,6.0,0.312,2,0.553,1,100
LA-2026-3430,Tamil Nadu,Coimbatore,National Highway Corridor,Normal,Stage 5: Valuation & Compensation Award,70.79,289,237,199.52,65.18,32.2,32.98,0.494,2,0.091,4,43,3,0,3,0,0,0,42,124,219,0.98,35.2,0.265,1,0.504,1,95
LA-2026-3431,Rajasthan,Jodhpur,High-Speed Rail / DFC,Cabinet Fast-Track,Stage 5: Valuation & Compensation Award,15.59,101,84,137.12,51.03,27.35,23.68,0.536,4,0.286,2,119,0,0,0,1,1,0,79,76,527,0.98,11.6,0.262,0,0.484,1,91
LA-2026-3432,Uttar Pradesh,Varanasi,Rural Road Connectivity (PMGSY),Cabinet Fast-Track,Stage 3: Section 15 Hearing & Objections,37.49,251,240,151.82,61.94,7.68,54.26,0.124,3,0.188,0,0,4,0,4,1,0,0,153,332,31,0.98,90.5,0.436,1,0.851,1,221
LA-2026-3433,Tamil Nadu,Coimbatore,Renewable Energy Solar Park,High,Stage 2: Section 11 Notification,133.83,464,337,293.45,159.61,0.8,158.81,0.005,19,0.559,6,114,10,1,13,0,0,0,32,63,495,0.98,10.3,0.259,5,0.707,1,129
LA-2026-3434,Odisha,Sundargarh,Renewable Energy Solar Park,Normal,Stage 4: Section 19 Declaration,53.97,384,275,192.56,86.04,35.45,50.59,0.412,18,0.545,7,51,5,0,5,1,0,0,64,581,78,0.98,87.2,0.439,4,0.711,1,130
LA-2026-3435,Gujarat,Vadodara,Industrial Smart City Corridor,Cabinet Fast-Track,Stage 6: Land Possession & Handover,216.66,867,599,688.55,340.74,316.21,24.53,0.928,17,0.81,3,55,15,0,15,0,0,0,165,416,165,0.98,70.6,0.196,2,0.723,1,166
LA-2026-3436,Karnataka,Mangaluru,Major Irrigation & Canal,High,Stage 3: Section 15 Hearing & Objections,245.02,812,550,705.17,309.76,26.33,283.43,0.085,10,0.455,2,42,16,0,16,0,0,0,145,46,498,0.98,7.5,0.297,3,0.679,1,160
LA-2026-3437,Madhya Pradesh,Ujjain,Rural Road Connectivity (PMGSY),High,Stage 4: Section 19 Declaration,220.73,970,766,713.73,319.12,80.42,238.7,0.252,10,0.286,7,31,9,0,9,0,0,0,124,197,129,0.98,59.4,0.271,4,0.961,1,222
LA-2026-3438,Gujarat,Rajkot,National Highway Corridor,Critical,Stage 5: Valuation & Compensation Award,42.96,197,186,182.32,80.68,63.17,17.51,0.783,20,1.0,4,112,1,0,1,0,0,1,71,128,233,0.98,34.5,0.189,0,0.573,1,99
LA-2026-3439,Tamil Nadu,Tiruchirappalli,Urban Metro Transit Extension,Cabinet Fast-Track,Stage 6: Land Possession & Handover,55.94,444,472,235.24,125.49,113.32,12.17,0.903,5,0.208,8,104,5,0,5,0,0,0,141,223,6,0.98,96.4,0.26,3,0.703,1,140
LA-2026-3440,Gujarat,Vadodara,Industrial Smart City Corridor,Critical,Stage 2: Section 11 Notification,44.33,319,260,293.01,105.05,13.03,92.02,0.124,23,0.697,1,66,6,0,6,0,0,0,176,378,53,0.98,86.7,0.166,1,0.798,1,249
LA-2026-3441,Tamil Nadu,Madurai,National Highway Corridor,High,Stage 1: Preliminary Survey & SIA,228.25,1689,1757,436.93,235.72,12.73,222.99,0.054,7,0.241,8,3,23,1,25,0,1,1,35,474,-54,0.98,99.0,0.286,6,0.9,1,149
LA-2026-3442,Karnataka,Dharwad,Major Irrigation & Canal,High,Stage 4: Section 19 Declaration,266.79,1527,1570,817.22,271.98,51.68,220.3,0.19,0,0.0,1,49,26,1,29,1,1,0,50,53,129,0.98,28.1,0.231,4,0.736,1,202
LA-2026-3443,Uttar Pradesh,Noida,High-Speed Rail / DFC,High,Stage 3: Section 15 Hearing & Objections,89.52,337,314,282.57,71.58,8.52,63.06,0.119,13,0.406,1,37,6,0,6,1,1,1,111,154,225,0.98,39.7,0.514,1,0.98,1,254
LA-2026-3444,Uttar Pradesh,Prayagraj,Renewable Energy Solar Park,Cabinet Fast-Track,Stage 2: Section 11 Notification,286.87,1380,861,716.06,260.09,49.42,210.67,0.19,11,0.647,0,0,22,0,22,1,0,0,38,47,324,0.98,11.7,0.352,3,0.607,1,141
LA-2026-3445,Odisha,Angul,Renewable Energy Solar Park,Normal,Stage 6: Land Possession & Handover,7.59,71,46,95.9,27.27,20.45,6.82,0.75,20,0.667,1,59,2,0,2,0,0,0,177,83,102,0.98,43.9,0.49,1,0.647,1,259
LA-2026-3446,Gujarat,Vadodara,Rural Road Connectivity (PMGSY),Critical,Stage 3: Section 15 Hearing & Objections,9.48,41,26,52.61,27.89,2.09,25.8,0.075,24,0.857,7,14,0,0,0,1,0,0,65,161,263,0.98,37.0,0.209,3,0.625,1,114
LA-2026-3447,Tamil Nadu,Salem,Renewable Energy Solar Park,Normal,Stage 3: Section 15 Hearing & Objections,34.03,278,268,89.26,42.32,1.14,41.18,0.027,28,0.824,0,0,4,0,4,1,0,0,24,671,-15,0.98,99.0,0.195,0,0.677,1,123
LA-2026-3448,Tamil Nadu,Kanchipuram,National Highway Corridor,High,Stage 5: Valuation & Compensation Award,85.81,572,616,329.46,147.49,96.31,51.18,0.653,12,0.343,4,80,9,0,9,1,1,1,149,39,673,0.98,4.5,0.368,5,0.662,1,127
LA-2026-3449,Maharashtra,Pune,Industrial Smart City Corridor,High,Stage 6: Land Possession & Handover,111.28,422,293,193.4,103.22,77.83,25.39,0.754,4,0.211,5,23,6,0,6,0,0,0,149,107,344,0.98,22.7,0.316,0,0.591,1,205
LA-2026-3450,Gujarat,Ahmedabad,High-Speed Rail / DFC,Normal,Stage 4: Section 19 Declaration,15.96,139,148,103.9,53.63,19.57,34.06,0.365,23,1.0,4,21,1,0,1,0,1,0,154,508,119,0.98,80.0,0.203,3,0.81,1,224
LA-2026-3451,Maharashtra,Pune,Urban Metro Transit Extension,Normal,Stage 4: Section 19 Declaration,282.28,1014,1050,810.42,316.7,116.86,199.84,0.369,13,0.867,7,101,13,0,13,0,0,0,38,547,89,0.98,85.0,0.316,0,0.732,1,142
LA-2026-3452,Gujarat,Vadodara,National Highway Corridor,Critical,Stage 3: Section 15 Hearing & Objections,18.55,80,68,167.95,45.02,7.02,38.0,0.156,13,0.765,7,29,0,0,0,1,1,0,75,436,263,0.98,61.4,0.183,0,0.698,1,128
LA-2026-3453,Rajasthan,Kota,High-Speed Rail / DFC,Normal,Stage 6: Land Possession & Handover,36.5,276,279,83.81,30.29,27.62,2.67,0.912,9,0.643,8,35,0,0,0,1,0,0,60,214,-22,0.98,99.0,0.223,6,0.375,0,0
LA-2026-3454,Odisha,Khurda,Renewable Energy Solar Park,Critical,Stage 6: Land Possession & Handover,36.13,187,181,217.53,67.61,42.26,25.35,0.625,13,0.619,7,57,3,0,3,0,0,0,150,197,310,0.98,37.9,0.349,3,0.642,1,133
LA-2026-3455,Rajasthan,Udaipur,Major Irrigation & Canal,Normal,Stage 5: Valuation & Compensation Award,52.11,318,291,240.45,124.63,94.34,30.29,0.757,28,0.875,6,34,5,0,5,0,0,0,16,146,41,0.98,77.1,0.269,2,0.678,1,92
LA-2026-3456,Odisha,Khurda,National Highway Corridor,Cabinet Fast-Track,Stage 6: Land Possession & Handover,33.28,190,141,123.87,42.98,38.25,4.73,0.89,28,0.875,3,119,3,0,3,0,0,1,126,201,431,0.98,30.8,0.337,5,0.606,1,202
LA-2026-3457,Karnataka,Mysuru,National Highway Corridor,Critical,Stage 6: Land Possession & Handover,269.92,1661,1255,828.64,368.31,249.71,118.6,0.678,8,0.444,0,0,24,0,24,0,1,0,26,110,162,0.98,39.5,0.247,4,0.709,1,235
LA-2026-3458,Maharashtra,Thane,National Highway Corridor,High,Stage 2: Section 11 Notification,118.74,983,1025,295.66,133.5,7.34,126.16,0.055,1,0.071,7,81,15,0,15,0,0,0,90,235,-13,0.98,99.0,0.432,3,0.945,1,188
LA-2026-3459,Maharashtra,Nashik,Industrial Smart City Corridor,Critical,Stage 2: Section 11 Notification,141.78,1248,787,327.54,94.35,1.7,92.65,0.018,17,0.607,6,24,26,0,26,0,0,0,121,610,20,0.98,95.8,0.269,2,0.844,1,195
LA-2026-3460,Maharashtra,Nashik,Urban Metro Transit Extension,Normal,Stage 2: Section 11 Notification,29.35,191,138,62.24,31.97,5.85,26.12,0.183,21,0.724,8,15,5,0,5,1,0,0,73,112,372,0.98,22.2,0.213,6,0.764,1,226
LA-2026-3461,Tamil Nadu,Madurai,Urban Metro Transit Extension,Cabinet Fast-Track,Stage 6: Land Possession & Handover,99.85,842,762,412.91,194.47,174.05,20.42,0.895,2,0.08,5,16,12,1,16,1,1,0,122,505,86,0.98,84.5,0.239,1,0.738,1,130
LA-2026-3462,Uttar Pradesh,Agra,Major Irrigation & Canal,Critical,Stage 2: Section 11 Notification,22.45,100,99,114.87,41.67,1.71,39.96,0.041,2,0.154,2,85,0,0,0,1,0,0,129,277,-21,0.98,99.0,0.361,2,0.626,1,212
LA-2026-3463,Karnataka,Belagavi,Major Irrigation & Canal,High,Stage 4: Section 19 Declaration,33.5,104,102,54.56,25.43,10.4,15.03,0.409,6,0.273,2,7,1,0,1,0,0,0,44,702,-51,0.98,99.0,0.21,5,0.428,0,0
LA-2026-3464,Gujarat,Bharuch,Industrial Smart City Corridor,Cabinet Fast-Track,Stage 4: Section 19 Declaration,85.1,293,289,142.48,61.15,32.9,28.25,0.538,5,0.185,7,21,7,0,7,1,0,0,138,214,207,0.98,49.9,0.258,2,0.814,1,269
LA-2026-3465,Rajasthan,Jaipur,High-Speed Rail / DFC,Critical,Stage 5: Valuation & Compensation Award,46.16,305,214,173.66,58.56,40.58,17.98,0.693,21,0.875,6,25,2,0,2,0,0,0,138,324,104,0.98,74.7,0.301,4,0.642,1,151
LA-2026-3466,Tamil Nadu,Madurai,High-Speed Rail / DFC,Cabinet Fast-Track,Stage 6: Land Possession & Handover,28.59,140,97,159.02,82.93,57.72,25.21,0.696,22,0.667,2,90,3,0,3,1,0,0,110,193,225,0.98,45.2,0.252,3,0.643,1,124
LA-2026-3467,Madhya Pradesh,Indore,Rural Road Connectivity (PMGSY),High,Stage 6: Land Possession & Handover,5.14,87,66,106.55,52.05,50.8,1.25,0.976,9,0.474,0,0,1,0,1,0,1,0,67,200,234,0.98,45.1,0.219,0,0.469,0,0
LA-2026-3468,Madhya Pradesh,Gwalior,High-Speed Rail / DFC,High,Stage 6: Land Possession & Handover,20.12,155,159,85.36,42.77,32.46,10.31,0.759,8,0.235,1,47,4,0,4,1,0,0,77,89,151,0.98,36.1,0.398,1,0.516,1,138
LA-2026-3469,Madhya Pradesh,Indore,Major Irrigation & Canal,High,Stage 5: Valuation & Compensation Award,43.83,152,140,109.78,37.79,20.9,16.89,0.553,6,0.353,3,46,2,0,2,0,0,0,117,599,121,0.98,82.2,0.205,2,0.629,1,131
LA-2026-3470,Uttar Pradesh,Noida,High-Speed Rail / DFC,Critical,Stage 4: Section 19 Declaration,68.59,488,401,328.29,117.63,27.29,90.34,0.232,14,0.933,5,33,8,0,8,0,0,0,29,73,257,0.98,21.1,0.514,1,0.658,1,258
LA-2026-3471,Uttar Pradesh,Prayagraj,Renewable Energy Solar Park,Critical,Stage 3: Section 15 Hearing & Objections,7.8,74,79,111.52,37.28,1.19,36.09,0.032,3,0.107,5,9,2,0,2,1,0,0,70,417,70,0.98,84.6,0.405,3,0.701,1,179
LA-2026-3472,Tamil Nadu,Salem,Urban Metro Transit Extension,High,Stage 4: Section 19 Declaration,85.61,440,335,428.32,213.18,98.92,114.26,0.464,19,0.633,8,56,5,1,9,0,0,0,55,325,251,0.98,55.4,0.204,4,0.781,1,153
LA-2026-3473,Rajasthan,Kota,Rural Road Connectivity (PMGSY),Normal,Stage 5: Valuation & Compensation Award,221.26,798,492,501.36,252.91,212.44,40.47,0.84,7,0.538,5,103,17,1,20,0,0,0,10,467,-42,0.98,99.0,0.256,1,0.587,1,67
LA-2026-3474,Tamil Nadu,Salem,Renewable Energy Solar Park,High,Stage 5: Valuation & Compensation Award,60.85,410,438,280.18,93.96,41.62,52.34,0.443,26,1.0,8,21,4,0,4,0,0,0,96,54,366,0.98,11.9,0.185,0,0.768,1,245
LA-2026-3475,Uttar Pradesh,Varanasi,Industrial Smart City Corridor,Cabinet Fast-Track,Stage 2: Section 11 Notification,59.03,274,235,293.93,92.17,3.13,89.04,0.034,20,0.69,6,120,3,0,3,1,1,0,132,410,14,0.98,95.7,0.406,6,0.737,1,375
LA-2026-3476,Uttar Pradesh,Noida,Urban Metro Transit Extension,Cabinet Fast-Track,Stage 4: Section 19 Declaration,6.12,46,36,107.18,45.56,13.17,32.39,0.289,3,0.125,0,0,3,0,3,0,0,0,161,460,155,0.98,73.8,0.508,1,0.645,1,340
LA-2026-3477,Rajasthan,Kota,Renewable Energy Solar Park,Normal,Stage 3: Section 15 Hearing & Objections,66.94,297,308,271.85,83.7,6.44,77.26,0.077,19,0.704,0,0,2,0,2,1,1,0,142,62,268,0.98,17.8,0.252,6,0.704,1,221
LA-2026-3478,Tamil Nadu,Salem,National Highway Corridor,Critical,Stage 3: Section 15 Hearing & Objections,150.34,524,499,582.63,238.37,3.81,234.56,0.016,10,0.588,0,0,10,1,12,1,0,0,37,82,107,0.98,42.4,0.189,1,0.872,1,130
LA-2026-3479,Rajasthan,Jodhpur,Renewable Energy Solar Park,Cabinet Fast-Track,Stage 4: Section 19 Declaration,136.79,1061,667,575.01,191.75,104.31,87.44,0.544,3,0.188,2,7,17,0,17,1,0,0,173,262,441,0.98,36.3,0.296,4,0.716,1,268
LA-2026-3480,Tamil Nadu,Coimbatore,Industrial Smart City Corridor,Normal,Stage 1: Preliminary Survey & SIA,142.67,984,833,560.68,233.87,7.72,226.15,0.033,19,0.792,7,64,14,0,14,0,0,0,111,663,-10,0.98,99.0,0.268,2,0.826,1,375
LA-2026-3481,Uttar Pradesh,Noida,Rural Road Connectivity (PMGSY),Critical,Stage 4: Section 19 Declaration,253.21,1277,1223,780.06,338.77,75.55,263.22,0.223,30,0.938,3,107,19,0,19,0,0,0,13,431,12,0.98,96.3,0.518,0,0.91,1,124
LA-2026-3482,Odisha,Sambalpur,Industrial Smart City Corridor,High,Stage 4: Section 19 Declaration,84.66,255,179,157.33,57.55,18.3,39.25,0.318,21,0.955,7,89,4,0,4,0,0,0,126,309,200,0.98,59.7,0.303,5,0.772,1,187
LA-2026-3483,Gujarat,Bharuch,High-Speed Rail / DFC,Normal,Stage 1: Preliminary Survey & SIA,25.34,193,187,42.42,18.08,3.0,15.08,0.166,15,0.5,8,108,2,0,2,0,0,0,132,540,-39,0.98,99.0,0.253,5,0.642,1,117
LA-2026-3484,Uttar Pradesh,Lucknow,Industrial Smart City Corridor,High,Stage 5: Valuation & Compensation Award,77.24,512,518,160.43,72.97,44.73,28.24,0.613,12,1.0,4,104,7,0,7,0,0,0,91,135,324,0.98,28.4,0.38,6,0.817,1,123
LA-2026-3485,Madhya Pradesh,Bhopal,Rural Road Connectivity (PMGSY),High,Stage 4: Section 19 Declaration,46.76,326,331,149.02,39.25,17.98,21.27,0.458,19,0.76,6,54,4,0,4,0,0,0,171,594,-50,0.98,99.0,0.267,2,0.806,1,246
LA-2026-3486,Tamil Nadu,Salem,Major Irrigation & Canal,Normal,Stage 5: Valuation & Compensation Award,55.42,341,210,152.55,81.69,37.58,44.11,0.46,0,0.0,1,64,2,0,2,0,0,0,53,113,401,0.98,21.0,0.207,3,0.343,0,0
LA-2026-3487,Tamil Nadu,Madurai,National Highway Corridor,Normal,Stage 2: Section 11 Notification,108.81,711,588,428.34,138.75,27.33,111.42,0.197,9,0.3,0,0,13,0,13,0,0,0,98,172,141,0.98,54.0,0.302,1,0.782,1,277
LA-2026-3488,Odisha,Sundargarh,Rural Road Connectivity (PMGSY),Critical,Stage 3: Section 15 Hearing & Objections,83.9,527,469,316.03,82.02,11.89,70.13,0.145,21,0.6,0,0,10,0,10,0,0,0,126,270,160,0.98,61.8,0.42,2,0.841,1,255
LA-2026-3489,Odisha,Angul,High-Speed Rail / DFC,Cabinet Fast-Track,Stage 6: Land Possession & Handover,84.36,658,431,245.74,98.75,75.84,22.91,0.768,2,0.143,2,120,6,1,9,0,0,1,94,188,353,0.98,33.8,0.458,5,0.776,1,121
LA-2026-3490,Rajasthan,Kota,Rural Road Connectivity (PMGSY),High,Stage 4: Section 19 Declaration,55.87,470,349,200.41,53.45,10.96,42.49,0.205,8,0.471,6,41,10,0,10,0,0,0,172,633,38,0.98,93.4,0.23,5,0.706,1,143
LA-2026-3491,Maharashtra,Nagpur,National Highway Corridor,High,Stage 3: Section 15 Hearing & Objections,281.48,1457,1544,966.28,332.76,50.58,282.18,0.152,7,0.538,0,0,32,1,35,0,0,0,78,377,332,0.98,52.2,0.311,2,0.908,1,224
LA-2026-3492,Gujarat,Rajkot,Renewable Energy Solar Park,Critical,Stage 1: Preliminary Survey & SIA,27.46,116,83,74.38,38.93,7.32,31.61,0.188,2,0.091,3,86,0,0,0,0,0,0,149,256,251,0.98,49.5,0.135,1,0.477,0,0
LA-2026-3493,Odisha,Sundargarh,Renewable Energy Solar Park,Critical,Stage 6: Land Possession & Handover,27.19,180,169,216.11,91.76,64.97,26.79,0.708,27,0.771,2,2,3,0,3,0,1,0,43,189,63,0.98,74.0,0.401,3,0.689,1,109
LA-2026-3494,Karnataka,Mysuru,Industrial Smart City Corridor,Cabinet Fast-Track,Stage 4: Section 19 Declaration,245.17,2040,1403,860.0,334.52,120.76,213.76,0.361,16,0.593,7,24,36,0,36,0,0,0,163,299,-49,0.98,99.0,0.223,4,0.909,1,304
LA-2026-3495,Karnataka,Mysuru,Urban Metro Transit Extension,Normal,Stage 4: Section 19 Declaration,63.47,517,434,274.21,123.31,24.79,98.52,0.201,2,0.074,6,6,6,0,6,0,0,0,26,343,-59,0.98,99.0,0.248,1,0.651,1,121
LA-2026-3496,Maharashtra,Aurangabad,Rural Road Connectivity (PMGSY),Critical,Stage 4: Section 19 Declaration,25.98,117,115,165.33,46.92,19.99,26.93,0.426,19,0.594,3,53,1,0,1,0,1,0,145,118,350,0.98,24.2,0.293,1,0.65,1,145
LA-2026-3497,Maharashtra,Aurangabad,High-Speed Rail / DFC,Normal,Stage 5: Valuation & Compensation Award,60.64,422,356,156.36,47.93,15.19,32.74,0.317,11,0.846,2,87,7,0,7,1,0,0,148,596,66,0.98,89.1,0.286,5,0.954,1,364
LA-2026-3498,Madhya Pradesh,Gwalior,Major Irrigation & Canal,Cabinet Fast-Track,Stage 2: Section 11 Notification,26.82,126,94,170.42,67.53,4.79,62.74,0.071,14,0.636,6,39,1,0,1,0,0,0,116,466,-41,0.98,99.0,0.361,0,0.742,1,228
LA-2026-3499,Karnataka,Belagavi,Renewable Energy Solar Park,Normal,Stage 4: Section 19 Declaration,40.93,311,188,165.63,58.51,9.95,48.56,0.17,23,1.0,1,13,5,0,5,0,0,0,61,286,232,0.98,54.2,0.253,2,0.761,1,200
LA-2026-3500,Karnataka,Mysuru,Rural Road Connectivity (PMGSY),Normal,Stage 3: Section 15 Hearing & Objections,19.06,181,135,155.11,58.36,7.94,50.42,0.136,2,0.111,3,46,3,0,3,0,0,0,73,128,190,0.98,39.3,0.271,5,0.678,1,109
